mc2024_track2-random_002,378
mc2024_track2-random_003,288
mc2024_track2-random_007,304
mc2024_track2-random_009,1673
mc2024_track2-random_011,104433
mc2024_track2-random_012,1547
mc2024_track2-random_013,7485
mc2024_track2-random_014,2784
mc2024_track2-random_016,929
mc2024_track2-random_022,523
mc2024_track2-random_023,90
mc2024_track2-random_024,78
mc2024_track2-random_025,75
mc2024_track2-random_027,66
mc2024_track2-random_029,63
mc2024_track2-random_030,87
mc2024_track2-random_032,595
mc2024_track2-random_035,760
mc2024_track2-random_036,450
mc2024_track2-random_040,595
mc2024_track2-random_041,120
mc2024_track2-random_047,460
mc2024_track2-random_049,1216
mc2024_track2-random_050,77920
mc2024_track2-random_053,140
mc2024_track2-random_054,120
mc2024_track2-random_055,200
mc2024_track2-random_056,120
mc2024_track2-random_057,120
mc2024_track2-random_058,672
mc2024_track2-random_059,12300
mc2024_track2-random_060,120
mc2024_track2-random_061,140
mc2024_track2-random_062,100
mc2024_track2-random_063,120
mc2024_track2-random_064,1065
mc2024_track2-random_065,924
mc2024_track2-random_066,1065
mc2024_track2-random_067,140
mc2024_track2-random_069,90
mc2024_track2-random_074,404
mc2024_track2-random_076,824
mc2024_track2-random_082,132
mc2024_track2-random_083,108
mc2024_track2-random_084,60
mc2024_track2-random_085,134
mc2024_track2-random_086,74
mc2024_track2-random_087,1440
mc2024_track2-random_090,360
mc2024_track2-random_091,1360
mc2024_track2-random_092,1200
mc2024_track2-random_093,80376
mc2024_track2-random_094,243408
mc2024_track2-random_095,325113
mc2024_track2-random_096,314374
mc2024_track2-random_099,267
mc2024_track2-random_101,225
mc2024_track2-random_110,4131
mc2024_track2-random_111,1843
mc2024_track2-random_113,2687
mc2024_track2-random_114,8169
mc2024_track2-random_115,3045
mc2024_track2-random_116,192958
mc2024_track2-random_118,729
mc2024_track2-random_122,110973
mc2024_track2-random_123,17317
mc2024_track2-random_124,10306
mc2024_track2-random_125,19318
mc2024_track2-random_128,24094
mc2024_track2-random_129,14006
mc2024_track2-random_144,2025
mc2024_track2-random_145,1296
mc2024_track2-random_146,1225
mc2024_track2-random_147,1764
mc2024_track2-random_148,1600
mc2024_track2-random_156,212
mc2024_track2-random_164,6598
mc2024_track2-random_165,1501
mc2024_track2-random_166,15918
mc2024_track2-random_168,1582
mc2024_track2-random_172,63
mc2024_track2-random_174,512
mc2024_track2-random_178,512
mc2024_track2-random_179,33
mc2024_track2-random_180,97
mc2024_track2-random_181,41
mc2024_track2-random_182,320
mc2024_track2-random_183,43
mc2024_track2-random_184,93
mc2024_track2-random_185,48
mc2024_track2-random_186,54870
mc2024_track2-random_187,76947
mc2024_track2-random_188,48920
mc2024_track2-random_189,9688
mc2024_track2-random_190,8053
mc2024_track2-random_191,64528
mc2024_track2-random_192,29216
mc2024_track2-random_193,28813
mc2024_track2-random_194,50267
mc2024_track2-random_195,1000
