mc2024_track2-random_002_100,72.246
mc2024_track2-random_002_101,70.243
mc2024_track2-random_002_102,69.17
mc2024_track2-random_002_103,70.368
mc2024_track2-random_002_104,69.592
mc2024_track2-random_002_200,71.158
mc2024_track2-random_002_201,68.71
mc2024_track2-random_002_202,69.257
mc2024_track2-random_002_203,68.337
mc2024_track2-random_002_204,69.142
mc2024_track2-random_002_300,73.32
mc2024_track2-random_002_301,73.325
mc2024_track2-random_002_302,75.228
mc2024_track2-random_002_303,74.4
mc2024_track2-random_002_304,74.227
mc2024_track2-random_002_400,74.074
mc2024_track2-random_002_401,74.137
mc2024_track2-random_002_402,72.286
mc2024_track2-random_002_403,73.295
mc2024_track2-random_002_404,73.812
mc2024_track2-random_002_500,72.582
mc2024_track2-random_002_501,69.389
mc2024_track2-random_002_502,72.58
mc2024_track2-random_002_503,69.501
mc2024_track2-random_002_504,71.714
mc2024_track2-random_003_100,10.024
mc2024_track2-random_003_101,10.053
mc2024_track2-random_003_102,10.001
mc2024_track2-random_003_103,9.944
mc2024_track2-random_003_104,9.995
mc2024_track2-random_003_200,10.04
mc2024_track2-random_003_201,10.091
mc2024_track2-random_003_202,10.077
mc2024_track2-random_003_203,10.012
mc2024_track2-random_003_204,10.005
mc2024_track2-random_003_300,10.901
mc2024_track2-random_003_301,10.925
mc2024_track2-random_003_302,11.421
mc2024_track2-random_003_303,11.109
mc2024_track2-random_003_304,11.124
mc2024_track2-random_003_400,11.348
mc2024_track2-random_003_401,11.043
mc2024_track2-random_003_402,11.137
mc2024_track2-random_003_403,11.158
mc2024_track2-random_003_404,11.218
mc2024_track2-random_003_500,10.517
mc2024_track2-random_003_501,10.697
mc2024_track2-random_003_502,10.479
mc2024_track2-random_003_503,10.439
mc2024_track2-random_003_504,10.302
mc2024_track2-random_007_100,286.26
mc2024_track2-random_007_101,287.675
mc2024_track2-random_007_102,286.759
mc2024_track2-random_007_103,286.854
mc2024_track2-random_007_104,287.348
mc2024_track2-random_007_200,287.057
mc2024_track2-random_007_201,288.968
mc2024_track2-random_007_202,283.114
mc2024_track2-random_007_203,283.899
mc2024_track2-random_007_204,286.96
mc2024_track2-random_007_300,317.003
mc2024_track2-random_007_301,313.238
mc2024_track2-random_007_302,318.948
mc2024_track2-random_007_303,317.676
mc2024_track2-random_007_304,318.615
mc2024_track2-random_007_400,316.309
mc2024_track2-random_007_401,315.561
mc2024_track2-random_007_402,309.971
mc2024_track2-random_007_403,313.648
mc2024_track2-random_007_404,316.871
mc2024_track2-random_007_500,297.358
mc2024_track2-random_007_501,300.005
mc2024_track2-random_007_502,296.483
mc2024_track2-random_007_503,297.036
mc2024_track2-random_007_504,293.963
mc2024_track2-random_009_100,14.315
mc2024_track2-random_009_101,14.286
mc2024_track2-random_009_102,14.268
mc2024_track2-random_009_103,14.419
mc2024_track2-random_009_104,14.414
mc2024_track2-random_009_200,14.448
mc2024_track2-random_009_201,14.336
mc2024_track2-random_009_202,14.205
mc2024_track2-random_009_203,14.249
mc2024_track2-random_009_204,14.406
mc2024_track2-random_009_300,16.16
mc2024_track2-random_009_301,16.06
mc2024_track2-random_009_302,15.944
mc2024_track2-random_009_303,15.797
mc2024_track2-random_009_304,15.911
mc2024_track2-random_009_400,15.848
mc2024_track2-random_009_401,16.55
mc2024_track2-random_009_402,15.947
mc2024_track2-random_009_403,16.238
mc2024_track2-random_009_404,15.924
mc2024_track2-random_009_500,15.146
mc2024_track2-random_009_501,15.815
mc2024_track2-random_009_502,15.242
mc2024_track2-random_009_503,15.289
mc2024_track2-random_009_504,15.223
mc2024_track2-random_011_100,4.331
mc2024_track2-random_011_101,4.333
mc2024_track2-random_011_102,4.461
mc2024_track2-random_011_103,4.323
mc2024_track2-random_011_104,4.31
mc2024_track2-random_011_200,4.407
mc2024_track2-random_011_201,4.377
mc2024_track2-random_011_202,4.368
mc2024_track2-random_011_203,4.436
mc2024_track2-random_011_204,4.376
mc2024_track2-random_011_300,4.796
mc2024_track2-random_011_301,4.801
mc2024_track2-random_011_302,4.827
mc2024_track2-random_011_303,4.884
mc2024_track2-random_011_304,4.821
mc2024_track2-random_011_400,4.826
mc2024_track2-random_011_401,4.91
mc2024_track2-random_011_402,4.896
mc2024_track2-random_011_403,4.904
mc2024_track2-random_011_404,4.918
mc2024_track2-random_011_500,4.478
mc2024_track2-random_011_501,4.489
mc2024_track2-random_011_502,4.509
mc2024_track2-random_011_503,4.497
mc2024_track2-random_011_504,4.67
mc2024_track2-random_012_100,40.992
mc2024_track2-random_012_101,40.161
mc2024_track2-random_012_102,40.291
mc2024_track2-random_012_103,40.08
mc2024_track2-random_012_104,40.474
mc2024_track2-random_012_200,40.024
mc2024_track2-random_012_201,40.349
mc2024_track2-random_012_202,40.537
mc2024_track2-random_012_203,40.039
mc2024_track2-random_012_204,40.357
mc2024_track2-random_012_300,44.135
mc2024_track2-random_012_301,44.39
mc2024_track2-random_012_302,44.937
mc2024_track2-random_012_303,43.722
mc2024_track2-random_012_304,44.192
mc2024_track2-random_012_400,43.897
mc2024_track2-random_012_401,44.952
mc2024_track2-random_012_402,44.284
mc2024_track2-random_012_403,44.495
mc2024_track2-random_012_404,44.023
mc2024_track2-random_012_500,43.191
mc2024_track2-random_012_501,42.342
mc2024_track2-random_012_502,42.968
mc2024_track2-random_012_503,43.23
mc2024_track2-random_012_504,42.857
mc2024_track2-random_013_100,4.188
mc2024_track2-random_013_101,4.174
mc2024_track2-random_013_102,4.168
mc2024_track2-random_013_103,4.171
mc2024_track2-random_013_104,4.166
mc2024_track2-random_013_200,4.17
mc2024_track2-random_013_201,4.152
mc2024_track2-random_013_202,4.155
mc2024_track2-random_013_203,4.165
mc2024_track2-random_013_204,4.147
mc2024_track2-random_013_300,4.577
mc2024_track2-random_013_301,4.57
mc2024_track2-random_013_302,4.55
mc2024_track2-random_013_303,4.548
mc2024_track2-random_013_304,4.582
mc2024_track2-random_013_400,4.628
mc2024_track2-random_013_401,4.546
mc2024_track2-random_013_402,4.569
mc2024_track2-random_013_403,4.581
mc2024_track2-random_013_404,4.568
mc2024_track2-random_013_500,4.323
mc2024_track2-random_013_501,4.466
mc2024_track2-random_013_502,4.464
mc2024_track2-random_013_503,4.379
mc2024_track2-random_013_504,4.332
mc2024_track2-random_014_100,0.521
mc2024_track2-random_014_101,0.521
mc2024_track2-random_014_102,0.53
mc2024_track2-random_014_103,0.519
mc2024_track2-random_014_104,0.525
mc2024_track2-random_014_200,0.528
mc2024_track2-random_014_201,0.527
mc2024_track2-random_014_202,0.536
mc2024_track2-random_014_203,0.523
mc2024_track2-random_014_204,0.529
mc2024_track2-random_014_300,0.573
mc2024_track2-random_014_301,0.577
mc2024_track2-random_014_302,0.596
mc2024_track2-random_014_303,0.582
mc2024_track2-random_014_304,0.594
mc2024_track2-random_014_400,0.593
mc2024_track2-random_014_401,0.586
mc2024_track2-random_014_402,0.574
mc2024_track2-random_014_403,0.595
mc2024_track2-random_014_404,0.586
mc2024_track2-random_014_500,0.559
mc2024_track2-random_014_501,0.566
mc2024_track2-random_014_502,0.572
mc2024_track2-random_014_503,0.556
mc2024_track2-random_014_504,0.555
mc2024_track2-random_016_100,8.767
mc2024_track2-random_016_101,8.788
mc2024_track2-random_016_102,8.781
mc2024_track2-random_016_103,8.77
mc2024_track2-random_016_104,8.751
mc2024_track2-random_016_200,8.749
mc2024_track2-random_016_201,8.753
mc2024_track2-random_016_202,8.806
mc2024_track2-random_016_203,8.761
mc2024_track2-random_016_204,8.767
mc2024_track2-random_016_300,9.721
mc2024_track2-random_016_301,9.726
mc2024_track2-random_016_302,9.859
mc2024_track2-random_016_303,9.689
mc2024_track2-random_016_304,9.726
mc2024_track2-random_016_400,9.673
mc2024_track2-random_016_401,9.642
mc2024_track2-random_016_402,9.76
mc2024_track2-random_016_403,9.712
mc2024_track2-random_016_404,9.753
mc2024_track2-random_016_500,9.253
mc2024_track2-random_016_501,9.45
mc2024_track2-random_016_502,9.319
mc2024_track2-random_016_503,9.743
mc2024_track2-random_016_504,9.339
mc2024_track2-random_022_100,0.003
mc2024_track2-random_022_101,0.003
mc2024_track2-random_022_102,0.003
mc2024_track2-random_022_103,0.003
mc2024_track2-random_022_104,0.003
mc2024_track2-random_022_200,0.003
mc2024_track2-random_022_201,0.003
mc2024_track2-random_022_202,0.003
mc2024_track2-random_022_203,0.003
mc2024_track2-random_022_204,0.003
mc2024_track2-random_022_300,0.003
mc2024_track2-random_022_301,0.003
mc2024_track2-random_022_302,0.003
mc2024_track2-random_022_303,0.003
mc2024_track2-random_022_304,0.003
mc2024_track2-random_022_400,0.003
mc2024_track2-random_022_401,0.003
mc2024_track2-random_022_402,0.003
mc2024_track2-random_022_403,0.003
mc2024_track2-random_022_404,0.003
mc2024_track2-random_022_500,0.003
mc2024_track2-random_022_501,0.003
mc2024_track2-random_022_502,0.003
mc2024_track2-random_022_503,0.003
mc2024_track2-random_022_504,0.003
mc2024_track2-random_023_300,686.474
mc2024_track2-random_023_301,699.667
mc2024_track2-random_023_302,702.929
mc2024_track2-random_023_303,705.886
mc2024_track2-random_023_304,695.441
mc2024_track2-random_023_400,727.472
mc2024_track2-random_023_401,721.873
mc2024_track2-random_023_402,726.566
mc2024_track2-random_023_403,729.056
mc2024_track2-random_023_404,731.405
mc2024_track2-random_023_500,703.262
mc2024_track2-random_023_501,736.09
mc2024_track2-random_023_502,744.288
mc2024_track2-random_023_503,740.661
mc2024_track2-random_023_504,729.152
mc2024_track2-random_024_100,27.308
mc2024_track2-random_024_101,27.293
mc2024_track2-random_024_102,27.353
mc2024_track2-random_024_103,27.195
mc2024_track2-random_024_104,27.238
mc2024_track2-random_024_200,27.11
mc2024_track2-random_024_201,27.074
mc2024_track2-random_024_202,27.112
mc2024_track2-random_024_203,27.16
mc2024_track2-random_024_204,27.18
mc2024_track2-random_024_300,29.612
mc2024_track2-random_024_301,29.713
mc2024_track2-random_024_302,29.851
mc2024_track2-random_024_303,29.908
mc2024_track2-random_024_304,29.7
mc2024_track2-random_024_400,29.335
mc2024_track2-random_024_401,29.403
mc2024_track2-random_024_402,29.377
mc2024_track2-random_024_403,29.164
mc2024_track2-random_024_404,29.377
mc2024_track2-random_024_500,27.984
mc2024_track2-random_024_501,28.731
mc2024_track2-random_024_502,29.104
mc2024_track2-random_024_503,27.801
mc2024_track2-random_024_504,28.886
mc2024_track2-random_025_100,21.09
mc2024_track2-random_025_101,20.93
mc2024_track2-random_025_102,20.93
mc2024_track2-random_025_103,20.902
mc2024_track2-random_025_104,20.897
mc2024_track2-random_025_200,20.91
mc2024_track2-random_025_201,20.892
mc2024_track2-random_025_202,20.839
mc2024_track2-random_025_203,20.856
mc2024_track2-random_025_204,20.717
mc2024_track2-random_025_300,22.304
mc2024_track2-random_025_301,22.912
mc2024_track2-random_025_302,22.701
mc2024_track2-random_025_303,22.662
mc2024_track2-random_025_304,22.961
mc2024_track2-random_025_400,22.798
mc2024_track2-random_025_401,22.927
mc2024_track2-random_025_402,22.662
mc2024_track2-random_025_403,22.371
mc2024_track2-random_025_404,22.698
mc2024_track2-random_025_500,21.652
mc2024_track2-random_025_501,21.924
mc2024_track2-random_025_502,21.781
mc2024_track2-random_025_503,21.444
mc2024_track2-random_025_504,21.69
mc2024_track2-random_027_100,2.899
mc2024_track2-random_027_101,2.888
mc2024_track2-random_027_102,2.897
mc2024_track2-random_027_103,2.896
mc2024_track2-random_027_104,2.903
mc2024_track2-random_027_200,2.886
mc2024_track2-random_027_201,2.891
mc2024_track2-random_027_202,2.877
mc2024_track2-random_027_203,2.892
mc2024_track2-random_027_204,2.92
mc2024_track2-random_027_300,3.161
mc2024_track2-random_027_301,3.176
mc2024_track2-random_027_302,3.193
mc2024_track2-random_027_303,3.161
mc2024_track2-random_027_304,3.219
mc2024_track2-random_027_400,3.202
mc2024_track2-random_027_401,3.163
mc2024_track2-random_027_402,3.174
mc2024_track2-random_027_403,3.137
mc2024_track2-random_027_404,3.111
mc2024_track2-random_027_500,2.98
mc2024_track2-random_027_501,2.997
mc2024_track2-random_027_502,3.04
mc2024_track2-random_027_503,3.028
mc2024_track2-random_027_504,3.011
mc2024_track2-random_029_100,1.411
mc2024_track2-random_029_101,1.432
mc2024_track2-random_029_102,1.424
mc2024_track2-random_029_103,1.396
mc2024_track2-random_029_104,1.418
mc2024_track2-random_029_200,1.389
mc2024_track2-random_029_201,1.389
mc2024_track2-random_029_202,1.391
mc2024_track2-random_029_203,1.388
mc2024_track2-random_029_204,1.384
mc2024_track2-random_029_300,1.513
mc2024_track2-random_029_301,1.513
mc2024_track2-random_029_302,1.535
mc2024_track2-random_029_303,1.532
mc2024_track2-random_029_304,1.534
mc2024_track2-random_029_400,1.523
mc2024_track2-random_029_401,1.52
mc2024_track2-random_029_402,1.499
mc2024_track2-random_029_403,1.517
mc2024_track2-random_029_404,1.528
mc2024_track2-random_029_500,1.449
mc2024_track2-random_029_501,1.435
mc2024_track2-random_029_502,1.49
mc2024_track2-random_029_503,1.413
mc2024_track2-random_029_504,1.404
mc2024_track2-random_030_100,74.487
mc2024_track2-random_030_101,74.078
mc2024_track2-random_030_102,73.803
mc2024_track2-random_030_103,74.125
mc2024_track2-random_030_104,75.031
mc2024_track2-random_030_200,73.391
mc2024_track2-random_030_201,73.683
mc2024_track2-random_030_202,73.02
mc2024_track2-random_030_203,72.578
mc2024_track2-random_030_204,72.701
mc2024_track2-random_030_300,79.521
mc2024_track2-random_030_301,79.801
mc2024_track2-random_030_302,80.316
mc2024_track2-random_030_303,79.501
mc2024_track2-random_030_304,80.906
mc2024_track2-random_030_400,79.576
mc2024_track2-random_030_401,79.47
mc2024_track2-random_030_402,80.194
mc2024_track2-random_030_403,79.368
mc2024_track2-random_030_404,80.598
mc2024_track2-random_030_500,76.151
mc2024_track2-random_030_501,77.462
mc2024_track2-random_030_502,77.591
mc2024_track2-random_030_503,76.588
mc2024_track2-random_030_504,77.322
mc2024_track2-random_032_100,0.0
mc2024_track2-random_032_101,0.0
mc2024_track2-random_032_102,0.0
mc2024_track2-random_032_103,0.0
mc2024_track2-random_032_104,0.0
mc2024_track2-random_032_200,0.0
mc2024_track2-random_032_201,0.0
mc2024_track2-random_032_202,0.0
mc2024_track2-random_032_203,0.0
mc2024_track2-random_032_204,0.0
mc2024_track2-random_032_300,0.0
mc2024_track2-random_032_301,0.0
mc2024_track2-random_032_302,0.0
mc2024_track2-random_032_303,0.0
mc2024_track2-random_032_304,0.0
mc2024_track2-random_032_400,0.0
mc2024_track2-random_032_401,0.0
mc2024_track2-random_032_402,0.0
mc2024_track2-random_032_403,0.0
mc2024_track2-random_032_404,0.0
mc2024_track2-random_032_500,0.0
mc2024_track2-random_032_501,0.0
mc2024_track2-random_032_502,0.0
mc2024_track2-random_032_503,0.0
mc2024_track2-random_032_504,0.0
mc2024_track2-random_035_100,0.0
mc2024_track2-random_035_101,0.0
mc2024_track2-random_035_102,0.0
mc2024_track2-random_035_103,0.0
mc2024_track2-random_035_104,0.0
mc2024_track2-random_035_200,0.0
mc2024_track2-random_035_201,0.0
mc2024_track2-random_035_202,0.0
mc2024_track2-random_035_203,0.0
mc2024_track2-random_035_204,0.0
mc2024_track2-random_035_300,0.0
mc2024_track2-random_035_301,0.0
mc2024_track2-random_035_302,0.0
mc2024_track2-random_035_303,0.0
mc2024_track2-random_035_304,0.0
mc2024_track2-random_035_400,0.0
mc2024_track2-random_035_401,0.0
mc2024_track2-random_035_402,0.0
mc2024_track2-random_035_403,0.0
mc2024_track2-random_035_404,0.0
mc2024_track2-random_035_500,0.0
mc2024_track2-random_035_501,0.0
mc2024_track2-random_035_502,0.0
mc2024_track2-random_035_503,0.0
mc2024_track2-random_035_504,0.0
mc2024_track2-random_036_100,179.634
mc2024_track2-random_036_101,178.093
mc2024_track2-random_036_102,178.762
mc2024_track2-random_036_103,179.388
mc2024_track2-random_036_104,178.673
mc2024_track2-random_036_200,175.755
mc2024_track2-random_036_201,179.03
mc2024_track2-random_036_202,178.727
mc2024_track2-random_036_203,178.076
mc2024_track2-random_036_204,177.612
mc2024_track2-random_036_300,195.114
mc2024_track2-random_036_301,198.058
mc2024_track2-random_036_302,197.201
mc2024_track2-random_036_303,194.775
mc2024_track2-random_036_304,199.388
mc2024_track2-random_036_400,195.52
mc2024_track2-random_036_401,195.792
mc2024_track2-random_036_402,196.225
mc2024_track2-random_036_403,195.747
mc2024_track2-random_036_404,194.848
mc2024_track2-random_036_500,187.66
mc2024_track2-random_036_501,190.153
mc2024_track2-random_036_502,191.846
mc2024_track2-random_036_503,189.313
mc2024_track2-random_036_504,185.852
mc2024_track2-random_040_100,0.0
mc2024_track2-random_040_101,0.0
mc2024_track2-random_040_102,0.0
mc2024_track2-random_040_103,0.0
mc2024_track2-random_040_104,0.0
mc2024_track2-random_040_200,0.0
mc2024_track2-random_040_201,0.0
mc2024_track2-random_040_202,0.0
mc2024_track2-random_040_203,0.0
mc2024_track2-random_040_204,0.0
mc2024_track2-random_040_300,0.0
mc2024_track2-random_040_301,0.0
mc2024_track2-random_040_302,0.0
mc2024_track2-random_040_303,0.0
mc2024_track2-random_040_304,0.0
mc2024_track2-random_040_400,0.0
mc2024_track2-random_040_401,0.0
mc2024_track2-random_040_402,0.0
mc2024_track2-random_040_403,0.0
mc2024_track2-random_040_404,0.0
mc2024_track2-random_040_500,0.0
mc2024_track2-random_040_501,0.0
mc2024_track2-random_040_502,0.0
mc2024_track2-random_040_503,0.0
mc2024_track2-random_040_504,0.0
mc2024_track2-random_041_100,73.175
mc2024_track2-random_041_101,73.545
mc2024_track2-random_041_102,72.691
mc2024_track2-random_041_103,72.601
mc2024_track2-random_041_104,72.744
mc2024_track2-random_041_200,72.955
mc2024_track2-random_041_201,73.384
mc2024_track2-random_041_202,73.834
mc2024_track2-random_041_203,73.353
mc2024_track2-random_041_204,72.876
mc2024_track2-random_041_300,79.205
mc2024_track2-random_041_301,79.16
mc2024_track2-random_041_302,80.262
mc2024_track2-random_041_303,79.631
mc2024_track2-random_041_304,80.487
mc2024_track2-random_041_400,80.419
mc2024_track2-random_041_401,80.412
mc2024_track2-random_041_402,80.511
mc2024_track2-random_041_403,80.228
mc2024_track2-random_041_404,79.526
mc2024_track2-random_041_500,76.756
mc2024_track2-random_041_501,76.372
mc2024_track2-random_041_502,75.801
mc2024_track2-random_041_503,76.842
mc2024_track2-random_041_504,76.153
mc2024_track2-random_047_100,0.005
mc2024_track2-random_047_101,0.005
mc2024_track2-random_047_102,0.005
mc2024_track2-random_047_103,0.005
mc2024_track2-random_047_104,0.005
mc2024_track2-random_047_200,0.006
mc2024_track2-random_047_201,0.005
mc2024_track2-random_047_202,0.006
mc2024_track2-random_047_203,0.005
mc2024_track2-random_047_204,0.005
mc2024_track2-random_047_300,0.006
mc2024_track2-random_047_301,0.006
mc2024_track2-random_047_302,0.006
mc2024_track2-random_047_303,0.006
mc2024_track2-random_047_304,0.006
mc2024_track2-random_047_400,0.006
mc2024_track2-random_047_401,0.006
mc2024_track2-random_047_402,0.006
mc2024_track2-random_047_403,0.006
mc2024_track2-random_047_404,0.006
mc2024_track2-random_047_500,0.006
mc2024_track2-random_047_501,0.006
mc2024_track2-random_047_502,0.006
mc2024_track2-random_047_503,0.005
mc2024_track2-random_047_504,0.006
mc2024_track2-random_049_100,0.119
mc2024_track2-random_049_101,0.12
mc2024_track2-random_049_102,0.119
mc2024_track2-random_049_103,0.121
mc2024_track2-random_049_104,0.119
mc2024_track2-random_049_200,0.119
mc2024_track2-random_049_201,0.119
mc2024_track2-random_049_202,0.119
mc2024_track2-random_049_203,0.119
mc2024_track2-random_049_204,0.12
mc2024_track2-random_049_300,0.133
mc2024_track2-random_049_301,0.132
mc2024_track2-random_049_302,0.132
mc2024_track2-random_049_303,0.132
mc2024_track2-random_049_304,0.131
mc2024_track2-random_049_400,0.138
mc2024_track2-random_049_401,0.135
mc2024_track2-random_049_402,0.131
mc2024_track2-random_049_403,0.132
mc2024_track2-random_049_404,0.131
mc2024_track2-random_049_500,0.128
mc2024_track2-random_049_501,0.127
mc2024_track2-random_049_502,0.128
mc2024_track2-random_049_503,0.128
mc2024_track2-random_049_504,0.126
mc2024_track2-random_050_100,0.066
mc2024_track2-random_050_101,0.067
mc2024_track2-random_050_102,0.066
mc2024_track2-random_050_103,0.067
mc2024_track2-random_050_104,0.066
mc2024_track2-random_050_200,0.082
mc2024_track2-random_050_201,0.081
mc2024_track2-random_050_202,0.081
mc2024_track2-random_050_203,0.081
mc2024_track2-random_050_204,0.081
mc2024_track2-random_050_300,0.089
mc2024_track2-random_050_301,0.088
mc2024_track2-random_050_302,0.089
mc2024_track2-random_050_303,0.091
mc2024_track2-random_050_304,0.089
mc2024_track2-random_050_400,0.088
mc2024_track2-random_050_401,0.093
mc2024_track2-random_050_402,0.088
mc2024_track2-random_050_403,0.093
mc2024_track2-random_050_404,0.088
mc2024_track2-random_050_500,0.084
mc2024_track2-random_050_501,0.085
mc2024_track2-random_050_502,0.086
mc2024_track2-random_050_503,0.085
mc2024_track2-random_050_504,0.087
mc2024_track2-random_053_100,0.008
mc2024_track2-random_053_101,0.008
mc2024_track2-random_053_102,0.008
mc2024_track2-random_053_103,0.008
mc2024_track2-random_053_104,0.008
mc2024_track2-random_053_200,0.008
mc2024_track2-random_053_201,0.008
mc2024_track2-random_053_202,0.008
mc2024_track2-random_053_203,0.008
mc2024_track2-random_053_204,0.008
mc2024_track2-random_053_300,0.009
mc2024_track2-random_053_301,0.009
mc2024_track2-random_053_302,0.009
mc2024_track2-random_053_303,0.009
mc2024_track2-random_053_304,0.009
mc2024_track2-random_053_400,0.009
mc2024_track2-random_053_401,0.009
mc2024_track2-random_053_402,0.009
mc2024_track2-random_053_403,0.009
mc2024_track2-random_053_404,0.009
mc2024_track2-random_053_500,0.008
mc2024_track2-random_053_501,0.008
mc2024_track2-random_053_502,0.009
mc2024_track2-random_053_503,0.008
mc2024_track2-random_053_504,0.008
mc2024_track2-random_054_100,0.0
mc2024_track2-random_054_101,0.0
mc2024_track2-random_054_102,0.0
mc2024_track2-random_054_103,0.0
mc2024_track2-random_054_104,0.0
mc2024_track2-random_054_200,0.0
mc2024_track2-random_054_201,0.0
mc2024_track2-random_054_202,0.0
mc2024_track2-random_054_203,0.0
mc2024_track2-random_054_204,0.0
mc2024_track2-random_054_300,0.0
mc2024_track2-random_054_301,0.0
mc2024_track2-random_054_302,0.0
mc2024_track2-random_054_303,0.0
mc2024_track2-random_054_304,0.0
mc2024_track2-random_054_400,0.0
mc2024_track2-random_054_401,0.0
mc2024_track2-random_054_402,0.0
mc2024_track2-random_054_403,0.0
mc2024_track2-random_054_404,0.0
mc2024_track2-random_054_500,0.0
mc2024_track2-random_054_501,0.0
mc2024_track2-random_054_502,0.0
mc2024_track2-random_054_503,0.0
mc2024_track2-random_054_504,0.0
mc2024_track2-random_055_100,0.001
mc2024_track2-random_055_101,0.001
mc2024_track2-random_055_102,0.001
mc2024_track2-random_055_103,0.001
mc2024_track2-random_055_104,0.001
mc2024_track2-random_055_200,0.001
mc2024_track2-random_055_201,0.001
mc2024_track2-random_055_202,0.001
mc2024_track2-random_055_203,0.001
mc2024_track2-random_055_204,0.001
mc2024_track2-random_055_300,0.001
mc2024_track2-random_055_301,0.001
mc2024_track2-random_055_302,0.001
mc2024_track2-random_055_303,0.001
mc2024_track2-random_055_304,0.001
mc2024_track2-random_055_400,0.001
mc2024_track2-random_055_401,0.001
mc2024_track2-random_055_402,0.001
mc2024_track2-random_055_403,0.001
mc2024_track2-random_055_404,0.001
mc2024_track2-random_055_500,0.001
mc2024_track2-random_055_501,0.001
mc2024_track2-random_055_502,0.001
mc2024_track2-random_055_503,0.001
mc2024_track2-random_055_504,0.001
mc2024_track2-random_056_100,0.004
mc2024_track2-random_056_101,0.004
mc2024_track2-random_056_102,0.004
mc2024_track2-random_056_103,0.004
mc2024_track2-random_056_104,0.004
mc2024_track2-random_056_200,0.004
mc2024_track2-random_056_201,0.004
mc2024_track2-random_056_202,0.004
mc2024_track2-random_056_203,0.004
mc2024_track2-random_056_204,0.004
mc2024_track2-random_056_300,0.004
mc2024_track2-random_056_301,0.004
mc2024_track2-random_056_302,0.004
mc2024_track2-random_056_303,0.004
mc2024_track2-random_056_304,0.004
mc2024_track2-random_056_400,0.004
mc2024_track2-random_056_401,0.004
mc2024_track2-random_056_402,0.004
mc2024_track2-random_056_403,0.004
mc2024_track2-random_056_404,0.004
mc2024_track2-random_056_500,0.004
mc2024_track2-random_056_501,0.004
mc2024_track2-random_056_502,0.004
mc2024_track2-random_056_503,0.004
mc2024_track2-random_056_504,0.004
mc2024_track2-random_057_100,0.0
mc2024_track2-random_057_101,0.0
mc2024_track2-random_057_102,0.0
mc2024_track2-random_057_103,0.0
mc2024_track2-random_057_104,0.0
mc2024_track2-random_057_200,0.0
mc2024_track2-random_057_201,0.0
mc2024_track2-random_057_202,0.0
mc2024_track2-random_057_203,0.0
mc2024_track2-random_057_204,0.0
mc2024_track2-random_057_300,0.0
mc2024_track2-random_057_301,0.0
mc2024_track2-random_057_302,0.0
mc2024_track2-random_057_303,0.0
mc2024_track2-random_057_304,0.0
mc2024_track2-random_057_400,0.0
mc2024_track2-random_057_401,0.0
mc2024_track2-random_057_402,0.0
mc2024_track2-random_057_403,0.0
mc2024_track2-random_057_404,0.0
mc2024_track2-random_057_500,0.0
mc2024_track2-random_057_501,0.0
mc2024_track2-random_057_502,0.0
mc2024_track2-random_057_503,0.0
mc2024_track2-random_057_504,0.0
mc2024_track2-random_058_100,0.007
mc2024_track2-random_058_101,0.007
mc2024_track2-random_058_102,0.007
mc2024_track2-random_058_103,0.007
mc2024_track2-random_058_104,0.007
mc2024_track2-random_058_200,0.007
mc2024_track2-random_058_201,0.007
mc2024_track2-random_058_202,0.007
mc2024_track2-random_058_203,0.007
mc2024_track2-random_058_204,0.007
mc2024_track2-random_058_300,0.007
mc2024_track2-random_058_301,0.007
mc2024_track2-random_058_302,0.007
mc2024_track2-random_058_303,0.008
mc2024_track2-random_058_304,0.008
mc2024_track2-random_058_400,0.008
mc2024_track2-random_058_401,0.008
mc2024_track2-random_058_402,0.008
mc2024_track2-random_058_403,0.007
mc2024_track2-random_058_404,0.007
mc2024_track2-random_058_500,0.007
mc2024_track2-random_058_501,0.007
mc2024_track2-random_058_502,0.007
mc2024_track2-random_058_503,0.007
mc2024_track2-random_058_504,0.007
mc2024_track2-random_059_100,4.783
mc2024_track2-random_059_101,4.875
mc2024_track2-random_059_102,4.768
mc2024_track2-random_059_103,4.761
mc2024_track2-random_059_104,4.788
mc2024_track2-random_059_200,4.788
mc2024_track2-random_059_201,4.775
mc2024_track2-random_059_202,4.86
mc2024_track2-random_059_203,4.75
mc2024_track2-random_059_204,4.789
mc2024_track2-random_059_300,5.224
mc2024_track2-random_059_301,5.214
mc2024_track2-random_059_302,5.233
mc2024_track2-random_059_303,5.224
mc2024_track2-random_059_304,5.236
mc2024_track2-random_059_400,5.28
mc2024_track2-random_059_401,5.309
mc2024_track2-random_059_402,5.256
mc2024_track2-random_059_403,5.198
mc2024_track2-random_059_404,5.179
mc2024_track2-random_059_500,4.951
mc2024_track2-random_059_501,4.922
mc2024_track2-random_059_502,4.989
mc2024_track2-random_059_503,5.069
mc2024_track2-random_059_504,5.061
mc2024_track2-random_060_100,0.596
mc2024_track2-random_060_101,0.591
mc2024_track2-random_060_102,0.581
mc2024_track2-random_060_103,0.597
mc2024_track2-random_060_104,0.594
mc2024_track2-random_060_200,0.591
mc2024_track2-random_060_201,0.589
mc2024_track2-random_060_202,0.586
mc2024_track2-random_060_203,0.592
mc2024_track2-random_060_204,0.59
mc2024_track2-random_060_300,0.642
mc2024_track2-random_060_301,0.647
mc2024_track2-random_060_302,0.657
mc2024_track2-random_060_303,0.65
mc2024_track2-random_060_304,0.65
mc2024_track2-random_060_400,0.639
mc2024_track2-random_060_401,0.643
mc2024_track2-random_060_402,0.646
mc2024_track2-random_060_403,0.655
mc2024_track2-random_060_404,0.636
mc2024_track2-random_060_500,0.627
mc2024_track2-random_060_501,0.638
mc2024_track2-random_060_502,0.632
mc2024_track2-random_060_503,0.628
mc2024_track2-random_060_504,0.618
mc2024_track2-random_061_100,0.134
mc2024_track2-random_061_101,0.135
mc2024_track2-random_061_102,0.136
mc2024_track2-random_061_103,0.135
mc2024_track2-random_061_104,0.135
mc2024_track2-random_061_200,0.135
mc2024_track2-random_061_201,0.14
mc2024_track2-random_061_202,0.135
mc2024_track2-random_061_203,0.136
mc2024_track2-random_061_204,0.135
mc2024_track2-random_061_300,0.149
mc2024_track2-random_061_301,0.15
mc2024_track2-random_061_302,0.15
mc2024_track2-random_061_303,0.151
mc2024_track2-random_061_304,0.15
mc2024_track2-random_061_400,0.15
mc2024_track2-random_061_401,0.151
mc2024_track2-random_061_402,0.151
mc2024_track2-random_061_403,0.149
mc2024_track2-random_061_404,0.148
mc2024_track2-random_061_500,0.14
mc2024_track2-random_061_501,0.143
mc2024_track2-random_061_502,0.141
mc2024_track2-random_061_503,0.14
mc2024_track2-random_061_504,0.141
mc2024_track2-random_062_100,0.0
mc2024_track2-random_062_101,0.0
mc2024_track2-random_062_102,0.0
mc2024_track2-random_062_103,0.0
mc2024_track2-random_062_104,0.0
mc2024_track2-random_062_200,0.0
mc2024_track2-random_062_201,0.0
mc2024_track2-random_062_202,0.0
mc2024_track2-random_062_203,0.0
mc2024_track2-random_062_204,0.0
mc2024_track2-random_062_300,0.0
mc2024_track2-random_062_301,0.0
mc2024_track2-random_062_302,0.0
mc2024_track2-random_062_303,0.0
mc2024_track2-random_062_304,0.0
mc2024_track2-random_062_400,0.0
mc2024_track2-random_062_401,0.0
mc2024_track2-random_062_402,0.0
mc2024_track2-random_062_403,0.0
mc2024_track2-random_062_404,0.0
mc2024_track2-random_062_500,0.0
mc2024_track2-random_062_501,0.0
mc2024_track2-random_062_502,0.0
mc2024_track2-random_062_503,0.0
mc2024_track2-random_062_504,0.0
mc2024_track2-random_063_100,0.0
mc2024_track2-random_063_101,0.0
mc2024_track2-random_063_102,0.0
mc2024_track2-random_063_103,0.0
mc2024_track2-random_063_104,0.0
mc2024_track2-random_063_200,0.0
mc2024_track2-random_063_201,0.0
mc2024_track2-random_063_202,0.0
mc2024_track2-random_063_203,0.0
mc2024_track2-random_063_204,0.0
mc2024_track2-random_063_300,0.0
mc2024_track2-random_063_301,0.0
mc2024_track2-random_063_302,0.0
mc2024_track2-random_063_303,0.0
mc2024_track2-random_063_304,0.0
mc2024_track2-random_063_400,0.0
mc2024_track2-random_063_401,0.0
mc2024_track2-random_063_402,0.0
mc2024_track2-random_063_403,0.0
mc2024_track2-random_063_404,0.0
mc2024_track2-random_063_500,0.0
mc2024_track2-random_063_501,0.0
mc2024_track2-random_063_502,0.0
mc2024_track2-random_063_503,0.0
mc2024_track2-random_063_504,0.0
mc2024_track2-random_064_100,0.113
mc2024_track2-random_064_101,0.113
mc2024_track2-random_064_102,0.114
mc2024_track2-random_064_103,0.113
mc2024_track2-random_064_104,0.113
mc2024_track2-random_064_200,0.117
mc2024_track2-random_064_201,0.114
mc2024_track2-random_064_202,0.115
mc2024_track2-random_064_203,0.114
mc2024_track2-random_064_204,0.114
mc2024_track2-random_064_300,0.124
mc2024_track2-random_064_301,0.125
mc2024_track2-random_064_302,0.125
mc2024_track2-random_064_303,0.125
mc2024_track2-random_064_304,0.128
mc2024_track2-random_064_400,0.127
mc2024_track2-random_064_401,0.125
mc2024_track2-random_064_402,0.125
mc2024_track2-random_064_403,0.124
mc2024_track2-random_064_404,0.127
mc2024_track2-random_064_500,0.119
mc2024_track2-random_064_501,0.122
mc2024_track2-random_064_502,0.12
mc2024_track2-random_064_503,0.118
mc2024_track2-random_064_504,0.122
mc2024_track2-random_065_100,0.066
mc2024_track2-random_065_101,0.066
mc2024_track2-random_065_102,0.066
mc2024_track2-random_065_103,0.066
mc2024_track2-random_065_104,0.065
mc2024_track2-random_065_200,0.067
mc2024_track2-random_065_201,0.066
mc2024_track2-random_065_202,0.067
mc2024_track2-random_065_203,0.066
mc2024_track2-random_065_204,0.066
mc2024_track2-random_065_300,0.073
mc2024_track2-random_065_301,0.073
mc2024_track2-random_065_302,0.073
mc2024_track2-random_065_303,0.071
mc2024_track2-random_065_304,0.074
mc2024_track2-random_065_400,0.073
mc2024_track2-random_065_401,0.073
mc2024_track2-random_065_402,0.074
mc2024_track2-random_065_403,0.073
mc2024_track2-random_065_404,0.072
mc2024_track2-random_065_500,0.069
mc2024_track2-random_065_501,0.071
mc2024_track2-random_065_502,0.071
mc2024_track2-random_065_503,0.068
mc2024_track2-random_065_504,0.069
mc2024_track2-random_066_100,0.025
mc2024_track2-random_066_101,0.025
mc2024_track2-random_066_102,0.025
mc2024_track2-random_066_103,0.025
mc2024_track2-random_066_104,0.025
mc2024_track2-random_066_200,0.025
mc2024_track2-random_066_201,0.025
mc2024_track2-random_066_202,0.027
mc2024_track2-random_066_203,0.025
mc2024_track2-random_066_204,0.026
mc2024_track2-random_066_300,0.028
mc2024_track2-random_066_301,0.028
mc2024_track2-random_066_302,0.028
mc2024_track2-random_066_303,0.029
mc2024_track2-random_066_304,0.028
mc2024_track2-random_066_400,0.028
mc2024_track2-random_066_401,0.028
mc2024_track2-random_066_402,0.028
mc2024_track2-random_066_403,0.028
mc2024_track2-random_066_404,0.028
mc2024_track2-random_066_500,0.028
mc2024_track2-random_066_501,0.028
mc2024_track2-random_066_502,0.027
mc2024_track2-random_066_503,0.028
mc2024_track2-random_066_504,0.027
mc2024_track2-random_067_100,0.029
mc2024_track2-random_067_101,0.03
mc2024_track2-random_067_102,0.029
mc2024_track2-random_067_103,0.03
mc2024_track2-random_067_104,0.029
mc2024_track2-random_067_200,0.03
mc2024_track2-random_067_201,0.03
mc2024_track2-random_067_202,0.031
mc2024_track2-random_067_203,0.029
mc2024_track2-random_067_204,0.03
mc2024_track2-random_067_300,0.032
mc2024_track2-random_067_301,0.032
mc2024_track2-random_067_302,0.033
mc2024_track2-random_067_303,0.033
mc2024_track2-random_067_304,0.032
mc2024_track2-random_067_400,0.032
mc2024_track2-random_067_401,0.032
mc2024_track2-random_067_402,0.032
mc2024_track2-random_067_403,0.033
mc2024_track2-random_067_404,0.032
mc2024_track2-random_067_500,0.031
mc2024_track2-random_067_501,0.031
mc2024_track2-random_067_502,0.031
mc2024_track2-random_067_503,0.031
mc2024_track2-random_067_504,0.031
mc2024_track2-random_069_100,117.143
mc2024_track2-random_069_101,121.498
mc2024_track2-random_069_102,117.679
mc2024_track2-random_069_103,121.36
mc2024_track2-random_069_104,121.948
mc2024_track2-random_069_200,120.699
mc2024_track2-random_069_201,120.706
mc2024_track2-random_069_202,116.567
mc2024_track2-random_069_203,121.294
mc2024_track2-random_069_204,116.978
mc2024_track2-random_069_300,132.976
mc2024_track2-random_069_301,131.508
mc2024_track2-random_069_302,131.726
mc2024_track2-random_069_303,132.098
mc2024_track2-random_069_304,132.825
mc2024_track2-random_069_400,130.478
mc2024_track2-random_069_401,128.125
mc2024_track2-random_069_402,124.876
mc2024_track2-random_069_403,129.598
mc2024_track2-random_069_404,126.179
mc2024_track2-random_069_500,127.992
mc2024_track2-random_069_501,122.276
mc2024_track2-random_069_502,125.084
mc2024_track2-random_069_503,119.727
mc2024_track2-random_069_504,127.33
mc2024_track2-random_074_100,104.838
mc2024_track2-random_074_101,105.013
mc2024_track2-random_074_102,105.75
mc2024_track2-random_074_103,104.89
mc2024_track2-random_074_104,105.68
mc2024_track2-random_074_200,104.725
mc2024_track2-random_074_201,104.58
mc2024_track2-random_074_202,104.473
mc2024_track2-random_074_203,103.882
mc2024_track2-random_074_204,108.418
mc2024_track2-random_074_300,115.048
mc2024_track2-random_074_301,114.146
mc2024_track2-random_074_302,113.845
mc2024_track2-random_074_303,114.009
mc2024_track2-random_074_304,115.055
mc2024_track2-random_074_400,112.35
mc2024_track2-random_074_401,117.88
mc2024_track2-random_074_402,112.739
mc2024_track2-random_074_403,116.019
mc2024_track2-random_074_404,112.211
mc2024_track2-random_074_500,105.983
mc2024_track2-random_074_501,108.774
mc2024_track2-random_074_502,108.129
mc2024_track2-random_074_503,109.513
mc2024_track2-random_074_504,106.799
mc2024_track2-random_076_100,0.003
mc2024_track2-random_076_101,0.003
mc2024_track2-random_076_102,0.003
mc2024_track2-random_076_103,0.003
mc2024_track2-random_076_104,0.003
mc2024_track2-random_076_200,0.003
mc2024_track2-random_076_201,0.003
mc2024_track2-random_076_202,0.003
mc2024_track2-random_076_203,0.003
mc2024_track2-random_076_204,0.003
mc2024_track2-random_076_300,0.003
mc2024_track2-random_076_301,0.003
mc2024_track2-random_076_302,0.003
mc2024_track2-random_076_303,0.003
mc2024_track2-random_076_304,0.003
mc2024_track2-random_076_400,0.003
mc2024_track2-random_076_401,0.003
mc2024_track2-random_076_402,0.003
mc2024_track2-random_076_403,0.003
mc2024_track2-random_076_404,0.003
mc2024_track2-random_076_500,0.003
mc2024_track2-random_076_501,0.003
mc2024_track2-random_076_502,0.003
mc2024_track2-random_076_503,0.003
mc2024_track2-random_076_504,0.003
mc2024_track2-random_082_100,0.001
mc2024_track2-random_082_101,0.001
mc2024_track2-random_082_102,0.001
mc2024_track2-random_082_103,0.001
mc2024_track2-random_082_104,0.001
mc2024_track2-random_082_200,0.001
mc2024_track2-random_082_201,0.001
mc2024_track2-random_082_202,0.001
mc2024_track2-random_082_203,0.001
mc2024_track2-random_082_204,0.001
mc2024_track2-random_082_300,0.001
mc2024_track2-random_082_301,0.001
mc2024_track2-random_082_302,0.001
mc2024_track2-random_082_303,0.001
mc2024_track2-random_082_304,0.001
mc2024_track2-random_082_400,0.001
mc2024_track2-random_082_401,0.001
mc2024_track2-random_082_402,0.001
mc2024_track2-random_082_403,0.001
mc2024_track2-random_082_404,0.001
mc2024_track2-random_082_500,0.001
mc2024_track2-random_082_501,0.001
mc2024_track2-random_082_502,0.001
mc2024_track2-random_082_503,0.001
mc2024_track2-random_082_504,0.001
mc2024_track2-random_083_100,0.0
mc2024_track2-random_083_101,0.0
mc2024_track2-random_083_102,0.0
mc2024_track2-random_083_103,0.0
mc2024_track2-random_083_104,0.0
mc2024_track2-random_083_200,0.0
mc2024_track2-random_083_201,0.0
mc2024_track2-random_083_202,0.0
mc2024_track2-random_083_203,0.0
mc2024_track2-random_083_204,0.0
mc2024_track2-random_083_300,0.001
mc2024_track2-random_083_301,0.001
mc2024_track2-random_083_302,0.001
mc2024_track2-random_083_303,0.001
mc2024_track2-random_083_304,0.001
mc2024_track2-random_083_400,0.001
mc2024_track2-random_083_401,0.001
mc2024_track2-random_083_402,0.001
mc2024_track2-random_083_403,0.001
mc2024_track2-random_083_404,0.001
mc2024_track2-random_083_500,0.001
mc2024_track2-random_083_501,0.001
mc2024_track2-random_083_502,0.0
mc2024_track2-random_083_503,0.001
mc2024_track2-random_083_504,0.0
mc2024_track2-random_084_100,0.0
mc2024_track2-random_084_101,0.0
mc2024_track2-random_084_102,0.0
mc2024_track2-random_084_103,0.0
mc2024_track2-random_084_104,0.0
mc2024_track2-random_084_200,0.0
mc2024_track2-random_084_201,0.0
mc2024_track2-random_084_202,0.0
mc2024_track2-random_084_203,0.0
mc2024_track2-random_084_204,0.0
mc2024_track2-random_084_300,0.0
mc2024_track2-random_084_301,0.0
mc2024_track2-random_084_302,0.0
mc2024_track2-random_084_303,0.0
mc2024_track2-random_084_304,0.0
mc2024_track2-random_084_400,0.0
mc2024_track2-random_084_401,0.0
mc2024_track2-random_084_402,0.0
mc2024_track2-random_084_403,0.0
mc2024_track2-random_084_404,0.0
mc2024_track2-random_084_500,0.0
mc2024_track2-random_084_501,0.0
mc2024_track2-random_084_502,0.0
mc2024_track2-random_084_503,0.0
mc2024_track2-random_084_504,0.0
mc2024_track2-random_085_100,0.001
mc2024_track2-random_085_101,0.001
mc2024_track2-random_085_102,0.001
mc2024_track2-random_085_103,0.001
mc2024_track2-random_085_104,0.001
mc2024_track2-random_085_200,0.001
mc2024_track2-random_085_201,0.001
mc2024_track2-random_085_202,0.001
mc2024_track2-random_085_203,0.001
mc2024_track2-random_085_204,0.001
mc2024_track2-random_085_300,0.001
mc2024_track2-random_085_301,0.001
mc2024_track2-random_085_302,0.001
mc2024_track2-random_085_303,0.001
mc2024_track2-random_085_304,0.001
mc2024_track2-random_085_400,0.001
mc2024_track2-random_085_401,0.001
mc2024_track2-random_085_402,0.001
mc2024_track2-random_085_403,0.001
mc2024_track2-random_085_404,0.001
mc2024_track2-random_085_500,0.001
mc2024_track2-random_085_501,0.001
mc2024_track2-random_085_502,0.001
mc2024_track2-random_085_503,0.001
mc2024_track2-random_085_504,0.001
mc2024_track2-random_086_100,0.0
mc2024_track2-random_086_101,0.0
mc2024_track2-random_086_102,0.0
mc2024_track2-random_086_103,0.0
mc2024_track2-random_086_104,0.0
mc2024_track2-random_086_200,0.0
mc2024_track2-random_086_201,0.0
mc2024_track2-random_086_202,0.0
mc2024_track2-random_086_203,0.0
mc2024_track2-random_086_204,0.0
mc2024_track2-random_086_300,0.0
mc2024_track2-random_086_301,0.0
mc2024_track2-random_086_302,0.0
mc2024_track2-random_086_303,0.0
mc2024_track2-random_086_304,0.0
mc2024_track2-random_086_400,0.0
mc2024_track2-random_086_401,0.0
mc2024_track2-random_086_402,0.0
mc2024_track2-random_086_403,0.0
mc2024_track2-random_086_404,0.0
mc2024_track2-random_086_500,0.0
mc2024_track2-random_086_501,0.0
mc2024_track2-random_086_502,0.0
mc2024_track2-random_086_503,0.0
mc2024_track2-random_086_504,0.0
mc2024_track2-random_087_100,0.075
mc2024_track2-random_087_101,0.076
mc2024_track2-random_087_102,0.077
mc2024_track2-random_087_103,0.076
mc2024_track2-random_087_104,0.076
mc2024_track2-random_087_200,0.077
mc2024_track2-random_087_201,0.077
mc2024_track2-random_087_202,0.076
mc2024_track2-random_087_203,0.077
mc2024_track2-random_087_204,0.078
mc2024_track2-random_087_300,0.084
mc2024_track2-random_087_301,0.084
mc2024_track2-random_087_302,0.084
mc2024_track2-random_087_303,0.083
mc2024_track2-random_087_304,0.083
mc2024_track2-random_087_400,0.084
mc2024_track2-random_087_401,0.083
mc2024_track2-random_087_402,0.083
mc2024_track2-random_087_403,0.083
mc2024_track2-random_087_404,0.084
mc2024_track2-random_087_500,0.079
mc2024_track2-random_087_501,0.08
mc2024_track2-random_087_502,0.08
mc2024_track2-random_087_503,0.081
mc2024_track2-random_087_504,0.08
mc2024_track2-random_090_100,0.006
mc2024_track2-random_090_101,0.006
mc2024_track2-random_090_102,0.006
mc2024_track2-random_090_103,0.006
mc2024_track2-random_090_104,0.006
mc2024_track2-random_090_200,0.006
mc2024_track2-random_090_201,0.006
mc2024_track2-random_090_202,0.006
mc2024_track2-random_090_203,0.006
mc2024_track2-random_090_204,0.006
mc2024_track2-random_090_300,0.007
mc2024_track2-random_090_301,0.007
mc2024_track2-random_090_302,0.007
mc2024_track2-random_090_303,0.007
mc2024_track2-random_090_304,0.007
mc2024_track2-random_090_400,0.007
mc2024_track2-random_090_401,0.007
mc2024_track2-random_090_402,0.007
mc2024_track2-random_090_403,0.007
mc2024_track2-random_090_404,0.007
mc2024_track2-random_090_500,0.006
mc2024_track2-random_090_501,0.006
mc2024_track2-random_090_502,0.007
mc2024_track2-random_090_503,0.006
mc2024_track2-random_090_504,0.006
mc2024_track2-random_091_100,0.074
mc2024_track2-random_091_101,0.075
mc2024_track2-random_091_102,0.075
mc2024_track2-random_091_103,0.077
mc2024_track2-random_091_104,0.077
mc2024_track2-random_091_200,0.076
mc2024_track2-random_091_201,0.075
mc2024_track2-random_091_202,0.076
mc2024_track2-random_091_203,0.075
mc2024_track2-random_091_204,0.075
mc2024_track2-random_091_300,0.083
mc2024_track2-random_091_301,0.082
mc2024_track2-random_091_302,0.081
mc2024_track2-random_091_303,0.081
mc2024_track2-random_091_304,0.084
mc2024_track2-random_091_400,0.082
mc2024_track2-random_091_401,0.082
mc2024_track2-random_091_402,0.081
mc2024_track2-random_091_403,0.081
mc2024_track2-random_091_404,0.082
mc2024_track2-random_091_500,0.079
mc2024_track2-random_091_501,0.081
mc2024_track2-random_091_502,0.079
mc2024_track2-random_091_503,0.078
mc2024_track2-random_091_504,0.079
mc2024_track2-random_092_100,0.019
mc2024_track2-random_092_101,0.019
mc2024_track2-random_092_102,0.019
mc2024_track2-random_092_103,0.019
mc2024_track2-random_092_104,0.019
mc2024_track2-random_092_200,0.019
mc2024_track2-random_092_201,0.02
mc2024_track2-random_092_202,0.019
mc2024_track2-random_092_203,0.019
mc2024_track2-random_092_204,0.019
mc2024_track2-random_092_300,0.021
mc2024_track2-random_092_301,0.021
mc2024_track2-random_092_302,0.021
mc2024_track2-random_092_303,0.021
mc2024_track2-random_092_304,0.022
mc2024_track2-random_092_400,0.021
mc2024_track2-random_092_401,0.021
mc2024_track2-random_092_402,0.021
mc2024_track2-random_092_403,0.021
mc2024_track2-random_092_404,0.021
mc2024_track2-random_092_500,0.02
mc2024_track2-random_092_501,0.02
mc2024_track2-random_092_502,0.02
mc2024_track2-random_092_503,0.02
mc2024_track2-random_092_504,0.02
mc2024_track2-random_093_100,0.258
mc2024_track2-random_093_101,0.26
mc2024_track2-random_093_102,0.259
mc2024_track2-random_093_103,0.259
mc2024_track2-random_093_104,0.264
mc2024_track2-random_093_200,0.273
mc2024_track2-random_093_201,0.274
mc2024_track2-random_093_202,0.276
mc2024_track2-random_093_203,0.272
mc2024_track2-random_093_204,0.273
mc2024_track2-random_093_300,0.301
mc2024_track2-random_093_301,0.303
mc2024_track2-random_093_302,0.303
mc2024_track2-random_093_303,0.303
mc2024_track2-random_093_304,0.302
mc2024_track2-random_093_400,0.302
mc2024_track2-random_093_401,0.305
mc2024_track2-random_093_402,0.303
mc2024_track2-random_093_403,0.303
mc2024_track2-random_093_404,0.302
mc2024_track2-random_093_500,0.289
mc2024_track2-random_093_501,0.291
mc2024_track2-random_093_502,0.283
mc2024_track2-random_093_503,0.287
mc2024_track2-random_093_504,0.283
mc2024_track2-random_094_100,0.047
mc2024_track2-random_094_101,0.046
mc2024_track2-random_094_102,0.047
mc2024_track2-random_094_103,0.047
mc2024_track2-random_094_104,0.046
mc2024_track2-random_094_200,0.094
mc2024_track2-random_094_201,0.092
mc2024_track2-random_094_202,0.093
mc2024_track2-random_094_203,0.097
mc2024_track2-random_094_204,0.096
mc2024_track2-random_094_300,0.103
mc2024_track2-random_094_301,0.104
mc2024_track2-random_094_302,0.103
mc2024_track2-random_094_303,0.104
mc2024_track2-random_094_304,0.104
mc2024_track2-random_094_400,0.105
mc2024_track2-random_094_401,0.105
mc2024_track2-random_094_402,0.105
mc2024_track2-random_094_403,0.104
mc2024_track2-random_094_404,0.105
mc2024_track2-random_094_500,0.102
mc2024_track2-random_094_501,0.101
mc2024_track2-random_094_502,0.101
mc2024_track2-random_094_503,0.1
mc2024_track2-random_094_504,0.1
mc2024_track2-random_095_100,0.06
mc2024_track2-random_095_101,0.061
mc2024_track2-random_095_102,0.061
mc2024_track2-random_095_103,0.065
mc2024_track2-random_095_104,0.062
mc2024_track2-random_095_200,0.126
mc2024_track2-random_095_201,0.131
mc2024_track2-random_095_202,0.125
mc2024_track2-random_095_203,0.127
mc2024_track2-random_095_204,0.125
mc2024_track2-random_095_300,0.144
mc2024_track2-random_095_301,0.139
mc2024_track2-random_095_302,0.139
mc2024_track2-random_095_303,0.14
mc2024_track2-random_095_304,0.14
mc2024_track2-random_095_400,0.143
mc2024_track2-random_095_401,0.142
mc2024_track2-random_095_402,0.139
mc2024_track2-random_095_403,0.141
mc2024_track2-random_095_404,0.143
mc2024_track2-random_095_500,0.137
mc2024_track2-random_095_501,0.136
mc2024_track2-random_095_502,0.137
mc2024_track2-random_095_503,0.138
mc2024_track2-random_095_504,0.136
mc2024_track2-random_096_100,0.198
mc2024_track2-random_096_101,0.205
mc2024_track2-random_096_102,0.21
mc2024_track2-random_096_103,0.202
mc2024_track2-random_096_104,0.213
mc2024_track2-random_096_200,0.268
mc2024_track2-random_096_201,0.272
mc2024_track2-random_096_202,0.273
mc2024_track2-random_096_203,0.266
mc2024_track2-random_096_204,0.268
mc2024_track2-random_096_300,0.302
mc2024_track2-random_096_301,0.304
mc2024_track2-random_096_302,0.297
mc2024_track2-random_096_303,0.295
mc2024_track2-random_096_304,0.301
mc2024_track2-random_096_400,0.308
mc2024_track2-random_096_401,0.309
mc2024_track2-random_096_402,0.298
mc2024_track2-random_096_403,0.299
mc2024_track2-random_096_404,0.297
mc2024_track2-random_096_500,0.277
mc2024_track2-random_096_501,0.277
mc2024_track2-random_096_502,0.276
mc2024_track2-random_096_503,0.293
mc2024_track2-random_096_504,0.277
mc2024_track2-random_099_100,63.575
mc2024_track2-random_099_101,65.477
mc2024_track2-random_099_102,64.001
mc2024_track2-random_099_103,65.851
mc2024_track2-random_099_104,64.05
mc2024_track2-random_099_200,64.694
mc2024_track2-random_099_201,63.21
mc2024_track2-random_099_202,63.788
mc2024_track2-random_099_203,63.433
mc2024_track2-random_099_204,63.624
mc2024_track2-random_099_300,67.804
mc2024_track2-random_099_301,67.189
mc2024_track2-random_099_302,70.509
mc2024_track2-random_099_303,68.372
mc2024_track2-random_099_304,69.931
mc2024_track2-random_099_400,67.51
mc2024_track2-random_099_401,67.596
mc2024_track2-random_099_402,68.08
mc2024_track2-random_099_403,69.028
mc2024_track2-random_099_404,69.05
mc2024_track2-random_099_500,65.097
mc2024_track2-random_099_501,65.644
mc2024_track2-random_099_502,65.165
mc2024_track2-random_099_503,65.43
mc2024_track2-random_099_504,64.741
mc2024_track2-random_101_100,8.317
mc2024_track2-random_101_101,8.344
mc2024_track2-random_101_102,8.429
mc2024_track2-random_101_103,8.354
mc2024_track2-random_101_104,8.373
mc2024_track2-random_101_200,8.396
mc2024_track2-random_101_201,8.241
mc2024_track2-random_101_202,8.286
mc2024_track2-random_101_203,8.142
mc2024_track2-random_101_204,8.188
mc2024_track2-random_101_300,8.935
mc2024_track2-random_101_301,8.925
mc2024_track2-random_101_302,8.846
mc2024_track2-random_101_303,8.794
mc2024_track2-random_101_304,8.966
mc2024_track2-random_101_400,8.695
mc2024_track2-random_101_401,8.902
mc2024_track2-random_101_402,8.754
mc2024_track2-random_101_403,8.682
mc2024_track2-random_101_404,8.592
mc2024_track2-random_101_500,8.225
mc2024_track2-random_101_501,8.617
mc2024_track2-random_101_502,8.375
mc2024_track2-random_101_503,8.348
mc2024_track2-random_101_504,8.436
mc2024_track2-random_110_100,2.664
mc2024_track2-random_110_101,2.636
mc2024_track2-random_110_102,2.64
mc2024_track2-random_110_103,2.634
mc2024_track2-random_110_104,2.652
mc2024_track2-random_110_200,2.684
mc2024_track2-random_110_201,2.703
mc2024_track2-random_110_202,2.706
mc2024_track2-random_110_203,2.707
mc2024_track2-random_110_204,2.705
mc2024_track2-random_110_300,2.965
mc2024_track2-random_110_301,2.965
mc2024_track2-random_110_302,2.977
mc2024_track2-random_110_303,3.022
mc2024_track2-random_110_304,3.002
mc2024_track2-random_110_400,3.054
mc2024_track2-random_110_401,3.047
mc2024_track2-random_110_402,3.0
mc2024_track2-random_110_403,2.993
mc2024_track2-random_110_404,3.001
mc2024_track2-random_110_500,2.752
mc2024_track2-random_110_501,2.762
mc2024_track2-random_110_502,2.758
mc2024_track2-random_110_503,2.77
mc2024_track2-random_110_504,2.775
mc2024_track2-random_111_100,14.455
mc2024_track2-random_111_101,14.372
mc2024_track2-random_111_102,14.322
mc2024_track2-random_111_103,14.502
mc2024_track2-random_111_104,14.55
mc2024_track2-random_111_200,14.617
mc2024_track2-random_111_201,14.623
mc2024_track2-random_111_202,14.611
mc2024_track2-random_111_203,14.383
mc2024_track2-random_111_204,14.412
mc2024_track2-random_111_300,15.827
mc2024_track2-random_111_301,15.863
mc2024_track2-random_111_302,16.118
mc2024_track2-random_111_303,16.222
mc2024_track2-random_111_304,15.822
mc2024_track2-random_111_400,15.765
mc2024_track2-random_111_401,15.721
mc2024_track2-random_111_402,16.044
mc2024_track2-random_111_403,16.061
mc2024_track2-random_111_404,16.212
mc2024_track2-random_111_500,15.124
mc2024_track2-random_111_501,15.137
mc2024_track2-random_111_502,15.04
mc2024_track2-random_111_503,15.128
mc2024_track2-random_111_504,15.03
mc2024_track2-random_113_100,24.426
mc2024_track2-random_113_101,24.48
mc2024_track2-random_113_102,24.512
mc2024_track2-random_113_103,24.324
mc2024_track2-random_113_104,24.214
mc2024_track2-random_113_200,24.671
mc2024_track2-random_113_201,24.693
mc2024_track2-random_113_202,24.436
mc2024_track2-random_113_203,24.945
mc2024_track2-random_113_204,24.789
mc2024_track2-random_113_300,27.106
mc2024_track2-random_113_301,27.104
mc2024_track2-random_113_302,27.004
mc2024_track2-random_113_303,27.029
mc2024_track2-random_113_304,27.412
mc2024_track2-random_113_400,27.4
mc2024_track2-random_113_401,27.546
mc2024_track2-random_113_402,27.352
mc2024_track2-random_113_403,27.382
mc2024_track2-random_113_404,27.507
mc2024_track2-random_113_500,25.717
mc2024_track2-random_113_501,25.655
mc2024_track2-random_113_502,25.27
mc2024_track2-random_113_503,25.377
mc2024_track2-random_113_504,25.882
mc2024_track2-random_114_100,24.767
mc2024_track2-random_114_101,25.091
mc2024_track2-random_114_102,25.251
mc2024_track2-random_114_103,25.076
mc2024_track2-random_114_104,25.175
mc2024_track2-random_114_200,25.401
mc2024_track2-random_114_201,25.501
mc2024_track2-random_114_202,25.479
mc2024_track2-random_114_203,25.381
mc2024_track2-random_114_204,25.064
mc2024_track2-random_114_300,27.759
mc2024_track2-random_114_301,28.363
mc2024_track2-random_114_302,28.58
mc2024_track2-random_114_303,28.201
mc2024_track2-random_114_304,28.403
mc2024_track2-random_114_400,28.143
mc2024_track2-random_114_401,28.657
mc2024_track2-random_114_402,28.262
mc2024_track2-random_114_403,28.307
mc2024_track2-random_114_404,28.315
mc2024_track2-random_114_500,26.728
mc2024_track2-random_114_501,26.658
mc2024_track2-random_114_502,26.919
mc2024_track2-random_114_503,26.858
mc2024_track2-random_114_504,26.626
mc2024_track2-random_115_100,1.982
mc2024_track2-random_115_101,1.991
mc2024_track2-random_115_102,1.976
mc2024_track2-random_115_103,1.976
mc2024_track2-random_115_104,1.974
mc2024_track2-random_115_200,1.996
mc2024_track2-random_115_201,2.012
mc2024_track2-random_115_202,2.002
mc2024_track2-random_115_203,1.996
mc2024_track2-random_115_204,1.996
mc2024_track2-random_115_300,2.196
mc2024_track2-random_115_301,2.197
mc2024_track2-random_115_302,2.23
mc2024_track2-random_115_303,2.234
mc2024_track2-random_115_304,2.229
mc2024_track2-random_115_400,2.248
mc2024_track2-random_115_401,2.253
mc2024_track2-random_115_402,2.243
mc2024_track2-random_115_403,2.245
mc2024_track2-random_115_404,2.239
mc2024_track2-random_115_500,2.044
mc2024_track2-random_115_501,2.062
mc2024_track2-random_115_502,2.075
mc2024_track2-random_115_503,2.098
mc2024_track2-random_115_504,2.063
mc2024_track2-random_116_100,0.333
mc2024_track2-random_116_101,0.334
mc2024_track2-random_116_102,0.336
mc2024_track2-random_116_103,0.333
mc2024_track2-random_116_104,0.334
mc2024_track2-random_116_200,0.375
mc2024_track2-random_116_201,0.389
mc2024_track2-random_116_202,0.374
mc2024_track2-random_116_203,0.376
mc2024_track2-random_116_204,0.375
mc2024_track2-random_116_300,0.416
mc2024_track2-random_116_301,0.417
mc2024_track2-random_116_302,0.419
mc2024_track2-random_116_303,0.418
mc2024_track2-random_116_304,0.414
mc2024_track2-random_116_400,0.421
mc2024_track2-random_116_401,0.419
mc2024_track2-random_116_402,0.421
mc2024_track2-random_116_403,0.428
mc2024_track2-random_116_404,0.42
mc2024_track2-random_116_500,0.398
mc2024_track2-random_116_501,0.398
mc2024_track2-random_116_502,0.4
mc2024_track2-random_116_503,0.397
mc2024_track2-random_116_504,0.395
mc2024_track2-random_118_100,149.393
mc2024_track2-random_118_101,149.431
mc2024_track2-random_118_102,149.388
mc2024_track2-random_118_103,148.045
mc2024_track2-random_118_104,149.369
mc2024_track2-random_118_200,150.361
mc2024_track2-random_118_201,150.328
mc2024_track2-random_118_202,150.65
mc2024_track2-random_118_203,150.545
mc2024_track2-random_118_204,150.608
mc2024_track2-random_118_300,164.115
mc2024_track2-random_118_301,164.014
mc2024_track2-random_118_302,166.524
mc2024_track2-random_118_303,164.935
mc2024_track2-random_118_304,167.624
mc2024_track2-random_118_400,165.115
mc2024_track2-random_118_401,165.045
mc2024_track2-random_118_402,165.323
mc2024_track2-random_118_403,166.17
mc2024_track2-random_118_404,166.088
mc2024_track2-random_118_500,156.844
mc2024_track2-random_118_501,157.647
mc2024_track2-random_118_502,157.931
mc2024_track2-random_118_503,156.729
mc2024_track2-random_118_504,156.632
mc2024_track2-random_122_100,13.29
mc2024_track2-random_122_101,13.57
mc2024_track2-random_122_102,13.405
mc2024_track2-random_122_103,13.361
mc2024_track2-random_122_104,13.351
mc2024_track2-random_122_200,13.57
mc2024_track2-random_122_201,13.579
mc2024_track2-random_122_202,13.584
mc2024_track2-random_122_203,13.598
mc2024_track2-random_122_204,13.611
mc2024_track2-random_122_300,14.922
mc2024_track2-random_122_301,14.939
mc2024_track2-random_122_302,14.935
mc2024_track2-random_122_303,14.94
mc2024_track2-random_122_304,14.934
mc2024_track2-random_122_400,15.083
mc2024_track2-random_122_401,15.102
mc2024_track2-random_122_402,15.06
mc2024_track2-random_122_403,15.086
mc2024_track2-random_122_404,15.086
mc2024_track2-random_122_500,13.956
mc2024_track2-random_122_501,13.85
mc2024_track2-random_122_502,13.951
mc2024_track2-random_122_503,13.857
mc2024_track2-random_122_504,13.927
mc2024_track2-random_123_100,0.146
mc2024_track2-random_123_101,0.144
mc2024_track2-random_123_102,0.145
mc2024_track2-random_123_103,0.144
mc2024_track2-random_123_104,0.145
mc2024_track2-random_123_200,0.149
mc2024_track2-random_123_201,0.15
mc2024_track2-random_123_202,0.149
mc2024_track2-random_123_203,0.152
mc2024_track2-random_123_204,0.152
mc2024_track2-random_123_300,0.164
mc2024_track2-random_123_301,0.166
mc2024_track2-random_123_302,0.17
mc2024_track2-random_123_303,0.171
mc2024_track2-random_123_304,0.165
mc2024_track2-random_123_400,0.163
mc2024_track2-random_123_401,0.165
mc2024_track2-random_123_402,0.165
mc2024_track2-random_123_403,0.166
mc2024_track2-random_123_404,0.165
mc2024_track2-random_123_500,0.155
mc2024_track2-random_123_501,0.153
mc2024_track2-random_123_502,0.157
mc2024_track2-random_123_503,0.154
mc2024_track2-random_123_504,0.153
mc2024_track2-random_124_100,0.059
mc2024_track2-random_124_101,0.059
mc2024_track2-random_124_102,0.059
mc2024_track2-random_124_103,0.059
mc2024_track2-random_124_104,0.058
mc2024_track2-random_124_200,0.062
mc2024_track2-random_124_201,0.061
mc2024_track2-random_124_202,0.062
mc2024_track2-random_124_203,0.061
mc2024_track2-random_124_204,0.061
mc2024_track2-random_124_300,0.068
mc2024_track2-random_124_301,0.072
mc2024_track2-random_124_302,0.069
mc2024_track2-random_124_303,0.068
mc2024_track2-random_124_304,0.068
mc2024_track2-random_124_400,0.069
mc2024_track2-random_124_401,0.069
mc2024_track2-random_124_402,0.069
mc2024_track2-random_124_403,0.07
mc2024_track2-random_124_404,0.069
mc2024_track2-random_124_500,0.064
mc2024_track2-random_124_501,0.065
mc2024_track2-random_124_502,0.064
mc2024_track2-random_124_503,0.065
mc2024_track2-random_124_504,0.065
mc2024_track2-random_125_100,0.96
mc2024_track2-random_125_101,0.963
mc2024_track2-random_125_102,0.956
mc2024_track2-random_125_103,0.952
mc2024_track2-random_125_104,0.946
mc2024_track2-random_125_200,0.958
mc2024_track2-random_125_201,0.956
mc2024_track2-random_125_202,0.956
mc2024_track2-random_125_203,0.959
mc2024_track2-random_125_204,0.955
mc2024_track2-random_125_300,1.056
mc2024_track2-random_125_301,1.06
mc2024_track2-random_125_302,1.052
mc2024_track2-random_125_303,1.081
mc2024_track2-random_125_304,1.056
mc2024_track2-random_125_400,1.063
mc2024_track2-random_125_401,1.065
mc2024_track2-random_125_402,1.059
mc2024_track2-random_125_403,1.054
mc2024_track2-random_125_404,1.07
mc2024_track2-random_125_500,0.97
mc2024_track2-random_125_501,0.974
mc2024_track2-random_125_502,0.979
mc2024_track2-random_125_503,0.995
mc2024_track2-random_125_504,0.981
mc2024_track2-random_128_100,0.303
mc2024_track2-random_128_101,0.305
mc2024_track2-random_128_102,0.307
mc2024_track2-random_128_103,0.303
mc2024_track2-random_128_104,0.303
mc2024_track2-random_128_200,0.311
mc2024_track2-random_128_201,0.313
mc2024_track2-random_128_202,0.317
mc2024_track2-random_128_203,0.313
mc2024_track2-random_128_204,0.312
mc2024_track2-random_128_300,0.346
mc2024_track2-random_128_301,0.345
mc2024_track2-random_128_302,0.342
mc2024_track2-random_128_303,0.343
mc2024_track2-random_128_304,0.343
mc2024_track2-random_128_400,0.348
mc2024_track2-random_128_401,0.345
mc2024_track2-random_128_402,0.347
mc2024_track2-random_128_403,0.347
mc2024_track2-random_128_404,0.344
mc2024_track2-random_128_500,0.321
mc2024_track2-random_128_501,0.32
mc2024_track2-random_128_502,0.323
mc2024_track2-random_128_503,0.322
mc2024_track2-random_128_504,0.32
mc2024_track2-random_129_100,0.975
mc2024_track2-random_129_101,0.955
mc2024_track2-random_129_102,0.956
mc2024_track2-random_129_103,0.957
mc2024_track2-random_129_104,0.955
mc2024_track2-random_129_200,0.966
mc2024_track2-random_129_201,0.977
mc2024_track2-random_129_202,0.977
mc2024_track2-random_129_203,0.996
mc2024_track2-random_129_204,0.975
mc2024_track2-random_129_300,1.072
mc2024_track2-random_129_301,1.079
mc2024_track2-random_129_302,1.073
mc2024_track2-random_129_303,1.065
mc2024_track2-random_129_304,1.069
mc2024_track2-random_129_400,1.072
mc2024_track2-random_129_401,1.073
mc2024_track2-random_129_402,1.105
mc2024_track2-random_129_403,1.069
mc2024_track2-random_129_404,1.074
mc2024_track2-random_129_500,0.996
mc2024_track2-random_129_501,0.99
mc2024_track2-random_129_502,0.999
mc2024_track2-random_129_503,0.99
mc2024_track2-random_129_504,1.011
mc2024_track2-random_144_100,23.748
mc2024_track2-random_144_101,23.764
mc2024_track2-random_144_102,23.742
mc2024_track2-random_144_103,23.813
mc2024_track2-random_144_104,23.768
mc2024_track2-random_144_200,23.886
mc2024_track2-random_144_201,24.127
mc2024_track2-random_144_202,23.883
mc2024_track2-random_144_203,24.079
mc2024_track2-random_144_204,23.884
mc2024_track2-random_144_300,26.236
mc2024_track2-random_144_301,26.406
mc2024_track2-random_144_302,26.721
mc2024_track2-random_144_303,26.404
mc2024_track2-random_144_304,26.363
mc2024_track2-random_144_400,26.772
mc2024_track2-random_144_401,26.483
mc2024_track2-random_144_402,26.37
mc2024_track2-random_144_403,26.56
mc2024_track2-random_144_404,26.389
mc2024_track2-random_144_500,24.949
mc2024_track2-random_144_501,25.203
mc2024_track2-random_144_502,24.942
mc2024_track2-random_144_503,25.244
mc2024_track2-random_144_504,24.535
mc2024_track2-random_145_100,1.245
mc2024_track2-random_145_101,1.236
mc2024_track2-random_145_102,1.237
mc2024_track2-random_145_103,1.247
mc2024_track2-random_145_104,1.238
mc2024_track2-random_145_200,1.248
mc2024_track2-random_145_201,1.25
mc2024_track2-random_145_202,1.251
mc2024_track2-random_145_203,1.245
mc2024_track2-random_145_204,1.246
mc2024_track2-random_145_300,1.368
mc2024_track2-random_145_301,1.367
mc2024_track2-random_145_302,1.392
mc2024_track2-random_145_303,1.368
mc2024_track2-random_145_304,1.369
mc2024_track2-random_145_400,1.384
mc2024_track2-random_145_401,1.399
mc2024_track2-random_145_402,1.371
mc2024_track2-random_145_403,1.372
mc2024_track2-random_145_404,1.378
mc2024_track2-random_145_500,1.293
mc2024_track2-random_145_501,1.285
mc2024_track2-random_145_502,1.294
mc2024_track2-random_145_503,1.312
mc2024_track2-random_145_504,1.269
mc2024_track2-random_146_100,1.023
mc2024_track2-random_146_101,1.028
mc2024_track2-random_146_102,1.028
mc2024_track2-random_146_103,1.038
mc2024_track2-random_146_104,1.023
mc2024_track2-random_146_200,1.029
mc2024_track2-random_146_201,1.032
mc2024_track2-random_146_202,1.046
mc2024_track2-random_146_203,1.031
mc2024_track2-random_146_204,1.039
mc2024_track2-random_146_300,1.134
mc2024_track2-random_146_301,1.142
mc2024_track2-random_146_302,1.167
mc2024_track2-random_146_303,1.143
mc2024_track2-random_146_304,1.162
mc2024_track2-random_146_400,1.179
mc2024_track2-random_146_401,1.149
mc2024_track2-random_146_402,1.125
mc2024_track2-random_146_403,1.156
mc2024_track2-random_146_404,1.155
mc2024_track2-random_146_500,1.078
mc2024_track2-random_146_501,1.075
mc2024_track2-random_146_502,1.073
mc2024_track2-random_146_503,1.082
mc2024_track2-random_146_504,1.074
mc2024_track2-random_147_100,12.351
mc2024_track2-random_147_101,12.302
mc2024_track2-random_147_102,12.228
mc2024_track2-random_147_103,12.215
mc2024_track2-random_147_104,12.227
mc2024_track2-random_147_200,12.326
mc2024_track2-random_147_201,12.332
mc2024_track2-random_147_202,12.299
mc2024_track2-random_147_203,12.294
mc2024_track2-random_147_204,12.308
mc2024_track2-random_147_300,13.655
mc2024_track2-random_147_301,13.588
mc2024_track2-random_147_302,13.613
mc2024_track2-random_147_303,13.719
mc2024_track2-random_147_304,13.637
mc2024_track2-random_147_400,13.689
mc2024_track2-random_147_401,13.57
mc2024_track2-random_147_402,13.808
mc2024_track2-random_147_403,13.786
mc2024_track2-random_147_404,13.742
mc2024_track2-random_147_500,12.703
mc2024_track2-random_147_501,12.71
mc2024_track2-random_147_502,12.936
mc2024_track2-random_147_503,12.855
mc2024_track2-random_147_504,12.607
mc2024_track2-random_148_100,6.209
mc2024_track2-random_148_101,6.148
mc2024_track2-random_148_102,6.144
mc2024_track2-random_148_103,6.209
mc2024_track2-random_148_104,6.232
mc2024_track2-random_148_200,6.207
mc2024_track2-random_148_201,6.227
mc2024_track2-random_148_202,6.21
mc2024_track2-random_148_203,6.22
mc2024_track2-random_148_204,6.21
mc2024_track2-random_148_300,6.872
mc2024_track2-random_148_301,6.851
mc2024_track2-random_148_302,6.937
mc2024_track2-random_148_303,6.836
mc2024_track2-random_148_304,6.802
mc2024_track2-random_148_400,6.832
mc2024_track2-random_148_401,6.818
mc2024_track2-random_148_402,6.776
mc2024_track2-random_148_403,6.966
mc2024_track2-random_148_404,6.914
mc2024_track2-random_148_500,6.472
mc2024_track2-random_148_501,6.475
mc2024_track2-random_148_502,6.431
mc2024_track2-random_148_503,6.542
mc2024_track2-random_148_504,6.493
mc2024_track2-random_156_100,3.975
mc2024_track2-random_156_101,3.983
mc2024_track2-random_156_102,3.959
mc2024_track2-random_156_103,3.968
mc2024_track2-random_156_104,3.974
mc2024_track2-random_156_200,3.952
mc2024_track2-random_156_201,3.943
mc2024_track2-random_156_202,3.948
mc2024_track2-random_156_203,3.937
mc2024_track2-random_156_204,3.925
mc2024_track2-random_156_300,4.272
mc2024_track2-random_156_301,4.301
mc2024_track2-random_156_302,4.346
mc2024_track2-random_156_303,4.379
mc2024_track2-random_156_304,4.364
mc2024_track2-random_156_400,4.348
mc2024_track2-random_156_401,4.374
mc2024_track2-random_156_402,4.302
mc2024_track2-random_156_403,4.295
mc2024_track2-random_156_404,4.366
mc2024_track2-random_156_500,4.085
mc2024_track2-random_156_501,4.213
mc2024_track2-random_156_502,4.197
mc2024_track2-random_156_503,4.102
mc2024_track2-random_156_504,4.105
mc2024_track2-random_164_100,0.696
mc2024_track2-random_164_101,0.694
mc2024_track2-random_164_102,0.695
mc2024_track2-random_164_103,0.696
mc2024_track2-random_164_104,0.71
mc2024_track2-random_164_200,0.7
mc2024_track2-random_164_201,0.697
mc2024_track2-random_164_202,0.702
mc2024_track2-random_164_203,0.697
mc2024_track2-random_164_204,0.7
mc2024_track2-random_164_300,0.778
mc2024_track2-random_164_301,0.778
mc2024_track2-random_164_302,0.773
mc2024_track2-random_164_303,0.77
mc2024_track2-random_164_304,0.78
mc2024_track2-random_164_400,0.77
mc2024_track2-random_164_401,0.782
mc2024_track2-random_164_402,0.793
mc2024_track2-random_164_403,0.78
mc2024_track2-random_164_404,0.785
mc2024_track2-random_164_500,0.73
mc2024_track2-random_164_501,0.735
mc2024_track2-random_164_502,0.751
mc2024_track2-random_164_503,0.724
mc2024_track2-random_164_504,0.737
mc2024_track2-random_165_100,0.673
mc2024_track2-random_165_101,0.682
mc2024_track2-random_165_102,0.673
mc2024_track2-random_165_103,0.689
mc2024_track2-random_165_104,0.674
mc2024_track2-random_165_200,0.679
mc2024_track2-random_165_201,0.676
mc2024_track2-random_165_202,0.681
mc2024_track2-random_165_203,0.674
mc2024_track2-random_165_204,0.677
mc2024_track2-random_165_300,0.736
mc2024_track2-random_165_301,0.746
mc2024_track2-random_165_302,0.744
mc2024_track2-random_165_303,0.741
mc2024_track2-random_165_304,0.742
mc2024_track2-random_165_400,0.744
mc2024_track2-random_165_401,0.743
mc2024_track2-random_165_402,0.742
mc2024_track2-random_165_403,0.741
mc2024_track2-random_165_404,0.746
mc2024_track2-random_165_500,0.709
mc2024_track2-random_165_501,0.701
mc2024_track2-random_165_502,0.695
mc2024_track2-random_165_503,0.716
mc2024_track2-random_165_504,0.707
mc2024_track2-random_166_100,1.89
mc2024_track2-random_166_101,1.886
mc2024_track2-random_166_102,1.895
mc2024_track2-random_166_103,1.893
mc2024_track2-random_166_104,1.891
mc2024_track2-random_166_200,1.892
mc2024_track2-random_166_201,1.898
mc2024_track2-random_166_202,1.892
mc2024_track2-random_166_203,1.894
mc2024_track2-random_166_204,1.887
mc2024_track2-random_166_300,2.109
mc2024_track2-random_166_301,2.082
mc2024_track2-random_166_302,2.1
mc2024_track2-random_166_303,2.093
mc2024_track2-random_166_304,2.144
mc2024_track2-random_166_400,2.13
mc2024_track2-random_166_401,2.142
mc2024_track2-random_166_402,2.081
mc2024_track2-random_166_403,2.092
mc2024_track2-random_166_404,2.1
mc2024_track2-random_166_500,2.003
mc2024_track2-random_166_501,2.007
mc2024_track2-random_166_502,1.992
mc2024_track2-random_166_503,2.005
mc2024_track2-random_166_504,2.012
mc2024_track2-random_168_100,1.773
mc2024_track2-random_168_101,1.77
mc2024_track2-random_168_102,1.775
mc2024_track2-random_168_103,1.782
mc2024_track2-random_168_104,1.759
mc2024_track2-random_168_200,1.769
mc2024_track2-random_168_201,1.763
mc2024_track2-random_168_202,1.757
mc2024_track2-random_168_203,1.761
mc2024_track2-random_168_204,1.769
mc2024_track2-random_168_300,1.924
mc2024_track2-random_168_301,1.93
mc2024_track2-random_168_302,1.937
mc2024_track2-random_168_303,1.943
mc2024_track2-random_168_304,1.939
mc2024_track2-random_168_400,1.928
mc2024_track2-random_168_401,1.936
mc2024_track2-random_168_402,1.969
mc2024_track2-random_168_403,1.931
mc2024_track2-random_168_404,1.952
mc2024_track2-random_168_500,1.846
mc2024_track2-random_168_501,1.818
mc2024_track2-random_168_502,1.801
mc2024_track2-random_168_503,1.86
mc2024_track2-random_168_504,1.821
mc2024_track2-random_172_100,63.509
mc2024_track2-random_172_101,62.972
mc2024_track2-random_172_102,63.106
mc2024_track2-random_172_103,63.094
mc2024_track2-random_172_104,63.886
mc2024_track2-random_172_200,62.567
mc2024_track2-random_172_201,62.523
mc2024_track2-random_172_202,63.059
mc2024_track2-random_172_203,62.746
mc2024_track2-random_172_204,62.5
mc2024_track2-random_172_300,68.024
mc2024_track2-random_172_301,67.442
mc2024_track2-random_172_302,66.832
mc2024_track2-random_172_303,66.775
mc2024_track2-random_172_304,69.91
mc2024_track2-random_172_400,65.46
mc2024_track2-random_172_401,67.629
mc2024_track2-random_172_402,69.595
mc2024_track2-random_172_403,67.485
mc2024_track2-random_172_404,68.0
mc2024_track2-random_172_500,63.711
mc2024_track2-random_172_501,64.627
mc2024_track2-random_172_502,68.345
mc2024_track2-random_172_503,61.318
mc2024_track2-random_172_504,65.04
mc2024_track2-random_174_100,82.678
mc2024_track2-random_174_101,82.828
mc2024_track2-random_174_102,83.261
mc2024_track2-random_174_103,83.268
mc2024_track2-random_174_104,81.876
mc2024_track2-random_174_200,82.046
mc2024_track2-random_174_201,81.295
mc2024_track2-random_174_202,81.277
mc2024_track2-random_174_203,81.379
mc2024_track2-random_174_204,80.943
mc2024_track2-random_174_300,88.736
mc2024_track2-random_174_301,88.9
mc2024_track2-random_174_302,91.496
mc2024_track2-random_174_303,90.323
mc2024_track2-random_174_304,90.093
mc2024_track2-random_174_400,90.358
mc2024_track2-random_174_401,89.685
mc2024_track2-random_174_402,90.408
mc2024_track2-random_174_403,89.003
mc2024_track2-random_174_404,88.452
mc2024_track2-random_174_500,84.363
mc2024_track2-random_174_501,87.082
mc2024_track2-random_174_502,86.327
mc2024_track2-random_174_503,86.792
mc2024_track2-random_174_504,84.831
mc2024_track2-random_178_300,355.812
mc2024_track2-random_178_301,356.721
mc2024_track2-random_178_302,360.236
mc2024_track2-random_178_303,355.537
mc2024_track2-random_178_304,363.503
mc2024_track2-random_178_400,357.475
mc2024_track2-random_178_401,354.937
mc2024_track2-random_178_402,359.242
mc2024_track2-random_178_403,362.304
mc2024_track2-random_178_404,357.435
mc2024_track2-random_178_500,344.899
mc2024_track2-random_178_501,339.324
mc2024_track2-random_178_502,343.413
mc2024_track2-random_178_503,344.741
mc2024_track2-random_178_504,345.697
mc2024_track2-random_179_100,0.026
mc2024_track2-random_179_101,0.026
mc2024_track2-random_179_102,0.026
mc2024_track2-random_179_103,0.025
mc2024_track2-random_179_104,0.025
mc2024_track2-random_179_200,0.025
mc2024_track2-random_179_201,0.025
mc2024_track2-random_179_202,0.025
mc2024_track2-random_179_203,0.025
mc2024_track2-random_179_204,0.025
mc2024_track2-random_179_300,0.027
mc2024_track2-random_179_301,0.028
mc2024_track2-random_179_302,0.027
mc2024_track2-random_179_303,0.027
mc2024_track2-random_179_304,0.028
mc2024_track2-random_179_400,0.026
mc2024_track2-random_179_401,0.027
mc2024_track2-random_179_402,0.027
mc2024_track2-random_179_403,0.026
mc2024_track2-random_179_404,0.027
mc2024_track2-random_179_500,0.025
mc2024_track2-random_179_501,0.026
mc2024_track2-random_179_502,0.025
mc2024_track2-random_179_503,0.024
mc2024_track2-random_179_504,0.026
mc2024_track2-random_180_100,1.197
mc2024_track2-random_180_101,1.199
mc2024_track2-random_180_102,1.201
mc2024_track2-random_180_103,1.195
mc2024_track2-random_180_104,1.206
mc2024_track2-random_180_200,1.189
mc2024_track2-random_180_201,1.197
mc2024_track2-random_180_202,1.22
mc2024_track2-random_180_203,1.195
mc2024_track2-random_180_204,1.206
mc2024_track2-random_180_300,1.294
mc2024_track2-random_180_301,1.289
mc2024_track2-random_180_302,1.295
mc2024_track2-random_180_303,1.295
mc2024_track2-random_180_304,1.296
mc2024_track2-random_180_400,1.276
mc2024_track2-random_180_401,1.299
mc2024_track2-random_180_402,1.306
mc2024_track2-random_180_403,1.276
mc2024_track2-random_180_404,1.293
mc2024_track2-random_180_500,1.217
mc2024_track2-random_180_501,1.226
mc2024_track2-random_180_502,1.243
mc2024_track2-random_180_503,1.213
mc2024_track2-random_180_504,1.264
mc2024_track2-random_181_100,2.958
mc2024_track2-random_181_101,2.978
mc2024_track2-random_181_102,2.934
mc2024_track2-random_181_103,2.948
mc2024_track2-random_181_104,3.013
mc2024_track2-random_181_200,2.94
mc2024_track2-random_181_201,2.968
mc2024_track2-random_181_202,2.935
mc2024_track2-random_181_203,2.944
mc2024_track2-random_181_204,2.911
mc2024_track2-random_181_300,3.128
mc2024_track2-random_181_301,3.132
mc2024_track2-random_181_302,3.217
mc2024_track2-random_181_303,3.141
mc2024_track2-random_181_304,3.287
mc2024_track2-random_181_400,3.11
mc2024_track2-random_181_401,3.236
mc2024_track2-random_181_402,3.27
mc2024_track2-random_181_403,3.097
mc2024_track2-random_181_404,3.157
mc2024_track2-random_181_500,2.969
mc2024_track2-random_181_501,3.035
mc2024_track2-random_181_502,3.032
mc2024_track2-random_181_503,2.961
mc2024_track2-random_181_504,3.055
mc2024_track2-random_182_100,52.525
mc2024_track2-random_182_101,53.372
mc2024_track2-random_182_102,53.352
mc2024_track2-random_182_103,52.925
mc2024_track2-random_182_104,52.52
mc2024_track2-random_182_200,52.286
mc2024_track2-random_182_201,53.284
mc2024_track2-random_182_202,52.949
mc2024_track2-random_182_203,52.228
mc2024_track2-random_182_204,54.752
mc2024_track2-random_182_300,57.673
mc2024_track2-random_182_301,57.18
mc2024_track2-random_182_302,57.601
mc2024_track2-random_182_303,57.272
mc2024_track2-random_182_304,58.912
mc2024_track2-random_182_400,57.338
mc2024_track2-random_182_401,56.959
mc2024_track2-random_182_402,56.794
mc2024_track2-random_182_403,57.336
mc2024_track2-random_182_404,57.562
mc2024_track2-random_182_500,54.197
mc2024_track2-random_182_501,54.934
mc2024_track2-random_182_502,54.465
mc2024_track2-random_182_503,54.016
mc2024_track2-random_182_504,54.214
mc2024_track2-random_183_100,4.903
mc2024_track2-random_183_101,4.905
mc2024_track2-random_183_102,4.84
mc2024_track2-random_183_103,4.901
mc2024_track2-random_183_104,4.917
mc2024_track2-random_183_200,4.957
mc2024_track2-random_183_201,4.871
mc2024_track2-random_183_202,4.738
mc2024_track2-random_183_203,4.799
mc2024_track2-random_183_204,4.763
mc2024_track2-random_183_300,5.05
mc2024_track2-random_183_301,5.075
mc2024_track2-random_183_302,5.22
mc2024_track2-random_183_303,5.081
mc2024_track2-random_183_304,5.235
mc2024_track2-random_183_400,5.02
mc2024_track2-random_183_401,5.123
mc2024_track2-random_183_402,5.106
mc2024_track2-random_183_403,4.944
mc2024_track2-random_183_404,5.04
mc2024_track2-random_183_500,4.753
mc2024_track2-random_183_501,4.849
mc2024_track2-random_183_502,4.847
mc2024_track2-random_183_503,4.731
mc2024_track2-random_183_504,5.049
mc2024_track2-random_184_100,1.399
mc2024_track2-random_184_101,1.398
mc2024_track2-random_184_102,1.405
mc2024_track2-random_184_103,1.4
mc2024_track2-random_184_104,1.404
mc2024_track2-random_184_200,1.402
mc2024_track2-random_184_201,1.399
mc2024_track2-random_184_202,1.399
mc2024_track2-random_184_203,1.391
mc2024_track2-random_184_204,1.449
mc2024_track2-random_184_300,1.527
mc2024_track2-random_184_301,1.509
mc2024_track2-random_184_302,1.521
mc2024_track2-random_184_303,1.515
mc2024_track2-random_184_304,1.537
mc2024_track2-random_184_400,1.492
mc2024_track2-random_184_401,1.523
mc2024_track2-random_184_402,1.533
mc2024_track2-random_184_403,1.491
mc2024_track2-random_184_404,1.5
mc2024_track2-random_184_500,1.418
mc2024_track2-random_184_501,1.433
mc2024_track2-random_184_502,1.451
mc2024_track2-random_184_503,1.425
mc2024_track2-random_184_504,1.447
mc2024_track2-random_185_100,19.5
mc2024_track2-random_185_101,19.511
mc2024_track2-random_185_102,19.529
mc2024_track2-random_185_103,19.272
mc2024_track2-random_185_104,19.276
mc2024_track2-random_185_200,19.183
mc2024_track2-random_185_201,19.213
mc2024_track2-random_185_202,19.217
mc2024_track2-random_185_203,19.139
mc2024_track2-random_185_204,19.135
mc2024_track2-random_185_300,20.371
mc2024_track2-random_185_301,20.536
mc2024_track2-random_185_302,20.887
mc2024_track2-random_185_303,20.597
mc2024_track2-random_185_304,21.243
mc2024_track2-random_185_400,20.998
mc2024_track2-random_185_401,21.02
mc2024_track2-random_185_402,20.751
mc2024_track2-random_185_403,20.52
mc2024_track2-random_185_404,20.783
mc2024_track2-random_185_500,19.418
mc2024_track2-random_185_501,20.413
mc2024_track2-random_185_502,19.67
mc2024_track2-random_185_503,19.513
mc2024_track2-random_185_504,20.366
mc2024_track2-random_186_100,0.34
mc2024_track2-random_186_101,0.338
mc2024_track2-random_186_102,0.337
mc2024_track2-random_186_103,0.336
mc2024_track2-random_186_104,0.337
mc2024_track2-random_186_200,0.348
mc2024_track2-random_186_201,0.368
mc2024_track2-random_186_202,0.348
mc2024_track2-random_186_203,0.35
mc2024_track2-random_186_204,0.356
mc2024_track2-random_186_300,0.389
mc2024_track2-random_186_301,0.39
mc2024_track2-random_186_302,0.384
mc2024_track2-random_186_303,0.386
mc2024_track2-random_186_304,0.39
mc2024_track2-random_186_400,0.395
mc2024_track2-random_186_401,0.385
mc2024_track2-random_186_402,0.392
mc2024_track2-random_186_403,0.391
mc2024_track2-random_186_404,0.393
mc2024_track2-random_186_500,0.368
mc2024_track2-random_186_501,0.364
mc2024_track2-random_186_502,0.366
mc2024_track2-random_186_503,0.367
mc2024_track2-random_186_504,0.381
mc2024_track2-random_187_100,2.694
mc2024_track2-random_187_101,2.71
mc2024_track2-random_187_102,2.693
mc2024_track2-random_187_103,2.685
mc2024_track2-random_187_104,2.68
mc2024_track2-random_187_200,2.724
mc2024_track2-random_187_201,2.709
mc2024_track2-random_187_202,2.721
mc2024_track2-random_187_203,2.727
mc2024_track2-random_187_204,2.727
mc2024_track2-random_187_300,3.01
mc2024_track2-random_187_301,3.03
mc2024_track2-random_187_302,3.084
mc2024_track2-random_187_303,3.065
mc2024_track2-random_187_304,3.142
mc2024_track2-random_187_400,3.163
mc2024_track2-random_187_401,3.203
mc2024_track2-random_187_402,3.135
mc2024_track2-random_187_403,3.071
mc2024_track2-random_187_404,3.016
mc2024_track2-random_187_500,2.793
mc2024_track2-random_187_501,2.782
mc2024_track2-random_187_502,2.804
mc2024_track2-random_187_503,2.813
mc2024_track2-random_187_504,2.811
mc2024_track2-random_188_100,2.448
mc2024_track2-random_188_101,2.448
mc2024_track2-random_188_102,2.466
mc2024_track2-random_188_103,2.439
mc2024_track2-random_188_104,2.452
mc2024_track2-random_188_200,2.493
mc2024_track2-random_188_201,2.492
mc2024_track2-random_188_202,2.49
mc2024_track2-random_188_203,2.51
mc2024_track2-random_188_204,2.609
mc2024_track2-random_188_300,2.889
mc2024_track2-random_188_301,2.806
mc2024_track2-random_188_302,2.869
mc2024_track2-random_188_303,2.765
mc2024_track2-random_188_304,2.77
mc2024_track2-random_188_400,2.817
mc2024_track2-random_188_401,2.791
mc2024_track2-random_188_402,2.816
mc2024_track2-random_188_403,2.776
mc2024_track2-random_188_404,2.783
mc2024_track2-random_188_500,2.583
mc2024_track2-random_188_501,2.561
mc2024_track2-random_188_502,2.591
mc2024_track2-random_188_503,2.575
mc2024_track2-random_188_504,2.584
mc2024_track2-random_189_100,0.02
mc2024_track2-random_189_101,0.02
mc2024_track2-random_189_102,0.02
mc2024_track2-random_189_103,0.02
mc2024_track2-random_189_104,0.02
mc2024_track2-random_189_200,0.022
mc2024_track2-random_189_201,0.022
mc2024_track2-random_189_202,0.023
mc2024_track2-random_189_203,0.022
mc2024_track2-random_189_204,0.022
mc2024_track2-random_189_300,0.024
mc2024_track2-random_189_301,0.025
mc2024_track2-random_189_302,0.024
mc2024_track2-random_189_303,0.025
mc2024_track2-random_189_304,0.025
mc2024_track2-random_189_400,0.025
mc2024_track2-random_189_401,0.024
mc2024_track2-random_189_402,0.025
mc2024_track2-random_189_403,0.024
mc2024_track2-random_189_404,0.024
mc2024_track2-random_189_500,0.022
mc2024_track2-random_189_501,0.023
mc2024_track2-random_189_502,0.023
mc2024_track2-random_189_503,0.023
mc2024_track2-random_189_504,0.024
mc2024_track2-random_190_100,0.32
mc2024_track2-random_190_101,0.32
mc2024_track2-random_190_102,0.318
mc2024_track2-random_190_103,0.318
mc2024_track2-random_190_104,0.316
mc2024_track2-random_190_200,0.319
mc2024_track2-random_190_201,0.321
mc2024_track2-random_190_202,0.319
mc2024_track2-random_190_203,0.313
mc2024_track2-random_190_204,0.315
mc2024_track2-random_190_300,0.342
mc2024_track2-random_190_301,0.345
mc2024_track2-random_190_302,0.349
mc2024_track2-random_190_303,0.346
mc2024_track2-random_190_304,0.351
mc2024_track2-random_190_400,0.35
mc2024_track2-random_190_401,0.357
mc2024_track2-random_190_402,0.356
mc2024_track2-random_190_403,0.356
mc2024_track2-random_190_404,0.357
mc2024_track2-random_190_500,0.334
mc2024_track2-random_190_501,0.332
mc2024_track2-random_190_502,0.333
mc2024_track2-random_190_503,0.331
mc2024_track2-random_190_504,0.333
mc2024_track2-random_191_100,5.334
mc2024_track2-random_191_101,5.33
mc2024_track2-random_191_102,5.339
mc2024_track2-random_191_103,5.309
mc2024_track2-random_191_104,5.34
mc2024_track2-random_191_200,5.416
mc2024_track2-random_191_201,5.389
mc2024_track2-random_191_202,5.436
mc2024_track2-random_191_203,5.454
mc2024_track2-random_191_204,5.409
mc2024_track2-random_191_300,6.017
mc2024_track2-random_191_301,6.029
mc2024_track2-random_191_302,5.983
mc2024_track2-random_191_303,6.19
mc2024_track2-random_191_304,6.03
mc2024_track2-random_191_400,6.099
mc2024_track2-random_191_401,6.091
mc2024_track2-random_191_402,6.08
mc2024_track2-random_191_403,6.1
mc2024_track2-random_191_404,6.039
mc2024_track2-random_191_500,5.569
mc2024_track2-random_191_501,5.501
mc2024_track2-random_191_502,5.536
mc2024_track2-random_191_503,5.585
mc2024_track2-random_191_504,5.584
mc2024_track2-random_192_100,2.971
mc2024_track2-random_192_101,2.969
mc2024_track2-random_192_102,2.977
mc2024_track2-random_192_103,2.953
mc2024_track2-random_192_104,2.973
mc2024_track2-random_192_200,3.003
mc2024_track2-random_192_201,3.006
mc2024_track2-random_192_202,2.985
mc2024_track2-random_192_203,3.0
mc2024_track2-random_192_204,3.077
mc2024_track2-random_192_300,3.398
mc2024_track2-random_192_301,3.351
mc2024_track2-random_192_302,3.343
mc2024_track2-random_192_303,3.351
mc2024_track2-random_192_304,3.335
mc2024_track2-random_192_400,3.424
mc2024_track2-random_192_401,3.367
mc2024_track2-random_192_402,3.362
mc2024_track2-random_192_403,3.36
mc2024_track2-random_192_404,3.353
mc2024_track2-random_192_500,3.125
mc2024_track2-random_192_501,3.13
mc2024_track2-random_192_502,3.104
mc2024_track2-random_192_503,3.109
mc2024_track2-random_192_504,3.107
mc2024_track2-random_193_100,0.179
mc2024_track2-random_193_101,0.17
mc2024_track2-random_193_102,0.171
mc2024_track2-random_193_103,0.17
mc2024_track2-random_193_104,0.166
mc2024_track2-random_193_200,0.178
mc2024_track2-random_193_201,0.173
mc2024_track2-random_193_202,0.172
mc2024_track2-random_193_203,0.175
mc2024_track2-random_193_204,0.174
mc2024_track2-random_193_300,0.192
mc2024_track2-random_193_301,0.192
mc2024_track2-random_193_302,0.193
mc2024_track2-random_193_303,0.194
mc2024_track2-random_193_304,0.193
mc2024_track2-random_193_400,0.192
mc2024_track2-random_193_401,0.196
mc2024_track2-random_193_402,0.192
mc2024_track2-random_193_403,0.193
mc2024_track2-random_193_404,0.193
mc2024_track2-random_193_500,0.184
mc2024_track2-random_193_501,0.193
mc2024_track2-random_193_502,0.182
mc2024_track2-random_193_503,0.181
mc2024_track2-random_193_504,0.183
mc2024_track2-random_194_100,2.569
mc2024_track2-random_194_101,2.509
mc2024_track2-random_194_102,2.474
mc2024_track2-random_194_103,2.473
mc2024_track2-random_194_104,2.484
mc2024_track2-random_194_200,2.512
mc2024_track2-random_194_201,2.523
mc2024_track2-random_194_202,2.5
mc2024_track2-random_194_203,2.5
mc2024_track2-random_194_204,2.502
mc2024_track2-random_194_300,2.779
mc2024_track2-random_194_301,2.769
mc2024_track2-random_194_302,2.795
mc2024_track2-random_194_303,2.779
mc2024_track2-random_194_304,2.762
mc2024_track2-random_194_400,2.779
mc2024_track2-random_194_401,2.781
mc2024_track2-random_194_402,2.79
mc2024_track2-random_194_403,2.792
mc2024_track2-random_194_404,2.803
mc2024_track2-random_194_500,2.615
mc2024_track2-random_194_501,2.617
mc2024_track2-random_194_502,2.602
mc2024_track2-random_194_503,2.619
mc2024_track2-random_194_504,2.604
mc2024_track2-random_195_100,0.001
mc2024_track2-random_195_101,0.001
mc2024_track2-random_195_102,0.001
mc2024_track2-random_195_103,0.001
mc2024_track2-random_195_104,0.001
mc2024_track2-random_195_200,0.001
mc2024_track2-random_195_201,0.001
mc2024_track2-random_195_202,0.001
mc2024_track2-random_195_203,0.001
mc2024_track2-random_195_204,0.001
mc2024_track2-random_195_300,0.001
mc2024_track2-random_195_301,0.001
mc2024_track2-random_195_302,0.002
mc2024_track2-random_195_303,0.002
mc2024_track2-random_195_304,0.002
mc2024_track2-random_195_400,0.002
mc2024_track2-random_195_401,0.002
mc2024_track2-random_195_402,0.001
mc2024_track2-random_195_403,0.002
mc2024_track2-random_195_404,0.002
mc2024_track2-random_195_500,0.001
mc2024_track2-random_195_501,0.001
mc2024_track2-random_195_502,0.001
mc2024_track2-random_195_503,0.001
mc2024_track2-random_195_504,0.001
