mc2024_track2-random_002_100,314.738
mc2024_track2-random_002_101,313.638
mc2024_track2-random_002_102,311.971
mc2024_track2-random_002_103,312.777
mc2024_track2-random_002_104,314.179
mc2024_track2-random_002_200,454.163
mc2024_track2-random_002_201,488.157
mc2024_track2-random_002_202,456.542
mc2024_track2-random_002_203,506.379
mc2024_track2-random_002_204,500.116
mc2024_track2-random_002_300,364.692
mc2024_track2-random_002_301,368.022
mc2024_track2-random_002_302,361.345
mc2024_track2-random_002_303,367.398
mc2024_track2-random_002_304,362.974
mc2024_track2-random_002_400,448.014
mc2024_track2-random_002_401,487.949
mc2024_track2-random_002_402,484.38
mc2024_track2-random_002_403,482.633
mc2024_track2-random_002_404,500.875
mc2024_track2-random_002_500,440.663
mc2024_track2-random_002_501,371.977
mc2024_track2-random_002_502,449.52
mc2024_track2-random_002_503,408.594
mc2024_track2-random_002_504,418.615
mc2024_track2-random_003_100,61.212
mc2024_track2-random_003_101,61.717
mc2024_track2-random_003_102,61.249
mc2024_track2-random_003_103,60.871
mc2024_track2-random_003_104,61.317
mc2024_track2-random_003_200,85.607
mc2024_track2-random_003_201,82.586
mc2024_track2-random_003_202,86.147
mc2024_track2-random_003_203,88.372
mc2024_track2-random_003_204,90.389
mc2024_track2-random_003_300,69.446
mc2024_track2-random_003_301,70.036
mc2024_track2-random_003_302,68.255
mc2024_track2-random_003_303,70.039
mc2024_track2-random_003_304,69.052
mc2024_track2-random_003_400,85.39
mc2024_track2-random_003_401,89.906
mc2024_track2-random_003_402,86.766
mc2024_track2-random_003_403,84.691
mc2024_track2-random_003_404,87.286
mc2024_track2-random_003_500,62.689
mc2024_track2-random_003_501,66.449
mc2024_track2-random_003_502,60.346
mc2024_track2-random_003_503,62.454
mc2024_track2-random_003_504,59.689
mc2024_track2-random_007_100,1541.676
mc2024_track2-random_007_101,1504.362
mc2024_track2-random_007_102,1514.903
mc2024_track2-random_007_103,1481.74
mc2024_track2-random_007_104,1509.676
mc2024_track2-random_007_200,2286.948
mc2024_track2-random_007_201,2118.447
mc2024_track2-random_007_202,2305.541
mc2024_track2-random_007_203,2328.398
mc2024_track2-random_007_204,2376.875
mc2024_track2-random_007_300,1736.463
mc2024_track2-random_007_301,1749.853
mc2024_track2-random_007_302,1732.95
mc2024_track2-random_007_303,1742.506
mc2024_track2-random_007_304,1719.394
mc2024_track2-random_007_400,2165.771
mc2024_track2-random_007_401,2326.234
mc2024_track2-random_007_402,2286.6
mc2024_track2-random_007_403,2305.751
mc2024_track2-random_007_404,2247.967
mc2024_track2-random_007_500,1647.635
mc2024_track2-random_007_501,1689.8
mc2024_track2-random_007_502,1496.111
mc2024_track2-random_007_503,1668.539
mc2024_track2-random_007_504,1645.093
mc2024_track2-random_009_100,87.816
mc2024_track2-random_009_101,87.601
mc2024_track2-random_009_102,87.497
mc2024_track2-random_009_103,87.798
mc2024_track2-random_009_104,87.156
mc2024_track2-random_009_200,139.025
mc2024_track2-random_009_201,141.842
mc2024_track2-random_009_202,137.533
mc2024_track2-random_009_203,139.165
mc2024_track2-random_009_204,135.942
mc2024_track2-random_009_300,102.764
mc2024_track2-random_009_301,102.706
mc2024_track2-random_009_302,101.999
mc2024_track2-random_009_303,102.614
mc2024_track2-random_009_304,102.126
mc2024_track2-random_009_400,138.638
mc2024_track2-random_009_401,144.077
mc2024_track2-random_009_402,142.28
mc2024_track2-random_009_403,140.122
mc2024_track2-random_009_404,138.677
mc2024_track2-random_009_500,102.873
mc2024_track2-random_009_501,95.501
mc2024_track2-random_009_502,95.23
mc2024_track2-random_009_503,100.848
mc2024_track2-random_009_504,95.102
mc2024_track2-random_011_100,38.253
mc2024_track2-random_011_101,37.852
mc2024_track2-random_011_102,37.841
mc2024_track2-random_011_103,37.892
mc2024_track2-random_011_104,37.908
mc2024_track2-random_011_200,49.95
mc2024_track2-random_011_201,48.68
mc2024_track2-random_011_202,49.002
mc2024_track2-random_011_203,49.664
mc2024_track2-random_011_204,49.019
mc2024_track2-random_011_300,39.993
mc2024_track2-random_011_301,39.653
mc2024_track2-random_011_302,40.484
mc2024_track2-random_011_303,39.943
mc2024_track2-random_011_304,40.59
mc2024_track2-random_011_400,48.613
mc2024_track2-random_011_401,48.654
mc2024_track2-random_011_402,48.854
mc2024_track2-random_011_403,48.585
mc2024_track2-random_011_404,49.072
mc2024_track2-random_011_500,33.195
mc2024_track2-random_011_501,33.003
mc2024_track2-random_011_502,32.429
mc2024_track2-random_011_503,32.982
mc2024_track2-random_011_504,32.965
mc2024_track2-random_012_100,464.718
mc2024_track2-random_012_101,465.81
mc2024_track2-random_012_102,462.292
mc2024_track2-random_012_103,467.975
mc2024_track2-random_012_104,465.002
mc2024_track2-random_012_200,787.197
mc2024_track2-random_012_201,812.764
mc2024_track2-random_012_202,805.644
mc2024_track2-random_012_203,816.495
mc2024_track2-random_012_204,812.67
mc2024_track2-random_012_300,573.164
mc2024_track2-random_012_301,578.467
mc2024_track2-random_012_302,571.416
mc2024_track2-random_012_303,571.292
mc2024_track2-random_012_304,574.165
mc2024_track2-random_012_400,770.602
mc2024_track2-random_012_401,828.097
mc2024_track2-random_012_402,794.927
mc2024_track2-random_012_403,817.579
mc2024_track2-random_012_404,801.257
mc2024_track2-random_012_500,375.918
mc2024_track2-random_012_501,413.733
mc2024_track2-random_012_502,486.821
mc2024_track2-random_012_503,401.433
mc2024_track2-random_012_504,537.713
mc2024_track2-random_013_100,41.91
mc2024_track2-random_013_101,41.854
mc2024_track2-random_013_102,41.929
mc2024_track2-random_013_103,41.83
mc2024_track2-random_013_104,41.649
mc2024_track2-random_013_200,68.885
mc2024_track2-random_013_201,67.246
mc2024_track2-random_013_202,69.502
mc2024_track2-random_013_203,69.73
mc2024_track2-random_013_204,72.858
mc2024_track2-random_013_300,50.99
mc2024_track2-random_013_301,49.887
mc2024_track2-random_013_302,51.171
mc2024_track2-random_013_303,50.296
mc2024_track2-random_013_304,50.365
mc2024_track2-random_013_400,69.803
mc2024_track2-random_013_401,70.573
mc2024_track2-random_013_402,68.088
mc2024_track2-random_013_403,71.848
mc2024_track2-random_013_404,69.39
mc2024_track2-random_013_500,39.207
mc2024_track2-random_013_501,46.361
mc2024_track2-random_013_502,51.284
mc2024_track2-random_013_503,47.911
mc2024_track2-random_013_504,50.264
mc2024_track2-random_014_100,7.278
mc2024_track2-random_014_101,7.21
mc2024_track2-random_014_102,7.271
mc2024_track2-random_014_103,7.344
mc2024_track2-random_014_104,7.244
mc2024_track2-random_014_200,20.217
mc2024_track2-random_014_201,20.102
mc2024_track2-random_014_202,19.725
mc2024_track2-random_014_203,19.177
mc2024_track2-random_014_204,19.796
mc2024_track2-random_014_300,13.661
mc2024_track2-random_014_301,13.698
mc2024_track2-random_014_302,13.509
mc2024_track2-random_014_303,13.63
mc2024_track2-random_014_304,13.599
mc2024_track2-random_014_400,19.266
mc2024_track2-random_014_401,19.845
mc2024_track2-random_014_402,20.462
mc2024_track2-random_014_403,19.545
mc2024_track2-random_014_404,19.927
mc2024_track2-random_014_500,11.798
mc2024_track2-random_014_501,11.048
mc2024_track2-random_014_502,4.248
mc2024_track2-random_014_503,8.845
mc2024_track2-random_014_504,11.034
mc2024_track2-random_016_100,85.192
mc2024_track2-random_016_101,85.043
mc2024_track2-random_016_102,84.994
mc2024_track2-random_016_103,85.041
mc2024_track2-random_016_104,85.014
mc2024_track2-random_016_200,147.413
mc2024_track2-random_016_201,141.847
mc2024_track2-random_016_202,154.815
mc2024_track2-random_016_203,151.533
mc2024_track2-random_016_204,143.995
mc2024_track2-random_016_300,105.152
mc2024_track2-random_016_301,105.901
mc2024_track2-random_016_302,104.586
mc2024_track2-random_016_303,105.627
mc2024_track2-random_016_304,104.809
mc2024_track2-random_016_400,143.526
mc2024_track2-random_016_401,150.707
mc2024_track2-random_016_402,155.614
mc2024_track2-random_016_403,143.264
mc2024_track2-random_016_404,145.04
mc2024_track2-random_016_500,78.105
mc2024_track2-random_016_501,108.551
mc2024_track2-random_016_502,103.288
mc2024_track2-random_016_503,108.928
mc2024_track2-random_016_504,68.837
mc2024_track2-random_022_100,0.011
mc2024_track2-random_022_101,0.011
mc2024_track2-random_022_102,0.011
mc2024_track2-random_022_103,0.011
mc2024_track2-random_022_104,0.011
mc2024_track2-random_022_200,0.017
mc2024_track2-random_022_201,0.016
mc2024_track2-random_022_202,0.017
mc2024_track2-random_022_203,0.017
mc2024_track2-random_022_204,0.017
mc2024_track2-random_022_300,0.014
mc2024_track2-random_022_301,0.014
mc2024_track2-random_022_302,0.013
mc2024_track2-random_022_303,0.014
mc2024_track2-random_022_304,0.013
mc2024_track2-random_022_400,0.017
mc2024_track2-random_022_401,0.017
mc2024_track2-random_022_402,0.017
mc2024_track2-random_022_403,0.017
mc2024_track2-random_022_404,0.017
mc2024_track2-random_022_500,0.012
mc2024_track2-random_022_501,0.012
mc2024_track2-random_022_502,0.012
mc2024_track2-random_022_503,0.012
mc2024_track2-random_022_504,0.012
mc2024_track2-random_024_100,99.457
mc2024_track2-random_024_101,98.838
mc2024_track2-random_024_102,99.258
mc2024_track2-random_024_103,99.908
mc2024_track2-random_024_104,99.887
mc2024_track2-random_024_200,146.762
mc2024_track2-random_024_201,162.873
mc2024_track2-random_024_202,160.055
mc2024_track2-random_024_203,166.959
mc2024_track2-random_024_204,186.262
mc2024_track2-random_024_300,130.429
mc2024_track2-random_024_301,124.358
mc2024_track2-random_024_302,124.285
mc2024_track2-random_024_303,123.852
mc2024_track2-random_024_304,124.85
mc2024_track2-random_024_400,164.775
mc2024_track2-random_024_401,177.7
mc2024_track2-random_024_402,173.968
mc2024_track2-random_024_403,169.78
mc2024_track2-random_024_404,161.437
mc2024_track2-random_024_500,126.897
mc2024_track2-random_024_501,139.636
mc2024_track2-random_024_502,165.814
mc2024_track2-random_024_503,132.509
mc2024_track2-random_024_504,160.153
mc2024_track2-random_025_100,75.727
mc2024_track2-random_025_101,75.194
mc2024_track2-random_025_102,75.312
mc2024_track2-random_025_103,74.999
mc2024_track2-random_025_104,75.822
mc2024_track2-random_025_200,121.27
mc2024_track2-random_025_201,111.967
mc2024_track2-random_025_202,126.271
mc2024_track2-random_025_203,131.675
mc2024_track2-random_025_204,141.877
mc2024_track2-random_025_300,94.941
mc2024_track2-random_025_301,94.582
mc2024_track2-random_025_302,94.039
mc2024_track2-random_025_303,93.984
mc2024_track2-random_025_304,92.709
mc2024_track2-random_025_400,120.805
mc2024_track2-random_025_401,134.893
mc2024_track2-random_025_402,130.871
mc2024_track2-random_025_403,123.755
mc2024_track2-random_025_404,117.88
mc2024_track2-random_025_500,98.191
mc2024_track2-random_025_501,114.841
mc2024_track2-random_025_502,112.877
mc2024_track2-random_025_503,107.292
mc2024_track2-random_025_504,114.532
mc2024_track2-random_027_100,9.566
mc2024_track2-random_027_101,9.538
mc2024_track2-random_027_102,9.563
mc2024_track2-random_027_103,9.549
mc2024_track2-random_027_104,9.582
mc2024_track2-random_027_200,14.958
mc2024_track2-random_027_201,15.502
mc2024_track2-random_027_202,15.278
mc2024_track2-random_027_203,16.252
mc2024_track2-random_027_204,18.013
mc2024_track2-random_027_300,11.875
mc2024_track2-random_027_301,12.028
mc2024_track2-random_027_302,11.767
mc2024_track2-random_027_303,11.996
mc2024_track2-random_027_304,11.745
mc2024_track2-random_027_400,14.705
mc2024_track2-random_027_401,16.77
mc2024_track2-random_027_402,15.694
mc2024_track2-random_027_403,15.058
mc2024_track2-random_027_404,15.025
mc2024_track2-random_027_500,13.04
mc2024_track2-random_027_501,14.422
mc2024_track2-random_027_502,13.867
mc2024_track2-random_027_503,12.903
mc2024_track2-random_027_504,13.392
mc2024_track2-random_029_100,4.896
mc2024_track2-random_029_101,4.895
mc2024_track2-random_029_102,4.942
mc2024_track2-random_029_103,4.838
mc2024_track2-random_029_104,4.794
mc2024_track2-random_029_200,7.19
mc2024_track2-random_029_201,8.008
mc2024_track2-random_029_202,7.713
mc2024_track2-random_029_203,8.032
mc2024_track2-random_029_204,8.819
mc2024_track2-random_029_300,6.103
mc2024_track2-random_029_301,6.074
mc2024_track2-random_029_302,5.989
mc2024_track2-random_029_303,6.184
mc2024_track2-random_029_304,5.995
mc2024_track2-random_029_400,7.544
mc2024_track2-random_029_401,8.125
mc2024_track2-random_029_402,8.095
mc2024_track2-random_029_403,7.658
mc2024_track2-random_029_404,8.219
mc2024_track2-random_029_500,6.988
mc2024_track2-random_029_501,7.26
mc2024_track2-random_029_502,7.48
mc2024_track2-random_029_503,6.531
mc2024_track2-random_029_504,7.485
mc2024_track2-random_030_100,285.957
mc2024_track2-random_030_101,285.567
mc2024_track2-random_030_102,286.696
mc2024_track2-random_030_103,285.235
mc2024_track2-random_030_104,286.88
mc2024_track2-random_030_200,460.476
mc2024_track2-random_030_201,450.986
mc2024_track2-random_030_202,492.465
mc2024_track2-random_030_203,534.065
mc2024_track2-random_030_204,526.716
mc2024_track2-random_030_300,363.875
mc2024_track2-random_030_301,362.384
mc2024_track2-random_030_302,360.139
mc2024_track2-random_030_303,364.512
mc2024_track2-random_030_304,356.573
mc2024_track2-random_030_400,487.356
mc2024_track2-random_030_401,510.631
mc2024_track2-random_030_402,495.25
mc2024_track2-random_030_403,469.032
mc2024_track2-random_030_404,479.547
mc2024_track2-random_030_500,409.639
mc2024_track2-random_030_501,419.674
mc2024_track2-random_030_502,458.959
mc2024_track2-random_030_503,414.215
mc2024_track2-random_030_504,440.691
mc2024_track2-random_032_100,0.001
mc2024_track2-random_032_101,0.001
mc2024_track2-random_032_102,0.001
mc2024_track2-random_032_103,0.001
mc2024_track2-random_032_104,0.001
mc2024_track2-random_032_200,0.002
mc2024_track2-random_032_201,0.002
mc2024_track2-random_032_202,0.002
mc2024_track2-random_032_203,0.002
mc2024_track2-random_032_204,0.002
mc2024_track2-random_032_300,0.002
mc2024_track2-random_032_301,0.002
mc2024_track2-random_032_302,0.002
mc2024_track2-random_032_303,0.002
mc2024_track2-random_032_304,0.002
mc2024_track2-random_032_400,0.002
mc2024_track2-random_032_401,0.002
mc2024_track2-random_032_402,0.002
mc2024_track2-random_032_403,0.002
mc2024_track2-random_032_404,0.002
mc2024_track2-random_032_500,0.001
mc2024_track2-random_032_501,0.002
mc2024_track2-random_032_502,0.002
mc2024_track2-random_032_503,0.002
mc2024_track2-random_032_504,0.002
mc2024_track2-random_035_100,0.002
mc2024_track2-random_035_101,0.002
mc2024_track2-random_035_102,0.002
mc2024_track2-random_035_103,0.002
mc2024_track2-random_035_104,0.002
mc2024_track2-random_035_200,0.003
mc2024_track2-random_035_201,0.003
mc2024_track2-random_035_202,0.003
mc2024_track2-random_035_203,0.003
mc2024_track2-random_035_204,0.003
mc2024_track2-random_035_300,0.003
mc2024_track2-random_035_301,0.003
mc2024_track2-random_035_302,0.003
mc2024_track2-random_035_303,0.003
mc2024_track2-random_035_304,0.003
mc2024_track2-random_035_400,0.003
mc2024_track2-random_035_401,0.003
mc2024_track2-random_035_402,0.003
mc2024_track2-random_035_403,0.003
mc2024_track2-random_035_404,0.003
mc2024_track2-random_035_500,0.002
mc2024_track2-random_035_501,0.002
mc2024_track2-random_035_502,0.002
mc2024_track2-random_035_503,0.002
mc2024_track2-random_035_504,0.002
mc2024_track2-random_036_100,717.032
mc2024_track2-random_036_101,718.911
mc2024_track2-random_036_102,714.435
mc2024_track2-random_036_103,713.423
mc2024_track2-random_036_104,710.567
mc2024_track2-random_036_200,931.246
mc2024_track2-random_036_201,965.423
mc2024_track2-random_036_202,965.067
mc2024_track2-random_036_203,1036.081
mc2024_track2-random_036_204,1071.932
mc2024_track2-random_036_300,810.484
mc2024_track2-random_036_301,807.43
mc2024_track2-random_036_302,800.641
mc2024_track2-random_036_303,816.069
mc2024_track2-random_036_304,808.953
mc2024_track2-random_036_400,975.113
mc2024_track2-random_036_401,1022.329
mc2024_track2-random_036_402,1014.554
mc2024_track2-random_036_403,1008.543
mc2024_track2-random_036_404,1033.4
mc2024_track2-random_036_500,702.923
mc2024_track2-random_036_501,740.917
mc2024_track2-random_036_502,712.905
mc2024_track2-random_036_503,650.716
mc2024_track2-random_036_504,677.479
mc2024_track2-random_040_100,0.002
mc2024_track2-random_040_101,0.002
mc2024_track2-random_040_102,0.002
mc2024_track2-random_040_103,0.002
mc2024_track2-random_040_104,0.002
mc2024_track2-random_040_200,0.003
mc2024_track2-random_040_201,0.003
mc2024_track2-random_040_202,0.003
mc2024_track2-random_040_203,0.003
mc2024_track2-random_040_204,0.003
mc2024_track2-random_040_300,0.003
mc2024_track2-random_040_301,0.003
mc2024_track2-random_040_302,0.003
mc2024_track2-random_040_303,0.003
mc2024_track2-random_040_304,0.003
mc2024_track2-random_040_400,0.003
mc2024_track2-random_040_401,0.003
mc2024_track2-random_040_402,0.003
mc2024_track2-random_040_403,0.003
mc2024_track2-random_040_404,0.003
mc2024_track2-random_040_500,0.002
mc2024_track2-random_040_501,0.002
mc2024_track2-random_040_502,0.002
mc2024_track2-random_040_503,0.002
mc2024_track2-random_040_504,0.002
mc2024_track2-random_041_100,282.534
mc2024_track2-random_041_101,282.671
mc2024_track2-random_041_102,282.578
mc2024_track2-random_041_103,281.178
mc2024_track2-random_041_104,283.57
mc2024_track2-random_041_200,364.077
mc2024_track2-random_041_201,360.372
mc2024_track2-random_041_202,381.481
mc2024_track2-random_041_203,377.317
mc2024_track2-random_041_204,394.616
mc2024_track2-random_041_300,317.285
mc2024_track2-random_041_301,317.237
mc2024_track2-random_041_302,311.934
mc2024_track2-random_041_303,314.896
mc2024_track2-random_041_304,308.862
mc2024_track2-random_041_400,382.817
mc2024_track2-random_041_401,401.908
mc2024_track2-random_041_402,386.212
mc2024_track2-random_041_403,364.655
mc2024_track2-random_041_404,373.862
mc2024_track2-random_041_500,271.756
mc2024_track2-random_041_501,267.665
mc2024_track2-random_041_502,260.64
mc2024_track2-random_041_503,271.685
mc2024_track2-random_041_504,266.184
mc2024_track2-random_047_100,0.028
mc2024_track2-random_047_101,0.029
mc2024_track2-random_047_102,0.028
mc2024_track2-random_047_103,0.029
mc2024_track2-random_047_104,0.028
mc2024_track2-random_047_200,0.079
mc2024_track2-random_047_201,0.08
mc2024_track2-random_047_202,0.078
mc2024_track2-random_047_203,0.081
mc2024_track2-random_047_204,0.08
mc2024_track2-random_047_300,0.056
mc2024_track2-random_047_301,0.058
mc2024_track2-random_047_302,0.056
mc2024_track2-random_047_303,0.056
mc2024_track2-random_047_304,0.056
mc2024_track2-random_047_400,0.079
mc2024_track2-random_047_401,0.077
mc2024_track2-random_047_402,0.08
mc2024_track2-random_047_403,0.076
mc2024_track2-random_047_404,0.077
mc2024_track2-random_047_500,0.046
mc2024_track2-random_047_501,0.049
mc2024_track2-random_047_502,0.043
mc2024_track2-random_047_503,0.045
mc2024_track2-random_047_504,0.042
mc2024_track2-random_049_100,1.103
mc2024_track2-random_049_101,1.097
mc2024_track2-random_049_102,1.097
mc2024_track2-random_049_103,1.1
mc2024_track2-random_049_104,1.088
mc2024_track2-random_049_200,2.72
mc2024_track2-random_049_201,2.841
mc2024_track2-random_049_202,2.662
mc2024_track2-random_049_203,2.846
mc2024_track2-random_049_204,2.755
mc2024_track2-random_049_300,1.931
mc2024_track2-random_049_301,1.923
mc2024_track2-random_049_302,1.935
mc2024_track2-random_049_303,1.943
mc2024_track2-random_049_304,1.918
mc2024_track2-random_049_400,2.89
mc2024_track2-random_049_401,2.902
mc2024_track2-random_049_402,2.762
mc2024_track2-random_049_403,2.862
mc2024_track2-random_049_404,2.78
mc2024_track2-random_049_500,1.587
mc2024_track2-random_049_501,1.459
mc2024_track2-random_049_502,1.181
mc2024_track2-random_049_503,1.57
mc2024_track2-random_049_504,1.573
mc2024_track2-random_050_100,0.479
mc2024_track2-random_050_101,0.474
mc2024_track2-random_050_102,0.474
mc2024_track2-random_050_103,0.476
mc2024_track2-random_050_104,0.478
mc2024_track2-random_050_200,1.12
mc2024_track2-random_050_201,1.107
mc2024_track2-random_050_202,1.103
mc2024_track2-random_050_203,1.09
mc2024_track2-random_050_204,1.109
mc2024_track2-random_050_300,0.978
mc2024_track2-random_050_301,1.029
mc2024_track2-random_050_302,0.957
mc2024_track2-random_050_303,0.973
mc2024_track2-random_050_304,0.952
mc2024_track2-random_050_400,1.04
mc2024_track2-random_050_401,1.037
mc2024_track2-random_050_402,1.003
mc2024_track2-random_050_403,1.027
mc2024_track2-random_050_404,1.029
mc2024_track2-random_050_500,0.766
mc2024_track2-random_050_501,0.867
mc2024_track2-random_050_502,0.809
mc2024_track2-random_050_503,0.777
mc2024_track2-random_050_504,0.813
mc2024_track2-random_053_100,0.037
mc2024_track2-random_053_101,0.036
mc2024_track2-random_053_102,0.036
mc2024_track2-random_053_103,0.036
mc2024_track2-random_053_104,0.037
mc2024_track2-random_053_200,0.054
mc2024_track2-random_053_201,0.055
mc2024_track2-random_053_202,0.053
mc2024_track2-random_053_203,0.062
mc2024_track2-random_053_204,0.064
mc2024_track2-random_053_300,0.055
mc2024_track2-random_053_301,0.046
mc2024_track2-random_053_302,0.045
mc2024_track2-random_053_303,0.044
mc2024_track2-random_053_304,0.044
mc2024_track2-random_053_400,0.057
mc2024_track2-random_053_401,0.059
mc2024_track2-random_053_402,0.058
mc2024_track2-random_053_403,0.058
mc2024_track2-random_053_404,0.06
mc2024_track2-random_053_500,0.03
mc2024_track2-random_053_501,0.034
mc2024_track2-random_053_502,0.017
mc2024_track2-random_053_503,0.034
mc2024_track2-random_053_504,0.036
mc2024_track2-random_054_100,0.0
mc2024_track2-random_054_101,0.0
mc2024_track2-random_054_102,0.0
mc2024_track2-random_054_103,0.0
mc2024_track2-random_054_104,0.0
mc2024_track2-random_054_200,0.001
mc2024_track2-random_054_201,0.001
mc2024_track2-random_054_202,0.001
mc2024_track2-random_054_203,0.001
mc2024_track2-random_054_204,0.001
mc2024_track2-random_054_300,0.001
mc2024_track2-random_054_301,0.001
mc2024_track2-random_054_302,0.001
mc2024_track2-random_054_303,0.001
mc2024_track2-random_054_304,0.001
mc2024_track2-random_054_400,0.001
mc2024_track2-random_054_401,0.001
mc2024_track2-random_054_402,0.001
mc2024_track2-random_054_403,0.001
mc2024_track2-random_054_404,0.001
mc2024_track2-random_054_500,0.0
mc2024_track2-random_054_501,0.0
mc2024_track2-random_054_502,0.0
mc2024_track2-random_054_503,0.0
mc2024_track2-random_054_504,0.0
mc2024_track2-random_055_100,0.003
mc2024_track2-random_055_101,0.003
mc2024_track2-random_055_102,0.003
mc2024_track2-random_055_103,0.003
mc2024_track2-random_055_104,0.003
mc2024_track2-random_055_200,0.004
mc2024_track2-random_055_201,0.004
mc2024_track2-random_055_202,0.004
mc2024_track2-random_055_203,0.004
mc2024_track2-random_055_204,0.004
mc2024_track2-random_055_300,0.003
mc2024_track2-random_055_301,0.003
mc2024_track2-random_055_302,0.003
mc2024_track2-random_055_303,0.003
mc2024_track2-random_055_304,0.003
mc2024_track2-random_055_400,0.004
mc2024_track2-random_055_401,0.004
mc2024_track2-random_055_402,0.004
mc2024_track2-random_055_403,0.004
mc2024_track2-random_055_404,0.004
mc2024_track2-random_055_500,0.002
mc2024_track2-random_055_501,0.003
mc2024_track2-random_055_502,0.003
mc2024_track2-random_055_503,0.003
mc2024_track2-random_055_504,0.003
mc2024_track2-random_056_100,0.016
mc2024_track2-random_056_101,0.016
mc2024_track2-random_056_102,0.016
mc2024_track2-random_056_103,0.016
mc2024_track2-random_056_104,0.016
mc2024_track2-random_056_200,0.024
mc2024_track2-random_056_201,0.023
mc2024_track2-random_056_202,0.025
mc2024_track2-random_056_203,0.027
mc2024_track2-random_056_204,0.026
mc2024_track2-random_056_300,0.019
mc2024_track2-random_056_301,0.019
mc2024_track2-random_056_302,0.019
mc2024_track2-random_056_303,0.019
mc2024_track2-random_056_304,0.019
mc2024_track2-random_056_400,0.027
mc2024_track2-random_056_401,0.026
mc2024_track2-random_056_402,0.024
mc2024_track2-random_056_403,0.026
mc2024_track2-random_056_404,0.025
mc2024_track2-random_056_500,0.009
mc2024_track2-random_056_501,0.013
mc2024_track2-random_056_502,0.006
mc2024_track2-random_056_503,0.015
mc2024_track2-random_056_504,0.016
mc2024_track2-random_057_100,0.0
mc2024_track2-random_057_101,0.0
mc2024_track2-random_057_102,0.0
mc2024_track2-random_057_103,0.0
mc2024_track2-random_057_104,0.0
mc2024_track2-random_057_200,0.001
mc2024_track2-random_057_201,0.001
mc2024_track2-random_057_202,0.001
mc2024_track2-random_057_203,0.001
mc2024_track2-random_057_204,0.001
mc2024_track2-random_057_300,0.001
mc2024_track2-random_057_301,0.001
mc2024_track2-random_057_302,0.001
mc2024_track2-random_057_303,0.001
mc2024_track2-random_057_304,0.001
mc2024_track2-random_057_400,0.001
mc2024_track2-random_057_401,0.001
mc2024_track2-random_057_402,0.001
mc2024_track2-random_057_403,0.001
mc2024_track2-random_057_404,0.001
mc2024_track2-random_057_500,0.0
mc2024_track2-random_057_501,0.0
mc2024_track2-random_057_502,0.0
mc2024_track2-random_057_503,0.0
mc2024_track2-random_057_504,0.0
mc2024_track2-random_058_100,0.037
mc2024_track2-random_058_101,0.037
mc2024_track2-random_058_102,0.038
mc2024_track2-random_058_103,0.037
mc2024_track2-random_058_104,0.037
mc2024_track2-random_058_200,0.075
mc2024_track2-random_058_201,0.072
mc2024_track2-random_058_202,0.071
mc2024_track2-random_058_203,0.076
mc2024_track2-random_058_204,0.075
mc2024_track2-random_058_300,0.056
mc2024_track2-random_058_301,0.056
mc2024_track2-random_058_302,0.055
mc2024_track2-random_058_303,0.056
mc2024_track2-random_058_304,0.055
mc2024_track2-random_058_400,0.076
mc2024_track2-random_058_401,0.076
mc2024_track2-random_058_402,0.075
mc2024_track2-random_058_403,0.075
mc2024_track2-random_058_404,0.074
mc2024_track2-random_058_500,0.041
mc2024_track2-random_058_501,0.047
mc2024_track2-random_058_502,0.047
mc2024_track2-random_058_503,0.043
mc2024_track2-random_058_504,0.042
mc2024_track2-random_059_100,109.878
mc2024_track2-random_059_101,110.087
mc2024_track2-random_059_102,109.837
mc2024_track2-random_059_103,109.269
mc2024_track2-random_059_104,109.052
mc2024_track2-random_059_200,218.067
mc2024_track2-random_059_201,213.147
mc2024_track2-random_059_202,217.526
mc2024_track2-random_059_203,218.69
mc2024_track2-random_059_204,211.841
mc2024_track2-random_059_300,154.191
mc2024_track2-random_059_301,153.908
mc2024_track2-random_059_302,152.208
mc2024_track2-random_059_303,154.323
mc2024_track2-random_059_304,152.245
mc2024_track2-random_059_400,212.53
mc2024_track2-random_059_401,218.824
mc2024_track2-random_059_402,214.547
mc2024_track2-random_059_403,213.062
mc2024_track2-random_059_404,210.32
mc2024_track2-random_059_500,121.732
mc2024_track2-random_059_501,103.627
mc2024_track2-random_059_502,112.899
mc2024_track2-random_059_503,76.352
mc2024_track2-random_059_504,36.286
mc2024_track2-random_060_100,3.125
mc2024_track2-random_060_101,3.1
mc2024_track2-random_060_102,3.107
mc2024_track2-random_060_103,3.087
mc2024_track2-random_060_104,3.113
mc2024_track2-random_060_200,5.248
mc2024_track2-random_060_201,4.661
mc2024_track2-random_060_202,5.119
mc2024_track2-random_060_203,5.032
mc2024_track2-random_060_204,5.07
mc2024_track2-random_060_300,3.818
mc2024_track2-random_060_301,3.768
mc2024_track2-random_060_302,3.743
mc2024_track2-random_060_303,3.784
mc2024_track2-random_060_304,3.694
mc2024_track2-random_060_400,5.129
mc2024_track2-random_060_401,5.251
mc2024_track2-random_060_402,5.074
mc2024_track2-random_060_403,4.991
mc2024_track2-random_060_404,5.042
mc2024_track2-random_060_500,2.668
mc2024_track2-random_060_501,2.588
mc2024_track2-random_060_502,2.881
mc2024_track2-random_060_503,2.688
mc2024_track2-random_060_504,1.934
mc2024_track2-random_061_100,0.651
mc2024_track2-random_061_101,0.643
mc2024_track2-random_061_102,0.648
mc2024_track2-random_061_103,0.643
mc2024_track2-random_061_104,0.648
mc2024_track2-random_061_200,1.031
mc2024_track2-random_061_201,1.009
mc2024_track2-random_061_202,1.022
mc2024_track2-random_061_203,1.088
mc2024_track2-random_061_204,1.112
mc2024_track2-random_061_300,0.792
mc2024_track2-random_061_301,0.789
mc2024_track2-random_061_302,0.782
mc2024_track2-random_061_303,0.79
mc2024_track2-random_061_304,0.768
mc2024_track2-random_061_400,1.031
mc2024_track2-random_061_401,1.072
mc2024_track2-random_061_402,1.036
mc2024_track2-random_061_403,1.032
mc2024_track2-random_061_404,1.084
mc2024_track2-random_061_500,0.56
mc2024_track2-random_061_501,0.701
mc2024_track2-random_061_502,0.695
mc2024_track2-random_061_503,0.556
mc2024_track2-random_061_504,0.581
mc2024_track2-random_062_100,0.0
mc2024_track2-random_062_101,0.0
mc2024_track2-random_062_102,0.0
mc2024_track2-random_062_103,0.0
mc2024_track2-random_062_104,0.0
mc2024_track2-random_062_200,0.0
mc2024_track2-random_062_201,0.0
mc2024_track2-random_062_202,0.0
mc2024_track2-random_062_203,0.0
mc2024_track2-random_062_204,0.0
mc2024_track2-random_062_300,0.0
mc2024_track2-random_062_301,0.0
mc2024_track2-random_062_302,0.0
mc2024_track2-random_062_303,0.0
mc2024_track2-random_062_304,0.0
mc2024_track2-random_062_400,0.0
mc2024_track2-random_062_401,0.0
mc2024_track2-random_062_402,0.0
mc2024_track2-random_062_403,0.0
mc2024_track2-random_062_404,0.0
mc2024_track2-random_062_500,0.0
mc2024_track2-random_062_501,0.0
mc2024_track2-random_062_502,0.0
mc2024_track2-random_062_503,0.0
mc2024_track2-random_062_504,0.0
mc2024_track2-random_063_100,0.001
mc2024_track2-random_063_101,0.001
mc2024_track2-random_063_102,0.001
mc2024_track2-random_063_103,0.001
mc2024_track2-random_063_104,0.001
mc2024_track2-random_063_200,0.001
mc2024_track2-random_063_201,0.001
mc2024_track2-random_063_202,0.001
mc2024_track2-random_063_203,0.001
mc2024_track2-random_063_204,0.001
mc2024_track2-random_063_300,0.001
mc2024_track2-random_063_301,0.001
mc2024_track2-random_063_302,0.001
mc2024_track2-random_063_303,0.001
mc2024_track2-random_063_304,0.001
mc2024_track2-random_063_400,0.001
mc2024_track2-random_063_401,0.001
mc2024_track2-random_063_402,0.001
mc2024_track2-random_063_403,0.001
mc2024_track2-random_063_404,0.001
mc2024_track2-random_063_500,0.001
mc2024_track2-random_063_501,0.001
mc2024_track2-random_063_502,0.001
mc2024_track2-random_063_503,0.001
mc2024_track2-random_063_504,0.001
mc2024_track2-random_064_100,0.841
mc2024_track2-random_064_101,0.839
mc2024_track2-random_064_102,0.841
mc2024_track2-random_064_103,0.841
mc2024_track2-random_064_104,0.841
mc2024_track2-random_064_200,1.709
mc2024_track2-random_064_201,1.629
mc2024_track2-random_064_202,1.662
mc2024_track2-random_064_203,1.681
mc2024_track2-random_064_204,1.739
mc2024_track2-random_064_300,1.228
mc2024_track2-random_064_301,1.23
mc2024_track2-random_064_302,1.213
mc2024_track2-random_064_303,1.229
mc2024_track2-random_064_304,1.205
mc2024_track2-random_064_400,1.686
mc2024_track2-random_064_401,1.721
mc2024_track2-random_064_402,1.737
mc2024_track2-random_064_403,1.624
mc2024_track2-random_064_404,1.618
mc2024_track2-random_064_500,1.036
mc2024_track2-random_064_501,0.912
mc2024_track2-random_064_502,0.868
mc2024_track2-random_064_503,0.998
mc2024_track2-random_064_504,0.893
mc2024_track2-random_065_100,0.51
mc2024_track2-random_065_101,0.511
mc2024_track2-random_065_102,0.509
mc2024_track2-random_065_103,0.507
mc2024_track2-random_065_104,0.504
mc2024_track2-random_065_200,1.024
mc2024_track2-random_065_201,1.028
mc2024_track2-random_065_202,1.065
mc2024_track2-random_065_203,1.063
mc2024_track2-random_065_204,1.098
mc2024_track2-random_065_300,0.768
mc2024_track2-random_065_301,0.773
mc2024_track2-random_065_302,0.757
mc2024_track2-random_065_303,0.77
mc2024_track2-random_065_304,0.763
mc2024_track2-random_065_400,1.079
mc2024_track2-random_065_401,1.131
mc2024_track2-random_065_402,1.078
mc2024_track2-random_065_403,1.076
mc2024_track2-random_065_404,1.097
mc2024_track2-random_065_500,0.642
mc2024_track2-random_065_501,0.515
mc2024_track2-random_065_502,0.614
mc2024_track2-random_065_503,0.531
mc2024_track2-random_065_504,0.63
mc2024_track2-random_066_100,0.171
mc2024_track2-random_066_101,0.17
mc2024_track2-random_066_102,0.175
mc2024_track2-random_066_103,0.172
mc2024_track2-random_066_104,0.172
mc2024_track2-random_066_200,0.317
mc2024_track2-random_066_201,0.323
mc2024_track2-random_066_202,0.322
mc2024_track2-random_066_203,0.327
mc2024_track2-random_066_204,0.336
mc2024_track2-random_066_300,0.238
mc2024_track2-random_066_301,0.239
mc2024_track2-random_066_302,0.237
mc2024_track2-random_066_303,0.243
mc2024_track2-random_066_304,0.237
mc2024_track2-random_066_400,0.314
mc2024_track2-random_066_401,0.335
mc2024_track2-random_066_402,0.326
mc2024_track2-random_066_403,0.322
mc2024_track2-random_066_404,0.324
mc2024_track2-random_066_500,0.217
mc2024_track2-random_066_501,0.205
mc2024_track2-random_066_502,0.142
mc2024_track2-random_066_503,0.172
mc2024_track2-random_066_504,0.202
mc2024_track2-random_067_100,0.143
mc2024_track2-random_067_101,0.148
mc2024_track2-random_067_102,0.144
mc2024_track2-random_067_103,0.144
mc2024_track2-random_067_104,0.145
mc2024_track2-random_067_200,0.222
mc2024_track2-random_067_201,0.224
mc2024_track2-random_067_202,0.239
mc2024_track2-random_067_203,0.245
mc2024_track2-random_067_204,0.258
mc2024_track2-random_067_300,0.17
mc2024_track2-random_067_301,0.173
mc2024_track2-random_067_302,0.172
mc2024_track2-random_067_303,0.172
mc2024_track2-random_067_304,0.17
mc2024_track2-random_067_400,0.226
mc2024_track2-random_067_401,0.242
mc2024_track2-random_067_402,0.224
mc2024_track2-random_067_403,0.218
mc2024_track2-random_067_404,0.242
mc2024_track2-random_067_500,0.13
mc2024_track2-random_067_501,0.163
mc2024_track2-random_067_502,0.12
mc2024_track2-random_067_503,0.129
mc2024_track2-random_067_504,0.105
mc2024_track2-random_069_100,358.364
mc2024_track2-random_069_101,355.27
mc2024_track2-random_069_102,356.874
mc2024_track2-random_069_103,357.27
mc2024_track2-random_069_104,355.364
mc2024_track2-random_069_200,548.837
mc2024_track2-random_069_201,517.812
mc2024_track2-random_069_202,521.345
mc2024_track2-random_069_203,586.939
mc2024_track2-random_069_204,622.774
mc2024_track2-random_069_300,436.055
mc2024_track2-random_069_301,429.021
mc2024_track2-random_069_302,427.724
mc2024_track2-random_069_303,438.039
mc2024_track2-random_069_304,429.581
mc2024_track2-random_069_400,568.662
mc2024_track2-random_069_401,632.489
mc2024_track2-random_069_402,557.062
mc2024_track2-random_069_403,558.703
mc2024_track2-random_069_404,563.676
mc2024_track2-random_069_500,463.697
mc2024_track2-random_069_501,463.118
mc2024_track2-random_069_502,536.289
mc2024_track2-random_069_503,420.655
mc2024_track2-random_069_504,498.58
mc2024_track2-random_074_100,284.687
mc2024_track2-random_074_101,284.744
mc2024_track2-random_074_102,284.357
mc2024_track2-random_074_103,286.849
mc2024_track2-random_074_104,289.313
mc2024_track2-random_074_200,443.023
mc2024_track2-random_074_201,408.278
mc2024_track2-random_074_202,445.956
mc2024_track2-random_074_203,438.416
mc2024_track2-random_074_204,447.69
mc2024_track2-random_074_300,339.125
mc2024_track2-random_074_301,343.434
mc2024_track2-random_074_302,342.039
mc2024_track2-random_074_303,342.054
mc2024_track2-random_074_304,341.344
mc2024_track2-random_074_400,455.218
mc2024_track2-random_074_401,443.997
mc2024_track2-random_074_402,453.425
mc2024_track2-random_074_403,435.539
mc2024_track2-random_074_404,445.537
mc2024_track2-random_074_500,354.061
mc2024_track2-random_074_501,370.441
mc2024_track2-random_074_502,376.672
mc2024_track2-random_074_503,368.872
mc2024_track2-random_074_504,358.727
mc2024_track2-random_076_100,0.02
mc2024_track2-random_076_101,0.02
mc2024_track2-random_076_102,0.02
mc2024_track2-random_076_103,0.02
mc2024_track2-random_076_104,0.02
mc2024_track2-random_076_200,0.026
mc2024_track2-random_076_201,0.025
mc2024_track2-random_076_202,0.026
mc2024_track2-random_076_203,0.026
mc2024_track2-random_076_204,0.026
mc2024_track2-random_076_300,0.022
mc2024_track2-random_076_301,0.022
mc2024_track2-random_076_302,0.021
mc2024_track2-random_076_303,0.022
mc2024_track2-random_076_304,0.022
mc2024_track2-random_076_400,0.026
mc2024_track2-random_076_401,0.027
mc2024_track2-random_076_402,0.027
mc2024_track2-random_076_403,0.025
mc2024_track2-random_076_404,0.026
mc2024_track2-random_076_500,0.017
mc2024_track2-random_076_501,0.017
mc2024_track2-random_076_502,0.018
mc2024_track2-random_076_503,0.018
mc2024_track2-random_076_504,0.017
mc2024_track2-random_082_100,0.002
mc2024_track2-random_082_101,0.002
mc2024_track2-random_082_102,0.002
mc2024_track2-random_082_103,0.002
mc2024_track2-random_082_104,0.002
mc2024_track2-random_082_200,0.003
mc2024_track2-random_082_201,0.003
mc2024_track2-random_082_202,0.003
mc2024_track2-random_082_203,0.003
mc2024_track2-random_082_204,0.004
mc2024_track2-random_082_300,0.003
mc2024_track2-random_082_301,0.003
mc2024_track2-random_082_302,0.003
mc2024_track2-random_082_303,0.003
mc2024_track2-random_082_304,0.003
mc2024_track2-random_082_400,0.003
mc2024_track2-random_082_401,0.003
mc2024_track2-random_082_402,0.003
mc2024_track2-random_082_403,0.003
mc2024_track2-random_082_404,0.003
mc2024_track2-random_082_500,0.001
mc2024_track2-random_082_501,0.001
mc2024_track2-random_082_502,0.001
mc2024_track2-random_082_503,0.001
mc2024_track2-random_082_504,0.001
mc2024_track2-random_083_100,0.001
mc2024_track2-random_083_101,0.001
mc2024_track2-random_083_102,0.001
mc2024_track2-random_083_103,0.001
mc2024_track2-random_083_104,0.001
mc2024_track2-random_083_200,0.003
mc2024_track2-random_083_201,0.002
mc2024_track2-random_083_202,0.002
mc2024_track2-random_083_203,0.003
mc2024_track2-random_083_204,0.003
mc2024_track2-random_083_300,0.002
mc2024_track2-random_083_301,0.002
mc2024_track2-random_083_302,0.002
mc2024_track2-random_083_303,0.002
mc2024_track2-random_083_304,0.002
mc2024_track2-random_083_400,0.002
mc2024_track2-random_083_401,0.003
mc2024_track2-random_083_402,0.003
mc2024_track2-random_083_403,0.002
mc2024_track2-random_083_404,0.003
mc2024_track2-random_083_500,0.001
mc2024_track2-random_083_501,0.001
mc2024_track2-random_083_502,0.001
mc2024_track2-random_083_503,0.001
mc2024_track2-random_083_504,0.001
mc2024_track2-random_084_100,0.001
mc2024_track2-random_084_101,0.001
mc2024_track2-random_084_102,0.001
mc2024_track2-random_084_103,0.001
mc2024_track2-random_084_104,0.001
mc2024_track2-random_084_200,0.001
mc2024_track2-random_084_201,0.001
mc2024_track2-random_084_202,0.001
mc2024_track2-random_084_203,0.001
mc2024_track2-random_084_204,0.001
mc2024_track2-random_084_300,0.001
mc2024_track2-random_084_301,0.001
mc2024_track2-random_084_302,0.001
mc2024_track2-random_084_303,0.001
mc2024_track2-random_084_304,0.001
mc2024_track2-random_084_400,0.001
mc2024_track2-random_084_401,0.001
mc2024_track2-random_084_402,0.001
mc2024_track2-random_084_403,0.001
mc2024_track2-random_084_404,0.001
mc2024_track2-random_084_500,0.0
mc2024_track2-random_084_501,0.0
mc2024_track2-random_084_502,0.0
mc2024_track2-random_084_503,0.0
mc2024_track2-random_084_504,0.0
mc2024_track2-random_085_100,0.001
mc2024_track2-random_085_101,0.001
mc2024_track2-random_085_102,0.001
mc2024_track2-random_085_103,0.001
mc2024_track2-random_085_104,0.001
mc2024_track2-random_085_200,0.002
mc2024_track2-random_085_201,0.002
mc2024_track2-random_085_202,0.002
mc2024_track2-random_085_203,0.003
mc2024_track2-random_085_204,0.003
mc2024_track2-random_085_300,0.002
mc2024_track2-random_085_301,0.002
mc2024_track2-random_085_302,0.002
mc2024_track2-random_085_303,0.002
mc2024_track2-random_085_304,0.002
mc2024_track2-random_085_400,0.002
mc2024_track2-random_085_401,0.003
mc2024_track2-random_085_402,0.002
mc2024_track2-random_085_403,0.002
mc2024_track2-random_085_404,0.002
mc2024_track2-random_085_500,0.001
mc2024_track2-random_085_501,0.001
mc2024_track2-random_085_502,0.001
mc2024_track2-random_085_503,0.001
mc2024_track2-random_085_504,0.001
mc2024_track2-random_086_100,0.001
mc2024_track2-random_086_101,0.001
mc2024_track2-random_086_102,0.001
mc2024_track2-random_086_103,0.001
mc2024_track2-random_086_104,0.001
mc2024_track2-random_086_200,0.001
mc2024_track2-random_086_201,0.001
mc2024_track2-random_086_202,0.001
mc2024_track2-random_086_203,0.001
mc2024_track2-random_086_204,0.001
mc2024_track2-random_086_300,0.001
mc2024_track2-random_086_301,0.001
mc2024_track2-random_086_302,0.001
mc2024_track2-random_086_303,0.001
mc2024_track2-random_086_304,0.001
mc2024_track2-random_086_400,0.001
mc2024_track2-random_086_401,0.001
mc2024_track2-random_086_402,0.001
mc2024_track2-random_086_403,0.001
mc2024_track2-random_086_404,0.001
mc2024_track2-random_086_500,0.0
mc2024_track2-random_086_501,0.0
mc2024_track2-random_086_502,0.001
mc2024_track2-random_086_503,0.0
mc2024_track2-random_086_504,0.0
mc2024_track2-random_087_100,0.541
mc2024_track2-random_087_101,0.539
mc2024_track2-random_087_102,0.539
mc2024_track2-random_087_103,0.537
mc2024_track2-random_087_104,0.536
mc2024_track2-random_087_200,0.842
mc2024_track2-random_087_201,0.862
mc2024_track2-random_087_202,0.872
mc2024_track2-random_087_203,0.865
mc2024_track2-random_087_204,0.829
mc2024_track2-random_087_300,0.652
mc2024_track2-random_087_301,0.653
mc2024_track2-random_087_302,0.654
mc2024_track2-random_087_303,0.655
mc2024_track2-random_087_304,0.652
mc2024_track2-random_087_400,0.846
mc2024_track2-random_087_401,0.881
mc2024_track2-random_087_402,0.871
mc2024_track2-random_087_403,0.861
mc2024_track2-random_087_404,0.844
mc2024_track2-random_087_500,0.695
mc2024_track2-random_087_501,0.7
mc2024_track2-random_087_502,0.733
mc2024_track2-random_087_503,0.731
mc2024_track2-random_087_504,0.717
mc2024_track2-random_090_100,0.026
mc2024_track2-random_090_101,0.026
mc2024_track2-random_090_102,0.026
mc2024_track2-random_090_103,0.026
mc2024_track2-random_090_104,0.027
mc2024_track2-random_090_200,0.043
mc2024_track2-random_090_201,0.042
mc2024_track2-random_090_202,0.044
mc2024_track2-random_090_203,0.044
mc2024_track2-random_090_204,0.044
mc2024_track2-random_090_300,0.033
mc2024_track2-random_090_301,0.033
mc2024_track2-random_090_302,0.033
mc2024_track2-random_090_303,0.033
mc2024_track2-random_090_304,0.032
mc2024_track2-random_090_400,0.043
mc2024_track2-random_090_401,0.044
mc2024_track2-random_090_402,0.043
mc2024_track2-random_090_403,0.043
mc2024_track2-random_090_404,0.044
mc2024_track2-random_090_500,0.038
mc2024_track2-random_090_501,0.037
mc2024_track2-random_090_502,0.037
mc2024_track2-random_090_503,0.038
mc2024_track2-random_090_504,0.036
mc2024_track2-random_091_100,0.543
mc2024_track2-random_091_101,0.546
mc2024_track2-random_091_102,0.543
mc2024_track2-random_091_103,0.556
mc2024_track2-random_091_104,0.555
mc2024_track2-random_091_200,0.921
mc2024_track2-random_091_201,0.903
mc2024_track2-random_091_202,0.91
mc2024_track2-random_091_203,0.917
mc2024_track2-random_091_204,0.881
mc2024_track2-random_091_300,0.677
mc2024_track2-random_091_301,0.678
mc2024_track2-random_091_302,0.677
mc2024_track2-random_091_303,0.676
mc2024_track2-random_091_304,0.675
mc2024_track2-random_091_400,0.897
mc2024_track2-random_091_401,0.927
mc2024_track2-random_091_402,0.913
mc2024_track2-random_091_403,0.919
mc2024_track2-random_091_404,0.897
mc2024_track2-random_091_500,0.784
mc2024_track2-random_091_501,0.756
mc2024_track2-random_091_502,0.757
mc2024_track2-random_091_503,0.753
mc2024_track2-random_091_504,0.756
mc2024_track2-random_092_100,0.113
mc2024_track2-random_092_101,0.111
mc2024_track2-random_092_102,0.11
mc2024_track2-random_092_103,0.11
mc2024_track2-random_092_104,0.109
mc2024_track2-random_092_200,0.182
mc2024_track2-random_092_201,0.181
mc2024_track2-random_092_202,0.182
mc2024_track2-random_092_203,0.185
mc2024_track2-random_092_204,0.177
mc2024_track2-random_092_300,0.136
mc2024_track2-random_092_301,0.14
mc2024_track2-random_092_302,0.136
mc2024_track2-random_092_303,0.136
mc2024_track2-random_092_304,0.136
mc2024_track2-random_092_400,0.18
mc2024_track2-random_092_401,0.188
mc2024_track2-random_092_402,0.186
mc2024_track2-random_092_403,0.183
mc2024_track2-random_092_404,0.179
mc2024_track2-random_092_500,0.153
mc2024_track2-random_092_501,0.148
mc2024_track2-random_092_502,0.15
mc2024_track2-random_092_503,0.159
mc2024_track2-random_092_504,0.147
mc2024_track2-random_093_100,4.952
mc2024_track2-random_093_101,4.95
mc2024_track2-random_093_102,4.936
mc2024_track2-random_093_103,4.949
mc2024_track2-random_093_104,4.977
mc2024_track2-random_093_200,7.759
mc2024_track2-random_093_201,7.635
mc2024_track2-random_093_202,7.541
mc2024_track2-random_093_203,7.565
mc2024_track2-random_093_204,7.781
mc2024_track2-random_093_300,5.898
mc2024_track2-random_093_301,5.905
mc2024_track2-random_093_302,5.888
mc2024_track2-random_093_303,5.86
mc2024_track2-random_093_304,5.982
mc2024_track2-random_093_400,7.828
mc2024_track2-random_093_401,7.6
mc2024_track2-random_093_402,7.589
mc2024_track2-random_093_403,7.802
mc2024_track2-random_093_404,7.594
mc2024_track2-random_093_500,5.616
mc2024_track2-random_093_501,5.692
mc2024_track2-random_093_502,5.937
mc2024_track2-random_093_503,5.845
mc2024_track2-random_093_504,5.788
mc2024_track2-random_094_100,2.093
mc2024_track2-random_094_101,2.093
mc2024_track2-random_094_102,2.131
mc2024_track2-random_094_103,2.112
mc2024_track2-random_094_104,2.146
mc2024_track2-random_094_200,4.481
mc2024_track2-random_094_201,4.372
mc2024_track2-random_094_202,4.37
mc2024_track2-random_094_203,4.377
mc2024_track2-random_094_204,4.349
mc2024_track2-random_094_300,3.434
mc2024_track2-random_094_301,3.44
mc2024_track2-random_094_302,3.442
mc2024_track2-random_094_303,3.439
mc2024_track2-random_094_304,3.435
mc2024_track2-random_094_400,4.343
mc2024_track2-random_094_401,4.346
mc2024_track2-random_094_402,4.367
mc2024_track2-random_094_403,4.354
mc2024_track2-random_094_404,4.353
mc2024_track2-random_094_500,3.079
mc2024_track2-random_094_501,3.098
mc2024_track2-random_094_502,3.084
mc2024_track2-random_094_503,3.086
mc2024_track2-random_094_504,3.066
mc2024_track2-random_095_100,3.534
mc2024_track2-random_095_101,3.546
mc2024_track2-random_095_102,3.55
mc2024_track2-random_095_103,3.606
mc2024_track2-random_095_104,3.565
mc2024_track2-random_095_200,6.848
mc2024_track2-random_095_201,6.823
mc2024_track2-random_095_202,6.877
mc2024_track2-random_095_203,6.834
mc2024_track2-random_095_204,6.891
mc2024_track2-random_095_300,5.207
mc2024_track2-random_095_301,5.187
mc2024_track2-random_095_302,5.178
mc2024_track2-random_095_303,5.21
mc2024_track2-random_095_304,5.198
mc2024_track2-random_095_400,6.784
mc2024_track2-random_095_401,6.788
mc2024_track2-random_095_402,6.87
mc2024_track2-random_095_403,6.895
mc2024_track2-random_095_404,6.792
mc2024_track2-random_095_500,5.068
mc2024_track2-random_095_501,5.063
mc2024_track2-random_095_502,5.117
mc2024_track2-random_095_503,5.075
mc2024_track2-random_095_504,5.069
mc2024_track2-random_096_100,8.566
mc2024_track2-random_096_101,8.415
mc2024_track2-random_096_102,8.617
mc2024_track2-random_096_103,8.406
mc2024_track2-random_096_104,8.832
mc2024_track2-random_096_200,12.192
mc2024_track2-random_096_201,11.914
mc2024_track2-random_096_202,11.817
mc2024_track2-random_096_203,11.739
mc2024_track2-random_096_204,11.767
mc2024_track2-random_096_300,9.089
mc2024_track2-random_096_301,9.07
mc2024_track2-random_096_302,9.16
mc2024_track2-random_096_303,9.112
mc2024_track2-random_096_304,9.047
mc2024_track2-random_096_400,11.709
mc2024_track2-random_096_401,11.742
mc2024_track2-random_096_402,11.672
mc2024_track2-random_096_403,11.669
mc2024_track2-random_096_404,11.692
mc2024_track2-random_096_500,8.374
mc2024_track2-random_096_501,8.318
mc2024_track2-random_096_502,8.467
mc2024_track2-random_096_503,8.4
mc2024_track2-random_096_504,8.343
mc2024_track2-random_099_100,156.04
mc2024_track2-random_099_101,155.202
mc2024_track2-random_099_102,155.034
mc2024_track2-random_099_103,155.885
mc2024_track2-random_099_104,154.961
mc2024_track2-random_099_200,236.843
mc2024_track2-random_099_201,248.952
mc2024_track2-random_099_202,233.1
mc2024_track2-random_099_203,243.431
mc2024_track2-random_099_204,256.114
mc2024_track2-random_099_300,190.928
mc2024_track2-random_099_301,191.637
mc2024_track2-random_099_302,191.25
mc2024_track2-random_099_303,190.4
mc2024_track2-random_099_304,190.297
mc2024_track2-random_099_400,249.544
mc2024_track2-random_099_401,253.652
mc2024_track2-random_099_402,253.398
mc2024_track2-random_099_403,238.17
mc2024_track2-random_099_404,247.904
mc2024_track2-random_099_500,213.167
mc2024_track2-random_099_501,211.324
mc2024_track2-random_099_502,218.299
mc2024_track2-random_099_503,187.807
mc2024_track2-random_099_504,203.2
mc2024_track2-random_101_100,21.355
mc2024_track2-random_101_101,21.081
mc2024_track2-random_101_102,21.035
mc2024_track2-random_101_103,21.108
mc2024_track2-random_101_104,21.162
mc2024_track2-random_101_200,34.709
mc2024_track2-random_101_201,33.047
mc2024_track2-random_101_202,32.363
mc2024_track2-random_101_203,32.86
mc2024_track2-random_101_204,34.441
mc2024_track2-random_101_300,25.943
mc2024_track2-random_101_301,25.822
mc2024_track2-random_101_302,25.609
mc2024_track2-random_101_303,26.136
mc2024_track2-random_101_304,25.598
mc2024_track2-random_101_400,35.27
mc2024_track2-random_101_401,34.992
mc2024_track2-random_101_402,33.684
mc2024_track2-random_101_403,34.534
mc2024_track2-random_101_404,33.457
mc2024_track2-random_101_500,27.467
mc2024_track2-random_101_501,30.368
mc2024_track2-random_101_502,30.946
mc2024_track2-random_101_503,25.042
mc2024_track2-random_101_504,29.734
mc2024_track2-random_110_100,24.829
mc2024_track2-random_110_101,24.738
mc2024_track2-random_110_102,24.739
mc2024_track2-random_110_103,24.744
mc2024_track2-random_110_104,24.845
mc2024_track2-random_110_200,31.224
mc2024_track2-random_110_201,31.144
mc2024_track2-random_110_202,31.81
mc2024_track2-random_110_203,31.15
mc2024_track2-random_110_204,31.323
mc2024_track2-random_110_300,25.483
mc2024_track2-random_110_301,25.538
mc2024_track2-random_110_302,25.204
mc2024_track2-random_110_303,25.334
mc2024_track2-random_110_304,25.307
mc2024_track2-random_110_400,31.213
mc2024_track2-random_110_401,31.557
mc2024_track2-random_110_402,31.294
mc2024_track2-random_110_403,31.121
mc2024_track2-random_110_404,31.534
mc2024_track2-random_110_500,20.247
mc2024_track2-random_110_501,20.529
mc2024_track2-random_110_502,20.672
mc2024_track2-random_110_503,21.166
mc2024_track2-random_110_504,20.732
mc2024_track2-random_111_100,97.471
mc2024_track2-random_111_101,98.469
mc2024_track2-random_111_102,97.545
mc2024_track2-random_111_103,97.563
mc2024_track2-random_111_104,97.372
mc2024_track2-random_111_200,128.971
mc2024_track2-random_111_201,128.09
mc2024_track2-random_111_202,124.899
mc2024_track2-random_111_203,126.953
mc2024_track2-random_111_204,127.276
mc2024_track2-random_111_300,105.746
mc2024_track2-random_111_301,106.809
mc2024_track2-random_111_302,105.962
mc2024_track2-random_111_303,106.053
mc2024_track2-random_111_304,104.532
mc2024_track2-random_111_400,128.934
mc2024_track2-random_111_401,132.788
mc2024_track2-random_111_402,127.2
mc2024_track2-random_111_403,121.922
mc2024_track2-random_111_404,126.395
mc2024_track2-random_111_500,85.598
mc2024_track2-random_111_501,84.801
mc2024_track2-random_111_502,81.953
mc2024_track2-random_111_503,87.865
mc2024_track2-random_111_504,88.011
mc2024_track2-random_113_100,179.326
mc2024_track2-random_113_101,179.873
mc2024_track2-random_113_102,179.416
mc2024_track2-random_113_103,179.11
mc2024_track2-random_113_104,179.272
mc2024_track2-random_113_200,233.746
mc2024_track2-random_113_201,234.563
mc2024_track2-random_113_202,227.918
mc2024_track2-random_113_203,231.333
mc2024_track2-random_113_204,235.351
mc2024_track2-random_113_300,192.827
mc2024_track2-random_113_301,193.488
mc2024_track2-random_113_302,193.036
mc2024_track2-random_113_303,192.982
mc2024_track2-random_113_304,192.221
mc2024_track2-random_113_400,234.566
mc2024_track2-random_113_401,237.768
mc2024_track2-random_113_402,228.984
mc2024_track2-random_113_403,229.569
mc2024_track2-random_113_404,231.026
mc2024_track2-random_113_500,160.69
mc2024_track2-random_113_501,150.878
mc2024_track2-random_113_502,162.623
mc2024_track2-random_113_503,160.618
mc2024_track2-random_113_504,158.307
mc2024_track2-random_114_100,208.142
mc2024_track2-random_114_101,207.71
mc2024_track2-random_114_102,208.446
mc2024_track2-random_114_103,207.329
mc2024_track2-random_114_104,207.27
mc2024_track2-random_114_200,275.408
mc2024_track2-random_114_201,272.503
mc2024_track2-random_114_202,284.938
mc2024_track2-random_114_203,276.206
mc2024_track2-random_114_204,272.605
mc2024_track2-random_114_300,226.243
mc2024_track2-random_114_301,227.329
mc2024_track2-random_114_302,225.036
mc2024_track2-random_114_303,226.63
mc2024_track2-random_114_304,227.126
mc2024_track2-random_114_400,267.981
mc2024_track2-random_114_401,275.491
mc2024_track2-random_114_402,268.599
mc2024_track2-random_114_403,277.606
mc2024_track2-random_114_404,277.211
mc2024_track2-random_114_500,188.201
mc2024_track2-random_114_501,195.302
mc2024_track2-random_114_502,197.566
mc2024_track2-random_114_503,195.624
mc2024_track2-random_114_504,182.854
mc2024_track2-random_115_100,16.946
mc2024_track2-random_115_101,16.928
mc2024_track2-random_115_102,16.889
mc2024_track2-random_115_103,16.933
mc2024_track2-random_115_104,16.906
mc2024_track2-random_115_200,21.484
mc2024_track2-random_115_201,21.528
mc2024_track2-random_115_202,21.289
mc2024_track2-random_115_203,21.607
mc2024_track2-random_115_204,20.978
mc2024_track2-random_115_300,17.717
mc2024_track2-random_115_301,17.585
mc2024_track2-random_115_302,17.522
mc2024_track2-random_115_303,17.585
mc2024_track2-random_115_304,17.51
mc2024_track2-random_115_400,21.715
mc2024_track2-random_115_401,21.748
mc2024_track2-random_115_402,21.308
mc2024_track2-random_115_403,21.44
mc2024_track2-random_115_404,21.84
mc2024_track2-random_115_500,13.695
mc2024_track2-random_115_501,13.958
mc2024_track2-random_115_502,14.301
mc2024_track2-random_115_503,14.906
mc2024_track2-random_115_504,13.899
mc2024_track2-random_116_100,4.047
mc2024_track2-random_116_101,4.053
mc2024_track2-random_116_102,4.076
mc2024_track2-random_116_103,4.045
mc2024_track2-random_116_104,4.063
mc2024_track2-random_116_200,6.521
mc2024_track2-random_116_201,6.517
mc2024_track2-random_116_202,6.501
mc2024_track2-random_116_203,6.443
mc2024_track2-random_116_204,6.453
mc2024_track2-random_116_300,5.209
mc2024_track2-random_116_301,5.161
mc2024_track2-random_116_302,5.158
mc2024_track2-random_116_303,5.178
mc2024_track2-random_116_304,5.195
mc2024_track2-random_116_400,6.363
mc2024_track2-random_116_401,6.4
mc2024_track2-random_116_402,6.406
mc2024_track2-random_116_403,6.381
mc2024_track2-random_116_404,6.386
mc2024_track2-random_116_500,4.443
mc2024_track2-random_116_501,4.388
mc2024_track2-random_116_502,4.389
mc2024_track2-random_116_503,4.359
mc2024_track2-random_116_504,4.402
mc2024_track2-random_118_100,768.151
mc2024_track2-random_118_101,762.032
mc2024_track2-random_118_102,764.374
mc2024_track2-random_118_103,761.513
mc2024_track2-random_118_104,762.66
mc2024_track2-random_118_200,993.142
mc2024_track2-random_118_201,1001.037
mc2024_track2-random_118_202,958.414
mc2024_track2-random_118_203,1018.945
mc2024_track2-random_118_204,1010.577
mc2024_track2-random_118_300,841.315
mc2024_track2-random_118_301,842.841
mc2024_track2-random_118_302,841.707
mc2024_track2-random_118_303,846.396
mc2024_track2-random_118_304,835.395
mc2024_track2-random_118_400,1037.686
mc2024_track2-random_118_401,1030.515
mc2024_track2-random_118_402,995.518
mc2024_track2-random_118_403,1005.678
mc2024_track2-random_118_404,1054.489
mc2024_track2-random_118_500,667.489
mc2024_track2-random_118_501,705.449
mc2024_track2-random_118_502,701.446
mc2024_track2-random_118_503,686.039
mc2024_track2-random_118_504,679.478
mc2024_track2-random_122_100,305.952
mc2024_track2-random_122_101,309.334
mc2024_track2-random_122_102,310.144
mc2024_track2-random_122_103,311.175
mc2024_track2-random_122_104,314.23
mc2024_track2-random_122_200,377.995
mc2024_track2-random_122_201,378.573
mc2024_track2-random_122_202,379.257
mc2024_track2-random_122_203,376.878
mc2024_track2-random_122_204,381.134
mc2024_track2-random_122_300,282.131
mc2024_track2-random_122_301,283.126
mc2024_track2-random_122_302,281.668
mc2024_track2-random_122_303,282.565
mc2024_track2-random_122_304,282.663
mc2024_track2-random_122_400,376.724
mc2024_track2-random_122_401,378.054
mc2024_track2-random_122_402,377.497
mc2024_track2-random_122_403,376.652
mc2024_track2-random_122_404,376.759
mc2024_track2-random_122_500,208.826
mc2024_track2-random_122_501,195.365
mc2024_track2-random_122_502,218.954
mc2024_track2-random_122_503,243.188
mc2024_track2-random_122_504,226.786
mc2024_track2-random_123_100,1.498
mc2024_track2-random_123_101,1.51
mc2024_track2-random_123_102,1.498
mc2024_track2-random_123_103,1.5
mc2024_track2-random_123_104,1.494
mc2024_track2-random_123_200,1.948
mc2024_track2-random_123_201,1.953
mc2024_track2-random_123_202,1.961
mc2024_track2-random_123_203,1.946
mc2024_track2-random_123_204,1.972
mc2024_track2-random_123_300,1.563
mc2024_track2-random_123_301,1.572
mc2024_track2-random_123_302,1.563
mc2024_track2-random_123_303,1.566
mc2024_track2-random_123_304,1.574
mc2024_track2-random_123_400,1.964
mc2024_track2-random_123_401,1.958
mc2024_track2-random_123_402,1.953
mc2024_track2-random_123_403,1.971
mc2024_track2-random_123_404,1.958
mc2024_track2-random_123_500,1.274
mc2024_track2-random_123_501,1.363
mc2024_track2-random_123_502,1.386
mc2024_track2-random_123_503,1.211
mc2024_track2-random_123_504,1.241
mc2024_track2-random_124_100,0.482
mc2024_track2-random_124_101,0.481
mc2024_track2-random_124_102,0.479
mc2024_track2-random_124_103,0.479
mc2024_track2-random_124_104,0.479
mc2024_track2-random_124_200,0.65
mc2024_track2-random_124_201,0.642
mc2024_track2-random_124_202,0.658
mc2024_track2-random_124_203,0.652
mc2024_track2-random_124_204,0.645
mc2024_track2-random_124_300,0.532
mc2024_track2-random_124_301,0.527
mc2024_track2-random_124_302,0.536
mc2024_track2-random_124_303,0.558
mc2024_track2-random_124_304,0.548
mc2024_track2-random_124_400,0.666
mc2024_track2-random_124_401,0.654
mc2024_track2-random_124_402,0.659
mc2024_track2-random_124_403,0.654
mc2024_track2-random_124_404,0.66
mc2024_track2-random_124_500,0.454
mc2024_track2-random_124_501,0.438
mc2024_track2-random_124_502,0.431
mc2024_track2-random_124_503,0.445
mc2024_track2-random_124_504,0.442
mc2024_track2-random_125_100,16.128
mc2024_track2-random_125_101,16.074
mc2024_track2-random_125_102,16.107
mc2024_track2-random_125_103,16.001
mc2024_track2-random_125_104,15.777
mc2024_track2-random_125_200,20.043
mc2024_track2-random_125_201,20.073
mc2024_track2-random_125_202,20.278
mc2024_track2-random_125_203,19.723
mc2024_track2-random_125_204,20.093
mc2024_track2-random_125_300,15.336
mc2024_track2-random_125_301,15.537
mc2024_track2-random_125_302,15.467
mc2024_track2-random_125_303,15.57
mc2024_track2-random_125_304,15.402
mc2024_track2-random_125_400,19.767
mc2024_track2-random_125_401,19.989
mc2024_track2-random_125_402,19.697
mc2024_track2-random_125_403,20.017
mc2024_track2-random_125_404,19.739
mc2024_track2-random_125_500,14.03
mc2024_track2-random_125_501,14.041
mc2024_track2-random_125_502,14.058
mc2024_track2-random_125_503,14.258
mc2024_track2-random_125_504,14.624
mc2024_track2-random_128_100,4.414
mc2024_track2-random_128_101,4.413
mc2024_track2-random_128_102,4.484
mc2024_track2-random_128_103,4.439
mc2024_track2-random_128_104,4.421
mc2024_track2-random_128_200,5.642
mc2024_track2-random_128_201,5.651
mc2024_track2-random_128_202,5.746
mc2024_track2-random_128_203,5.652
mc2024_track2-random_128_204,5.634
mc2024_track2-random_128_300,4.373
mc2024_track2-random_128_301,4.387
mc2024_track2-random_128_302,4.437
mc2024_track2-random_128_303,4.371
mc2024_track2-random_128_304,4.432
mc2024_track2-random_128_400,5.614
mc2024_track2-random_128_401,5.671
mc2024_track2-random_128_402,5.74
mc2024_track2-random_128_403,5.673
mc2024_track2-random_128_404,5.696
mc2024_track2-random_128_500,3.591
mc2024_track2-random_128_501,3.624
mc2024_track2-random_128_502,3.782
mc2024_track2-random_128_503,3.618
mc2024_track2-random_128_504,3.495
mc2024_track2-random_129_100,15.744
mc2024_track2-random_129_101,15.639
mc2024_track2-random_129_102,15.691
mc2024_track2-random_129_103,15.616
mc2024_track2-random_129_104,15.664
mc2024_track2-random_129_200,19.623
mc2024_track2-random_129_201,19.657
mc2024_track2-random_129_202,19.955
mc2024_track2-random_129_203,19.733
mc2024_track2-random_129_204,20.243
mc2024_track2-random_129_300,15.66
mc2024_track2-random_129_301,15.566
mc2024_track2-random_129_302,15.464
mc2024_track2-random_129_303,15.631
mc2024_track2-random_129_304,15.361
mc2024_track2-random_129_400,19.813
mc2024_track2-random_129_401,20.181
mc2024_track2-random_129_402,19.515
mc2024_track2-random_129_403,19.832
mc2024_track2-random_129_404,19.942
mc2024_track2-random_129_500,14.203
mc2024_track2-random_129_501,13.813
mc2024_track2-random_129_502,13.876
mc2024_track2-random_129_503,13.516
mc2024_track2-random_129_504,14.138
mc2024_track2-random_144_100,143.743
mc2024_track2-random_144_101,143.933
mc2024_track2-random_144_102,143.609
mc2024_track2-random_144_103,143.373
mc2024_track2-random_144_104,143.601
mc2024_track2-random_144_200,182.121
mc2024_track2-random_144_201,184.783
mc2024_track2-random_144_202,183.943
mc2024_track2-random_144_203,196.813
mc2024_track2-random_144_204,183.395
mc2024_track2-random_144_300,157.333
mc2024_track2-random_144_301,157.358
mc2024_track2-random_144_302,154.433
mc2024_track2-random_144_303,157.873
mc2024_track2-random_144_304,156.899
mc2024_track2-random_144_400,182.897
mc2024_track2-random_144_401,192.924
mc2024_track2-random_144_402,183.426
mc2024_track2-random_144_403,183.059
mc2024_track2-random_144_404,187.729
mc2024_track2-random_144_500,130.339
mc2024_track2-random_144_501,137.607
mc2024_track2-random_144_502,126.525
mc2024_track2-random_144_503,133.09
mc2024_track2-random_144_504,118.732
mc2024_track2-random_145_100,6.843
mc2024_track2-random_145_101,6.844
mc2024_track2-random_145_102,6.838
mc2024_track2-random_145_103,6.815
mc2024_track2-random_145_104,6.837
mc2024_track2-random_145_200,8.251
mc2024_track2-random_145_201,8.906
mc2024_track2-random_145_202,8.92
mc2024_track2-random_145_203,9.046
mc2024_track2-random_145_204,8.667
mc2024_track2-random_145_300,7.401
mc2024_track2-random_145_301,7.461
mc2024_track2-random_145_302,7.345
mc2024_track2-random_145_303,7.422
mc2024_track2-random_145_304,7.46
mc2024_track2-random_145_400,8.581
mc2024_track2-random_145_401,8.893
mc2024_track2-random_145_402,8.571
mc2024_track2-random_145_403,9.008
mc2024_track2-random_145_404,8.679
mc2024_track2-random_145_500,5.697
mc2024_track2-random_145_501,6.214
mc2024_track2-random_145_502,5.92
mc2024_track2-random_145_503,6.3
mc2024_track2-random_145_504,5.552
mc2024_track2-random_146_100,5.675
mc2024_track2-random_146_101,5.734
mc2024_track2-random_146_102,5.678
mc2024_track2-random_146_103,5.681
mc2024_track2-random_146_104,5.677
mc2024_track2-random_146_200,7.189
mc2024_track2-random_146_201,7.472
mc2024_track2-random_146_202,7.066
mc2024_track2-random_146_203,7.677
mc2024_track2-random_146_204,7.419
mc2024_track2-random_146_300,6.314
mc2024_track2-random_146_301,6.38
mc2024_track2-random_146_302,6.315
mc2024_track2-random_146_303,6.344
mc2024_track2-random_146_304,6.376
mc2024_track2-random_146_400,6.887
mc2024_track2-random_146_401,7.616
mc2024_track2-random_146_402,7.497
mc2024_track2-random_146_403,7.39
mc2024_track2-random_146_404,7.352
mc2024_track2-random_146_500,4.942
mc2024_track2-random_146_501,5.322
mc2024_track2-random_146_502,4.897
mc2024_track2-random_146_503,5.213
mc2024_track2-random_146_504,5.131
mc2024_track2-random_147_100,73.627
mc2024_track2-random_147_101,73.616
mc2024_track2-random_147_102,72.804
mc2024_track2-random_147_103,72.445
mc2024_track2-random_147_104,72.397
mc2024_track2-random_147_200,92.436
mc2024_track2-random_147_201,92.331
mc2024_track2-random_147_202,93.675
mc2024_track2-random_147_203,94.51
mc2024_track2-random_147_204,93.425
mc2024_track2-random_147_300,79.313
mc2024_track2-random_147_301,79.903
mc2024_track2-random_147_302,79.061
mc2024_track2-random_147_303,79.641
mc2024_track2-random_147_304,79.636
mc2024_track2-random_147_400,90.354
mc2024_track2-random_147_401,97.194
mc2024_track2-random_147_402,95.026
mc2024_track2-random_147_403,96.145
mc2024_track2-random_147_404,98.183
mc2024_track2-random_147_500,63.712
mc2024_track2-random_147_501,64.684
mc2024_track2-random_147_502,65.034
mc2024_track2-random_147_503,67.247
mc2024_track2-random_147_504,61.763
mc2024_track2-random_148_100,35.342
mc2024_track2-random_148_101,35.009
mc2024_track2-random_148_102,34.723
mc2024_track2-random_148_103,34.928
mc2024_track2-random_148_104,35.131
mc2024_track2-random_148_200,44.531
mc2024_track2-random_148_201,43.592
mc2024_track2-random_148_202,44.062
mc2024_track2-random_148_203,45.325
mc2024_track2-random_148_204,43.795
mc2024_track2-random_148_300,37.412
mc2024_track2-random_148_301,37.479
mc2024_track2-random_148_302,37.159
mc2024_track2-random_148_303,37.272
mc2024_track2-random_148_304,37.221
mc2024_track2-random_148_400,43.009
mc2024_track2-random_148_401,44.415
mc2024_track2-random_148_402,43.916
mc2024_track2-random_148_403,44.74
mc2024_track2-random_148_404,44.201
mc2024_track2-random_148_500,29.452
mc2024_track2-random_148_501,31.004
mc2024_track2-random_148_502,27.983
mc2024_track2-random_148_503,32.068
mc2024_track2-random_148_504,30.586
mc2024_track2-random_156_100,17.727
mc2024_track2-random_156_101,17.936
mc2024_track2-random_156_102,17.899
mc2024_track2-random_156_103,17.652
mc2024_track2-random_156_104,17.797
mc2024_track2-random_156_200,27.159
mc2024_track2-random_156_201,27.482
mc2024_track2-random_156_202,26.658
mc2024_track2-random_156_203,26.357
mc2024_track2-random_156_204,28.662
mc2024_track2-random_156_300,21.332
mc2024_track2-random_156_301,21.447
mc2024_track2-random_156_302,21.101
mc2024_track2-random_156_303,21.5
mc2024_track2-random_156_304,21.024
mc2024_track2-random_156_400,27.081
mc2024_track2-random_156_401,28.939
mc2024_track2-random_156_402,28.936
mc2024_track2-random_156_403,27.832
mc2024_track2-random_156_404,29.312
mc2024_track2-random_156_500,20.077
mc2024_track2-random_156_501,22.83
mc2024_track2-random_156_502,20.299
mc2024_track2-random_156_503,18.202
mc2024_track2-random_156_504,20.79
mc2024_track2-random_164_100,5.024
mc2024_track2-random_164_101,5.021
mc2024_track2-random_164_102,4.994
mc2024_track2-random_164_103,5.008
mc2024_track2-random_164_104,5.045
mc2024_track2-random_164_200,7.05
mc2024_track2-random_164_201,6.89
mc2024_track2-random_164_202,6.845
mc2024_track2-random_164_203,7.232
mc2024_track2-random_164_204,7.213
mc2024_track2-random_164_300,5.712
mc2024_track2-random_164_301,5.744
mc2024_track2-random_164_302,5.716
mc2024_track2-random_164_303,5.642
mc2024_track2-random_164_304,5.616
mc2024_track2-random_164_400,7.389
mc2024_track2-random_164_401,7.101
mc2024_track2-random_164_402,7.134
mc2024_track2-random_164_403,7.351
mc2024_track2-random_164_404,6.928
mc2024_track2-random_164_500,5.022
mc2024_track2-random_164_501,4.842
mc2024_track2-random_164_502,5.305
mc2024_track2-random_164_503,4.705
mc2024_track2-random_164_504,4.764
mc2024_track2-random_165_100,3.818
mc2024_track2-random_165_101,3.795
mc2024_track2-random_165_102,3.803
mc2024_track2-random_165_103,3.799
mc2024_track2-random_165_104,3.792
mc2024_track2-random_165_200,5.189
mc2024_track2-random_165_201,5.223
mc2024_track2-random_165_202,5.264
mc2024_track2-random_165_203,5.46
mc2024_track2-random_165_204,5.133
mc2024_track2-random_165_300,4.368
mc2024_track2-random_165_301,4.282
mc2024_track2-random_165_302,4.348
mc2024_track2-random_165_303,4.344
mc2024_track2-random_165_304,4.268
mc2024_track2-random_165_400,5.06
mc2024_track2-random_165_401,5.558
mc2024_track2-random_165_402,5.5
mc2024_track2-random_165_403,5.526
mc2024_track2-random_165_404,5.313
mc2024_track2-random_165_500,3.6
mc2024_track2-random_165_501,3.556
mc2024_track2-random_165_502,3.257
mc2024_track2-random_165_503,3.648
mc2024_track2-random_165_504,3.676
mc2024_track2-random_166_100,18.048
mc2024_track2-random_166_101,18.025
mc2024_track2-random_166_102,18.111
mc2024_track2-random_166_103,18.028
mc2024_track2-random_166_104,17.958
mc2024_track2-random_166_200,28.059
mc2024_track2-random_166_201,27.465
mc2024_track2-random_166_202,28.213
mc2024_track2-random_166_203,28.013
mc2024_track2-random_166_204,28.123
mc2024_track2-random_166_300,21.397
mc2024_track2-random_166_301,21.454
mc2024_track2-random_166_302,21.431
mc2024_track2-random_166_303,21.524
mc2024_track2-random_166_304,21.822
mc2024_track2-random_166_400,28.394
mc2024_track2-random_166_401,28.16
mc2024_track2-random_166_402,27.722
mc2024_track2-random_166_403,28.809
mc2024_track2-random_166_404,28.626
mc2024_track2-random_166_500,18.032
mc2024_track2-random_166_501,18.819
mc2024_track2-random_166_502,18.737
mc2024_track2-random_166_503,17.726
mc2024_track2-random_166_504,18.332
mc2024_track2-random_168_100,10.62
mc2024_track2-random_168_101,10.582
mc2024_track2-random_168_102,10.652
mc2024_track2-random_168_103,10.577
mc2024_track2-random_168_104,10.488
mc2024_track2-random_168_200,14.584
mc2024_track2-random_168_201,14.883
mc2024_track2-random_168_202,14.885
mc2024_track2-random_168_203,14.239
mc2024_track2-random_168_204,14.188
mc2024_track2-random_168_300,11.857
mc2024_track2-random_168_301,11.885
mc2024_track2-random_168_302,11.766
mc2024_track2-random_168_303,11.856
mc2024_track2-random_168_304,11.718
mc2024_track2-random_168_400,14.696
mc2024_track2-random_168_401,14.793
mc2024_track2-random_168_402,14.647
mc2024_track2-random_168_403,14.519
mc2024_track2-random_168_404,14.708
mc2024_track2-random_168_500,10.555
mc2024_track2-random_168_501,10.005
mc2024_track2-random_168_502,9.802
mc2024_track2-random_168_503,10.301
mc2024_track2-random_168_504,10.088
mc2024_track2-random_172_100,159.313
mc2024_track2-random_172_101,158.801
mc2024_track2-random_172_102,158.5
mc2024_track2-random_172_103,158.777
mc2024_track2-random_172_104,158.847
mc2024_track2-random_172_200,212.749
mc2024_track2-random_172_201,228.486
mc2024_track2-random_172_202,237.057
mc2024_track2-random_172_203,247.143
mc2024_track2-random_172_204,231.658
mc2024_track2-random_172_300,188.582
mc2024_track2-random_172_301,186.696
mc2024_track2-random_172_302,188.586
mc2024_track2-random_172_303,187.695
mc2024_track2-random_172_304,186.044
mc2024_track2-random_172_400,219.792
mc2024_track2-random_172_401,252.492
mc2024_track2-random_172_402,240.548
mc2024_track2-random_172_403,247.522
mc2024_track2-random_172_404,231.3
mc2024_track2-random_172_500,185.167
mc2024_track2-random_172_501,217.196
mc2024_track2-random_172_502,203.438
mc2024_track2-random_172_503,148.939
mc2024_track2-random_172_504,243.633
mc2024_track2-random_174_100,617.17
mc2024_track2-random_174_101,611.118
mc2024_track2-random_174_102,606.903
mc2024_track2-random_174_103,607.935
mc2024_track2-random_174_104,602.92
mc2024_track2-random_174_200,1018.484
mc2024_track2-random_174_201,1053.689
mc2024_track2-random_174_202,943.42
mc2024_track2-random_174_203,975.996
mc2024_track2-random_174_204,990.081
mc2024_track2-random_174_300,733.21
mc2024_track2-random_174_301,742.417
mc2024_track2-random_174_302,735.861
mc2024_track2-random_174_303,742.761
mc2024_track2-random_174_304,731.955
mc2024_track2-random_174_400,994.633
mc2024_track2-random_174_401,979.826
mc2024_track2-random_174_402,1034.978
mc2024_track2-random_174_403,980.615
mc2024_track2-random_174_404,997.663
mc2024_track2-random_174_500,933.851
mc2024_track2-random_174_501,827.603
mc2024_track2-random_174_502,964.981
mc2024_track2-random_174_503,777.002
mc2024_track2-random_174_504,760.896
mc2024_track2-random_179_100,0.054
mc2024_track2-random_179_101,0.054
mc2024_track2-random_179_102,0.053
mc2024_track2-random_179_103,0.052
mc2024_track2-random_179_104,0.053
mc2024_track2-random_179_200,0.066
mc2024_track2-random_179_201,0.068
mc2024_track2-random_179_202,0.067
mc2024_track2-random_179_203,0.068
mc2024_track2-random_179_204,0.074
mc2024_track2-random_179_300,0.06
mc2024_track2-random_179_301,0.057
mc2024_track2-random_179_302,0.058
mc2024_track2-random_179_303,0.057
mc2024_track2-random_179_304,0.056
mc2024_track2-random_179_400,0.066
mc2024_track2-random_179_401,0.067
mc2024_track2-random_179_402,0.071
mc2024_track2-random_179_403,0.07
mc2024_track2-random_179_404,0.064
mc2024_track2-random_179_500,0.053
mc2024_track2-random_179_501,0.054
mc2024_track2-random_179_502,0.058
mc2024_track2-random_179_503,0.049
mc2024_track2-random_179_504,0.055
mc2024_track2-random_180_100,2.783
mc2024_track2-random_180_101,2.794
mc2024_track2-random_180_102,2.808
mc2024_track2-random_180_103,2.763
mc2024_track2-random_180_104,2.748
mc2024_track2-random_180_200,3.687
mc2024_track2-random_180_201,3.617
mc2024_track2-random_180_202,3.609
mc2024_track2-random_180_203,3.698
mc2024_track2-random_180_204,3.997
mc2024_track2-random_180_300,3.113
mc2024_track2-random_180_301,3.113
mc2024_track2-random_180_302,3.112
mc2024_track2-random_180_303,3.113
mc2024_track2-random_180_304,3.091
mc2024_track2-random_180_400,3.577
mc2024_track2-random_180_401,3.845
mc2024_track2-random_180_402,3.772
mc2024_track2-random_180_403,3.815
mc2024_track2-random_180_404,3.656
mc2024_track2-random_180_500,2.743
mc2024_track2-random_180_501,2.788
mc2024_track2-random_180_502,3.082
mc2024_track2-random_180_503,2.777
mc2024_track2-random_180_504,3.04
mc2024_track2-random_181_100,5.883
mc2024_track2-random_181_101,5.97
mc2024_track2-random_181_102,5.885
mc2024_track2-random_181_103,5.869
mc2024_track2-random_181_104,5.921
mc2024_track2-random_181_200,7.801
mc2024_track2-random_181_201,7.947
mc2024_track2-random_181_202,7.688
mc2024_track2-random_181_203,7.913
mc2024_track2-random_181_204,8.531
mc2024_track2-random_181_300,6.615
mc2024_track2-random_181_301,6.647
mc2024_track2-random_181_302,6.665
mc2024_track2-random_181_303,6.571
mc2024_track2-random_181_304,6.537
mc2024_track2-random_181_400,7.577
mc2024_track2-random_181_401,8.001
mc2024_track2-random_181_402,8.152
mc2024_track2-random_181_403,7.914
mc2024_track2-random_181_404,7.469
mc2024_track2-random_181_500,6.245
mc2024_track2-random_181_501,6.664
mc2024_track2-random_181_502,6.657
mc2024_track2-random_181_503,6.158
mc2024_track2-random_181_504,6.579
mc2024_track2-random_182_100,122.356
mc2024_track2-random_182_101,122.194
mc2024_track2-random_182_102,125.412
mc2024_track2-random_182_103,123.207
mc2024_track2-random_182_104,122.728
mc2024_track2-random_182_200,170.203
mc2024_track2-random_182_201,180.296
mc2024_track2-random_182_202,170.357
mc2024_track2-random_182_203,175.662
mc2024_track2-random_182_204,179.629
mc2024_track2-random_182_300,141.403
mc2024_track2-random_182_301,142.067
mc2024_track2-random_182_302,140.724
mc2024_track2-random_182_303,142.922
mc2024_track2-random_182_304,140.419
mc2024_track2-random_182_400,173.698
mc2024_track2-random_182_401,173.945
mc2024_track2-random_182_402,175.016
mc2024_track2-random_182_403,174.784
mc2024_track2-random_182_404,171.064
mc2024_track2-random_182_500,150.667
mc2024_track2-random_182_501,141.519
mc2024_track2-random_182_502,147.205
mc2024_track2-random_182_503,137.27
mc2024_track2-random_182_504,129.334
mc2024_track2-random_183_100,9.865
mc2024_track2-random_183_101,9.854
mc2024_track2-random_183_102,9.845
mc2024_track2-random_183_103,9.728
mc2024_track2-random_183_104,9.809
mc2024_track2-random_183_200,12.743
mc2024_track2-random_183_201,13.187
mc2024_track2-random_183_202,12.568
mc2024_track2-random_183_203,13.034
mc2024_track2-random_183_204,13.597
mc2024_track2-random_183_300,10.809
mc2024_track2-random_183_301,10.791
mc2024_track2-random_183_302,10.741
mc2024_track2-random_183_303,10.61
mc2024_track2-random_183_304,10.509
mc2024_track2-random_183_400,12.281
mc2024_track2-random_183_401,13.188
mc2024_track2-random_183_402,13.096
mc2024_track2-random_183_403,12.93
mc2024_track2-random_183_404,12.575
mc2024_track2-random_183_500,10.364
mc2024_track2-random_183_501,10.263
mc2024_track2-random_183_502,10.918
mc2024_track2-random_183_503,9.508
mc2024_track2-random_183_504,10.773
mc2024_track2-random_184_100,3.231
mc2024_track2-random_184_101,3.272
mc2024_track2-random_184_102,3.232
mc2024_track2-random_184_103,3.233
mc2024_track2-random_184_104,3.227
mc2024_track2-random_184_200,4.279
mc2024_track2-random_184_201,4.133
mc2024_track2-random_184_202,4.325
mc2024_track2-random_184_203,4.303
mc2024_track2-random_184_204,4.764
mc2024_track2-random_184_300,3.649
mc2024_track2-random_184_301,3.707
mc2024_track2-random_184_302,3.619
mc2024_track2-random_184_303,3.645
mc2024_track2-random_184_304,3.614
mc2024_track2-random_184_400,4.317
mc2024_track2-random_184_401,4.509
mc2024_track2-random_184_402,4.454
mc2024_track2-random_184_403,4.386
mc2024_track2-random_184_404,4.338
mc2024_track2-random_184_500,3.224
mc2024_track2-random_184_501,3.436
mc2024_track2-random_184_502,3.554
mc2024_track2-random_184_503,3.452
mc2024_track2-random_184_504,3.477
mc2024_track2-random_185_100,39.652
mc2024_track2-random_185_101,39.673
mc2024_track2-random_185_102,39.522
mc2024_track2-random_185_103,39.564
mc2024_track2-random_185_104,39.317
mc2024_track2-random_185_200,50.417
mc2024_track2-random_185_201,52.267
mc2024_track2-random_185_202,51.519
mc2024_track2-random_185_203,54.208
mc2024_track2-random_185_204,57.574
mc2024_track2-random_185_300,44.428
mc2024_track2-random_185_301,44.464
mc2024_track2-random_185_302,44.425
mc2024_track2-random_185_303,44.549
mc2024_track2-random_185_304,44.218
mc2024_track2-random_185_400,50.647
mc2024_track2-random_185_401,54.645
mc2024_track2-random_185_402,55.91
mc2024_track2-random_185_403,53.393
mc2024_track2-random_185_404,51.841
mc2024_track2-random_185_500,41.777
mc2024_track2-random_185_501,43.633
mc2024_track2-random_185_502,43.01
mc2024_track2-random_185_503,42.903
mc2024_track2-random_185_504,43.242
mc2024_track2-random_186_100,5.866
mc2024_track2-random_186_101,5.929
mc2024_track2-random_186_102,5.895
mc2024_track2-random_186_103,5.923
mc2024_track2-random_186_104,5.911
mc2024_track2-random_186_200,7.557
mc2024_track2-random_186_201,7.63
mc2024_track2-random_186_202,7.555
mc2024_track2-random_186_203,7.637
mc2024_track2-random_186_204,7.641
mc2024_track2-random_186_300,5.68
mc2024_track2-random_186_301,5.732
mc2024_track2-random_186_302,5.691
mc2024_track2-random_186_303,5.647
mc2024_track2-random_186_304,5.688
mc2024_track2-random_186_400,7.498
mc2024_track2-random_186_401,7.502
mc2024_track2-random_186_402,7.549
mc2024_track2-random_186_403,7.519
mc2024_track2-random_186_404,7.539
mc2024_track2-random_186_500,2.884
mc2024_track2-random_186_501,3.477
mc2024_track2-random_186_502,3.609
mc2024_track2-random_186_503,3.961
mc2024_track2-random_186_504,3.257
mc2024_track2-random_187_100,46.007
mc2024_track2-random_187_101,46.523
mc2024_track2-random_187_102,46.513
mc2024_track2-random_187_103,46.434
mc2024_track2-random_187_104,46.561
mc2024_track2-random_187_200,58.096
mc2024_track2-random_187_201,57.398
mc2024_track2-random_187_202,57.865
mc2024_track2-random_187_203,57.746
mc2024_track2-random_187_204,57.599
mc2024_track2-random_187_300,43.824
mc2024_track2-random_187_301,43.916
mc2024_track2-random_187_302,43.899
mc2024_track2-random_187_303,44.025
mc2024_track2-random_187_304,44.665
mc2024_track2-random_187_400,58.875
mc2024_track2-random_187_401,58.009
mc2024_track2-random_187_402,58.14
mc2024_track2-random_187_403,56.855
mc2024_track2-random_187_404,57.17
mc2024_track2-random_187_500,33.612
mc2024_track2-random_187_501,36.543
mc2024_track2-random_187_502,33.811
mc2024_track2-random_187_503,33.46
mc2024_track2-random_187_504,32.461
mc2024_track2-random_188_100,36.271
mc2024_track2-random_188_101,36.316
mc2024_track2-random_188_102,36.299
mc2024_track2-random_188_103,36.341
mc2024_track2-random_188_104,36.308
mc2024_track2-random_188_200,45.758
mc2024_track2-random_188_201,45.936
mc2024_track2-random_188_202,45.547
mc2024_track2-random_188_203,45.658
mc2024_track2-random_188_204,46.583
mc2024_track2-random_188_300,36.598
mc2024_track2-random_188_301,35.493
mc2024_track2-random_188_302,35.788
mc2024_track2-random_188_303,35.491
mc2024_track2-random_188_304,36.001
mc2024_track2-random_188_400,45.91
mc2024_track2-random_188_401,46.207
mc2024_track2-random_188_402,45.421
mc2024_track2-random_188_403,45.373
mc2024_track2-random_188_404,45.924
mc2024_track2-random_188_500,31.046
mc2024_track2-random_188_501,30.35
mc2024_track2-random_188_502,30.583
mc2024_track2-random_188_503,30.943
mc2024_track2-random_188_504,31.109
mc2024_track2-random_189_100,0.188
mc2024_track2-random_189_101,0.189
mc2024_track2-random_189_102,0.187
mc2024_track2-random_189_103,0.187
mc2024_track2-random_189_104,0.186
mc2024_track2-random_189_200,0.268
mc2024_track2-random_189_201,0.278
mc2024_track2-random_189_202,0.275
mc2024_track2-random_189_203,0.283
mc2024_track2-random_189_204,0.285
mc2024_track2-random_189_300,0.225
mc2024_track2-random_189_301,0.227
mc2024_track2-random_189_302,0.223
mc2024_track2-random_189_303,0.226
mc2024_track2-random_189_304,0.222
mc2024_track2-random_189_400,0.271
mc2024_track2-random_189_401,0.283
mc2024_track2-random_189_402,0.277
mc2024_track2-random_189_403,0.273
mc2024_track2-random_189_404,0.276
mc2024_track2-random_189_500,0.188
mc2024_track2-random_189_501,0.191
mc2024_track2-random_189_502,0.161
mc2024_track2-random_189_503,0.186
mc2024_track2-random_189_504,0.188
mc2024_track2-random_190_100,3.791
mc2024_track2-random_190_101,3.778
mc2024_track2-random_190_102,3.781
mc2024_track2-random_190_103,3.784
mc2024_track2-random_190_104,3.787
mc2024_track2-random_190_200,4.899
mc2024_track2-random_190_201,4.815
mc2024_track2-random_190_202,4.913
mc2024_track2-random_190_203,4.767
mc2024_track2-random_190_204,4.775
mc2024_track2-random_190_300,3.803
mc2024_track2-random_190_301,3.776
mc2024_track2-random_190_302,3.796
mc2024_track2-random_190_303,3.787
mc2024_track2-random_190_304,3.798
mc2024_track2-random_190_400,4.788
mc2024_track2-random_190_401,4.878
mc2024_track2-random_190_402,4.842
mc2024_track2-random_190_403,4.929
mc2024_track2-random_190_404,4.91
mc2024_track2-random_190_500,3.269
mc2024_track2-random_190_501,3.437
mc2024_track2-random_190_502,3.348
mc2024_track2-random_190_503,3.447
mc2024_track2-random_190_504,3.377
mc2024_track2-random_191_100,115.165
mc2024_track2-random_191_101,116.501
mc2024_track2-random_191_102,117.743
mc2024_track2-random_191_103,117.816
mc2024_track2-random_191_104,117.875
mc2024_track2-random_191_200,144.681
mc2024_track2-random_191_201,144.678
mc2024_track2-random_191_202,144.939
mc2024_track2-random_191_203,145.719
mc2024_track2-random_191_204,145.526
mc2024_track2-random_191_300,107.628
mc2024_track2-random_191_301,108.227
mc2024_track2-random_191_302,108.416
mc2024_track2-random_191_303,111.372
mc2024_track2-random_191_304,109.748
mc2024_track2-random_191_400,146.899
mc2024_track2-random_191_401,143.756
mc2024_track2-random_191_402,144.429
mc2024_track2-random_191_403,145.45
mc2024_track2-random_191_404,144.059
mc2024_track2-random_191_500,84.372
mc2024_track2-random_191_501,92.514
mc2024_track2-random_191_502,87.858
mc2024_track2-random_191_503,91.683
mc2024_track2-random_191_504,91.18
mc2024_track2-random_192_100,38.498
mc2024_track2-random_192_101,38.474
mc2024_track2-random_192_102,38.608
mc2024_track2-random_192_103,38.556
mc2024_track2-random_192_104,38.642
mc2024_track2-random_192_200,48.498
mc2024_track2-random_192_201,48.391
mc2024_track2-random_192_202,48.537
mc2024_track2-random_192_203,48.708
mc2024_track2-random_192_204,49.675
mc2024_track2-random_192_300,38.305
mc2024_track2-random_192_301,38.424
mc2024_track2-random_192_302,37.733
mc2024_track2-random_192_303,38.356
mc2024_track2-random_192_304,38.614
mc2024_track2-random_192_400,48.394
mc2024_track2-random_192_401,48.563
mc2024_track2-random_192_402,48.144
mc2024_track2-random_192_403,48.17
mc2024_track2-random_192_404,48.829
mc2024_track2-random_192_500,33.224
mc2024_track2-random_192_501,33.251
mc2024_track2-random_192_502,33.185
mc2024_track2-random_192_503,33.308
mc2024_track2-random_192_504,33.908
mc2024_track2-random_193_100,2.981
mc2024_track2-random_193_101,3.019
mc2024_track2-random_193_102,2.967
mc2024_track2-random_193_103,2.972
mc2024_track2-random_193_104,2.97
mc2024_track2-random_193_200,3.781
mc2024_track2-random_193_201,3.791
mc2024_track2-random_193_202,3.784
mc2024_track2-random_193_203,3.786
mc2024_track2-random_193_204,3.773
mc2024_track2-random_193_300,2.867
mc2024_track2-random_193_301,2.867
mc2024_track2-random_193_302,2.891
mc2024_track2-random_193_303,2.877
mc2024_track2-random_193_304,2.879
mc2024_track2-random_193_400,3.784
mc2024_track2-random_193_401,3.83
mc2024_track2-random_193_402,3.777
mc2024_track2-random_193_403,3.784
mc2024_track2-random_193_404,3.789
mc2024_track2-random_193_500,2.466
mc2024_track2-random_193_501,1.626
mc2024_track2-random_193_502,1.957
mc2024_track2-random_193_503,1.714
mc2024_track2-random_193_504,2.279
mc2024_track2-random_194_100,42.956
mc2024_track2-random_194_101,42.766
mc2024_track2-random_194_102,42.661
mc2024_track2-random_194_103,42.776
mc2024_track2-random_194_104,42.887
mc2024_track2-random_194_200,53.711
mc2024_track2-random_194_201,52.699
mc2024_track2-random_194_202,53.072
mc2024_track2-random_194_203,53.356
mc2024_track2-random_194_204,53.21
mc2024_track2-random_194_300,41.004
mc2024_track2-random_194_301,40.885
mc2024_track2-random_194_302,41.039
mc2024_track2-random_194_303,41.213
mc2024_track2-random_194_304,40.958
mc2024_track2-random_194_400,53.456
mc2024_track2-random_194_401,54.305
mc2024_track2-random_194_402,54.395
mc2024_track2-random_194_403,54.051
mc2024_track2-random_194_404,53.717
mc2024_track2-random_194_500,37.916
mc2024_track2-random_194_501,38.297
mc2024_track2-random_194_502,31.804
mc2024_track2-random_194_503,35.814
mc2024_track2-random_194_504,37.765
mc2024_track2-random_195_100,0.005
mc2024_track2-random_195_101,0.005
mc2024_track2-random_195_102,0.005
mc2024_track2-random_195_103,0.005
mc2024_track2-random_195_104,0.005
mc2024_track2-random_195_200,0.008
mc2024_track2-random_195_201,0.008
mc2024_track2-random_195_202,0.008
mc2024_track2-random_195_203,0.009
mc2024_track2-random_195_204,0.008
mc2024_track2-random_195_300,0.007
mc2024_track2-random_195_301,0.007
mc2024_track2-random_195_302,0.007
mc2024_track2-random_195_303,0.007
mc2024_track2-random_195_304,0.007
mc2024_track2-random_195_400,0.008
mc2024_track2-random_195_401,0.009
mc2024_track2-random_195_402,0.009
mc2024_track2-random_195_403,0.009
mc2024_track2-random_195_404,0.008
mc2024_track2-random_195_500,0.006
mc2024_track2-random_195_501,0.005
mc2024_track2-random_195_502,0.006
mc2024_track2-random_195_503,0.006
mc2024_track2-random_195_504,0.006
