mc2024_track2-random_002_100,1.0
mc2024_track2-random_002_101,1.0
mc2024_track2-random_002_102,1.0
mc2024_track2-random_002_103,1.0
mc2024_track2-random_002_104,1.0
mc2024_track2-random_002_200,1.0
mc2024_track2-random_002_201,1.0
mc2024_track2-random_002_202,1.0
mc2024_track2-random_002_203,1.0
mc2024_track2-random_002_204,1.0
mc2024_track2-random_002_300,3.0
mc2024_track2-random_002_301,2.0
mc2024_track2-random_002_302,2.0
mc2024_track2-random_002_303,2.0
mc2024_track2-random_002_304,3.0
mc2024_track2-random_002_400,2.0
mc2024_track2-random_002_401,2.0
mc2024_track2-random_002_402,2.0
mc2024_track2-random_002_403,2.0
mc2024_track2-random_002_404,2.0
mc2024_track2-random_002_500,3.0
mc2024_track2-random_002_501,3.0
mc2024_track2-random_002_502,3.0
mc2024_track2-random_002_503,2.0
mc2024_track2-random_002_504,3.0
mc2024_track2-random_003_100,1.0
mc2024_track2-random_003_101,1.0
mc2024_track2-random_003_102,1.0
mc2024_track2-random_003_103,1.0
mc2024_track2-random_003_104,1.0
mc2024_track2-random_003_200,1.0
mc2024_track2-random_003_201,1.0
mc2024_track2-random_003_202,1.0
mc2024_track2-random_003_203,1.0
mc2024_track2-random_003_204,1.0
mc2024_track2-random_003_300,2.0
mc2024_track2-random_003_301,2.0
mc2024_track2-random_003_302,2.0
mc2024_track2-random_003_303,2.0
mc2024_track2-random_003_304,2.0
mc2024_track2-random_003_400,2.0
mc2024_track2-random_003_401,2.0
mc2024_track2-random_003_402,2.0
mc2024_track2-random_003_403,2.0
mc2024_track2-random_003_404,2.0
mc2024_track2-random_003_500,2.0
mc2024_track2-random_003_501,3.0
mc2024_track2-random_003_502,2.0
mc2024_track2-random_003_503,2.0
mc2024_track2-random_003_504,3.0
mc2024_track2-random_007_100,1.0
mc2024_track2-random_007_101,1.0
mc2024_track2-random_007_102,1.0
mc2024_track2-random_007_103,1.0
mc2024_track2-random_007_104,1.0
mc2024_track2-random_007_200,1.0
mc2024_track2-random_007_201,1.0
mc2024_track2-random_007_202,1.0
mc2024_track2-random_007_203,1.0
mc2024_track2-random_007_204,1.0
mc2024_track2-random_007_300,2.0
mc2024_track2-random_007_301,2.0
mc2024_track2-random_007_302,2.0
mc2024_track2-random_007_303,2.0
mc2024_track2-random_007_304,2.0
mc2024_track2-random_007_400,2.0
mc2024_track2-random_007_401,2.0
mc2024_track2-random_007_402,2.0
mc2024_track2-random_007_403,2.0
mc2024_track2-random_007_404,2.0
mc2024_track2-random_007_500,3.0
mc2024_track2-random_007_501,2.0
mc2024_track2-random_007_502,2.0
mc2024_track2-random_007_503,2.0
mc2024_track2-random_007_504,2.0
mc2024_track2-random_009_100,1.0
mc2024_track2-random_009_101,1.0
mc2024_track2-random_009_102,1.0
mc2024_track2-random_009_103,1.0
mc2024_track2-random_009_104,1.0
mc2024_track2-random_009_200,1.0
mc2024_track2-random_009_201,1.0
mc2024_track2-random_009_202,1.0
mc2024_track2-random_009_203,1.0
mc2024_track2-random_009_204,1.0
mc2024_track2-random_009_300,2.0
mc2024_track2-random_009_301,2.0
mc2024_track2-random_009_302,2.0
mc2024_track2-random_009_303,2.0
mc2024_track2-random_009_304,2.0
mc2024_track2-random_009_400,2.0
mc2024_track2-random_009_401,2.0
mc2024_track2-random_009_402,2.0
mc2024_track2-random_009_403,2.0
mc2024_track2-random_009_404,2.0
mc2024_track2-random_009_500,3.0
mc2024_track2-random_009_501,4.0
mc2024_track2-random_009_502,4.0
mc2024_track2-random_009_503,4.0
mc2024_track2-random_009_504,4.0
mc2024_track2-random_011_100,1.0
mc2024_track2-random_011_101,1.0
mc2024_track2-random_011_102,1.0
mc2024_track2-random_011_103,1.0
mc2024_track2-random_011_104,1.0
mc2024_track2-random_011_200,1.0
mc2024_track2-random_011_201,1.0
mc2024_track2-random_011_202,1.0
mc2024_track2-random_011_203,1.0
mc2024_track2-random_011_204,1.0
mc2024_track2-random_011_300,2.0
mc2024_track2-random_011_301,2.0
mc2024_track2-random_011_302,2.0
mc2024_track2-random_011_303,2.0
mc2024_track2-random_011_304,2.0
mc2024_track2-random_011_400,2.0
mc2024_track2-random_011_401,2.0
mc2024_track2-random_011_402,2.0
mc2024_track2-random_011_403,2.0
mc2024_track2-random_011_404,2.0
mc2024_track2-random_011_500,4.0
mc2024_track2-random_011_501,2.0
mc2024_track2-random_011_502,2.0
mc2024_track2-random_011_503,2.0
mc2024_track2-random_011_504,2.0
mc2024_track2-random_012_100,1.0
mc2024_track2-random_012_101,1.0
mc2024_track2-random_012_102,1.0
mc2024_track2-random_012_103,1.0
mc2024_track2-random_012_104,1.0
mc2024_track2-random_012_200,1.0
mc2024_track2-random_012_201,1.0
mc2024_track2-random_012_202,1.0
mc2024_track2-random_012_203,1.0
mc2024_track2-random_012_204,1.0
mc2024_track2-random_012_300,2.0
mc2024_track2-random_012_301,2.0
mc2024_track2-random_012_302,2.0
mc2024_track2-random_012_303,2.0
mc2024_track2-random_012_304,2.0
mc2024_track2-random_012_400,2.0
mc2024_track2-random_012_401,2.0
mc2024_track2-random_012_402,2.0
mc2024_track2-random_012_403,2.0
mc2024_track2-random_012_404,2.0
mc2024_track2-random_012_500,3.0
mc2024_track2-random_012_501,3.0
mc2024_track2-random_012_502,4.0
mc2024_track2-random_012_503,3.0
mc2024_track2-random_012_504,3.0
mc2024_track2-random_013_100,1.0
mc2024_track2-random_013_101,1.0
mc2024_track2-random_013_102,1.0
mc2024_track2-random_013_103,1.0
mc2024_track2-random_013_104,1.0
mc2024_track2-random_013_200,1.0
mc2024_track2-random_013_201,1.0
mc2024_track2-random_013_202,1.0
mc2024_track2-random_013_203,1.0
mc2024_track2-random_013_204,1.0
mc2024_track2-random_013_300,2.0
mc2024_track2-random_013_301,2.0
mc2024_track2-random_013_302,2.0
mc2024_track2-random_013_303,2.0
mc2024_track2-random_013_304,2.0
mc2024_track2-random_013_400,2.0
mc2024_track2-random_013_401,2.0
mc2024_track2-random_013_402,2.0
mc2024_track2-random_013_403,2.0
mc2024_track2-random_013_404,2.0
mc2024_track2-random_013_500,3.0
mc2024_track2-random_013_501,3.0
mc2024_track2-random_013_502,4.0
mc2024_track2-random_013_503,3.0
mc2024_track2-random_013_504,4.0
mc2024_track2-random_014_100,1.0
mc2024_track2-random_014_101,1.0
mc2024_track2-random_014_102,1.0
mc2024_track2-random_014_103,1.0
mc2024_track2-random_014_104,1.0
mc2024_track2-random_014_200,1.0
mc2024_track2-random_014_201,1.0
mc2024_track2-random_014_202,1.0
mc2024_track2-random_014_203,1.0
mc2024_track2-random_014_204,1.0
mc2024_track2-random_014_300,2.0
mc2024_track2-random_014_301,2.0
mc2024_track2-random_014_302,2.0
mc2024_track2-random_014_303,2.0
mc2024_track2-random_014_304,2.0
mc2024_track2-random_014_400,2.0
mc2024_track2-random_014_401,2.0
mc2024_track2-random_014_402,2.0
mc2024_track2-random_014_403,2.0
mc2024_track2-random_014_404,2.0
mc2024_track2-random_014_500,3.0
mc2024_track2-random_014_501,2.0
mc2024_track2-random_014_502,4.0
mc2024_track2-random_014_503,3.0
mc2024_track2-random_014_504,2.0
mc2024_track2-random_016_100,1.0
mc2024_track2-random_016_101,1.0
mc2024_track2-random_016_102,1.0
mc2024_track2-random_016_103,1.0
mc2024_track2-random_016_104,1.0
mc2024_track2-random_016_200,1.0
mc2024_track2-random_016_201,1.0
mc2024_track2-random_016_202,1.0
mc2024_track2-random_016_203,1.0
mc2024_track2-random_016_204,1.0
mc2024_track2-random_016_300,2.0
mc2024_track2-random_016_301,2.0
mc2024_track2-random_016_302,2.0
mc2024_track2-random_016_303,2.0
mc2024_track2-random_016_304,2.0
mc2024_track2-random_016_400,2.0
mc2024_track2-random_016_401,2.0
mc2024_track2-random_016_402,2.0
mc2024_track2-random_016_403,2.0
mc2024_track2-random_016_404,2.0
mc2024_track2-random_016_500,4.0
mc2024_track2-random_016_501,3.0
mc2024_track2-random_016_502,3.0
mc2024_track2-random_016_503,3.0
mc2024_track2-random_016_504,2.0
mc2024_track2-random_022_100,1.0
mc2024_track2-random_022_101,1.0
mc2024_track2-random_022_102,1.0
mc2024_track2-random_022_103,1.0
mc2024_track2-random_022_104,1.0
mc2024_track2-random_022_200,1.0
mc2024_track2-random_022_201,1.0
mc2024_track2-random_022_202,1.0
mc2024_track2-random_022_203,1.0
mc2024_track2-random_022_204,1.0
mc2024_track2-random_022_300,2.0
mc2024_track2-random_022_301,2.0
mc2024_track2-random_022_302,2.0
mc2024_track2-random_022_303,2.0
mc2024_track2-random_022_304,2.0
mc2024_track2-random_022_400,2.0
mc2024_track2-random_022_401,2.0
mc2024_track2-random_022_402,2.0
mc2024_track2-random_022_403,2.0
mc2024_track2-random_022_404,2.0
mc2024_track2-random_022_500,3.0
mc2024_track2-random_022_501,3.0
mc2024_track2-random_022_502,3.0
mc2024_track2-random_022_503,3.0
mc2024_track2-random_022_504,3.0
mc2024_track2-random_023_100,1.0
mc2024_track2-random_023_101,1.0
mc2024_track2-random_023_102,1.0
mc2024_track2-random_023_103,1.0
mc2024_track2-random_023_104,1.0
mc2024_track2-random_023_200,1.0
mc2024_track2-random_023_201,1.0
mc2024_track2-random_023_202,1.0
mc2024_track2-random_023_203,1.0
mc2024_track2-random_023_204,1.0
mc2024_track2-random_023_300,2.0
mc2024_track2-random_023_301,2.0
mc2024_track2-random_023_302,2.0
mc2024_track2-random_023_303,2.0
mc2024_track2-random_023_304,2.0
mc2024_track2-random_023_400,2.0
mc2024_track2-random_023_401,2.0
mc2024_track2-random_023_402,2.0
mc2024_track2-random_023_403,2.0
mc2024_track2-random_023_404,2.0
mc2024_track2-random_023_500,2.0
mc2024_track2-random_023_501,2.0
mc2024_track2-random_023_502,3.0
mc2024_track2-random_023_503,2.0
mc2024_track2-random_023_504,2.0
mc2024_track2-random_024_100,1.0
mc2024_track2-random_024_101,1.0
mc2024_track2-random_024_102,1.0
mc2024_track2-random_024_103,1.0
mc2024_track2-random_024_104,1.0
mc2024_track2-random_024_200,1.0
mc2024_track2-random_024_201,1.0
mc2024_track2-random_024_202,1.0
mc2024_track2-random_024_203,1.0
mc2024_track2-random_024_204,1.0
mc2024_track2-random_024_300,2.0
mc2024_track2-random_024_301,2.0
mc2024_track2-random_024_302,2.0
mc2024_track2-random_024_303,2.0
mc2024_track2-random_024_304,2.0
mc2024_track2-random_024_400,2.0
mc2024_track2-random_024_401,2.0
mc2024_track2-random_024_402,2.0
mc2024_track2-random_024_403,2.0
mc2024_track2-random_024_404,2.0
mc2024_track2-random_024_500,2.0
mc2024_track2-random_024_501,2.0
mc2024_track2-random_024_502,2.0
mc2024_track2-random_024_503,3.0
mc2024_track2-random_024_504,2.0
mc2024_track2-random_025_100,1.0
mc2024_track2-random_025_101,1.0
mc2024_track2-random_025_102,1.0
mc2024_track2-random_025_103,1.0
mc2024_track2-random_025_104,1.0
mc2024_track2-random_025_200,1.0
mc2024_track2-random_025_201,1.0
mc2024_track2-random_025_202,1.0
mc2024_track2-random_025_203,1.0
mc2024_track2-random_025_204,1.0
mc2024_track2-random_025_300,2.0
mc2024_track2-random_025_301,2.0
mc2024_track2-random_025_302,2.0
mc2024_track2-random_025_303,2.0
mc2024_track2-random_025_304,2.0
mc2024_track2-random_025_400,2.0
mc2024_track2-random_025_401,2.0
mc2024_track2-random_025_402,2.0
mc2024_track2-random_025_403,2.0
mc2024_track2-random_025_404,2.0
mc2024_track2-random_025_500,2.0
mc2024_track2-random_025_501,3.0
mc2024_track2-random_025_502,3.0
mc2024_track2-random_025_503,2.0
mc2024_track2-random_025_504,2.0
mc2024_track2-random_027_100,1.0
mc2024_track2-random_027_101,1.0
mc2024_track2-random_027_102,1.0
mc2024_track2-random_027_103,1.0
mc2024_track2-random_027_104,1.0
mc2024_track2-random_027_200,1.0
mc2024_track2-random_027_201,1.0
mc2024_track2-random_027_202,1.0
mc2024_track2-random_027_203,1.0
mc2024_track2-random_027_204,1.0
mc2024_track2-random_027_300,2.0
mc2024_track2-random_027_301,2.0
mc2024_track2-random_027_302,2.0
mc2024_track2-random_027_303,2.0
mc2024_track2-random_027_304,2.0
mc2024_track2-random_027_400,2.0
mc2024_track2-random_027_401,2.0
mc2024_track2-random_027_402,2.0
mc2024_track2-random_027_403,2.0
mc2024_track2-random_027_404,2.0
mc2024_track2-random_027_500,2.0
mc2024_track2-random_027_501,2.0
mc2024_track2-random_027_502,2.0
mc2024_track2-random_027_503,2.0
mc2024_track2-random_027_504,2.0
mc2024_track2-random_029_100,1.0
mc2024_track2-random_029_101,1.0
mc2024_track2-random_029_102,1.0
mc2024_track2-random_029_103,1.0
mc2024_track2-random_029_104,1.0
mc2024_track2-random_029_200,1.0
mc2024_track2-random_029_201,1.0
mc2024_track2-random_029_202,1.0
mc2024_track2-random_029_203,1.0
mc2024_track2-random_029_204,1.0
mc2024_track2-random_029_300,2.0
mc2024_track2-random_029_301,2.0
mc2024_track2-random_029_302,2.0
mc2024_track2-random_029_303,2.0
mc2024_track2-random_029_304,2.0
mc2024_track2-random_029_400,2.0
mc2024_track2-random_029_401,2.0
mc2024_track2-random_029_402,2.0
mc2024_track2-random_029_403,2.0
mc2024_track2-random_029_404,2.0
mc2024_track2-random_029_500,2.0
mc2024_track2-random_029_501,2.0
mc2024_track2-random_029_502,3.0
mc2024_track2-random_029_503,2.0
mc2024_track2-random_029_504,2.0
mc2024_track2-random_030_100,1.0
mc2024_track2-random_030_101,1.0
mc2024_track2-random_030_102,1.0
mc2024_track2-random_030_103,1.0
mc2024_track2-random_030_104,1.0
mc2024_track2-random_030_200,1.0
mc2024_track2-random_030_201,1.0
mc2024_track2-random_030_202,1.0
mc2024_track2-random_030_203,1.0
mc2024_track2-random_030_204,1.0
mc2024_track2-random_030_300,2.0
mc2024_track2-random_030_301,2.0
mc2024_track2-random_030_302,2.0
mc2024_track2-random_030_303,2.0
mc2024_track2-random_030_304,2.0
mc2024_track2-random_030_400,2.0
mc2024_track2-random_030_401,2.0
mc2024_track2-random_030_402,2.0
mc2024_track2-random_030_403,2.0
mc2024_track2-random_030_404,2.0
mc2024_track2-random_030_500,2.0
mc2024_track2-random_030_501,3.0
mc2024_track2-random_030_502,2.0
mc2024_track2-random_030_503,2.0
mc2024_track2-random_030_504,2.0
mc2024_track2-random_032_100,1.0
mc2024_track2-random_032_101,1.0
mc2024_track2-random_032_102,1.0
mc2024_track2-random_032_103,1.0
mc2024_track2-random_032_104,1.0
mc2024_track2-random_032_200,1.0
mc2024_track2-random_032_201,1.0
mc2024_track2-random_032_202,1.0
mc2024_track2-random_032_203,1.0
mc2024_track2-random_032_204,1.0
mc2024_track2-random_032_300,2.0
mc2024_track2-random_032_301,2.0
mc2024_track2-random_032_302,2.0
mc2024_track2-random_032_303,2.0
mc2024_track2-random_032_304,2.0
mc2024_track2-random_032_400,2.0
mc2024_track2-random_032_401,2.0
mc2024_track2-random_032_402,2.0
mc2024_track2-random_032_403,2.0
mc2024_track2-random_032_404,2.0
mc2024_track2-random_032_500,2.0
mc2024_track2-random_032_501,2.0
mc2024_track2-random_032_502,2.0
mc2024_track2-random_032_503,2.0
mc2024_track2-random_032_504,2.0
mc2024_track2-random_035_100,1.0
mc2024_track2-random_035_101,1.0
mc2024_track2-random_035_102,1.0
mc2024_track2-random_035_103,1.0
mc2024_track2-random_035_104,1.0
mc2024_track2-random_035_200,1.0
mc2024_track2-random_035_201,1.0
mc2024_track2-random_035_202,1.0
mc2024_track2-random_035_203,1.0
mc2024_track2-random_035_204,1.0
mc2024_track2-random_035_300,2.0
mc2024_track2-random_035_301,2.0
mc2024_track2-random_035_302,2.0
mc2024_track2-random_035_303,2.0
mc2024_track2-random_035_304,2.0
mc2024_track2-random_035_400,2.0
mc2024_track2-random_035_401,2.0
mc2024_track2-random_035_402,2.0
mc2024_track2-random_035_403,2.0
mc2024_track2-random_035_404,2.0
mc2024_track2-random_035_500,2.0
mc2024_track2-random_035_501,2.0
mc2024_track2-random_035_502,2.0
mc2024_track2-random_035_503,2.0
mc2024_track2-random_035_504,2.0
mc2024_track2-random_036_100,1.0
mc2024_track2-random_036_101,1.0
mc2024_track2-random_036_102,1.0
mc2024_track2-random_036_103,1.0
mc2024_track2-random_036_104,1.0
mc2024_track2-random_036_200,1.0
mc2024_track2-random_036_201,1.0
mc2024_track2-random_036_202,1.0
mc2024_track2-random_036_203,1.0
mc2024_track2-random_036_204,1.0
mc2024_track2-random_036_300,2.0
mc2024_track2-random_036_301,2.0
mc2024_track2-random_036_302,2.0
mc2024_track2-random_036_303,2.0
mc2024_track2-random_036_304,2.0
mc2024_track2-random_036_400,2.0
mc2024_track2-random_036_401,2.0
mc2024_track2-random_036_402,2.0
mc2024_track2-random_036_403,2.0
mc2024_track2-random_036_404,2.0
mc2024_track2-random_036_500,2.0
mc2024_track2-random_036_501,3.0
mc2024_track2-random_036_502,2.0
mc2024_track2-random_036_503,3.0
mc2024_track2-random_036_504,3.0
mc2024_track2-random_040_100,1.0
mc2024_track2-random_040_101,1.0
mc2024_track2-random_040_102,1.0
mc2024_track2-random_040_103,1.0
mc2024_track2-random_040_104,1.0
mc2024_track2-random_040_200,1.0
mc2024_track2-random_040_201,1.0
mc2024_track2-random_040_202,1.0
mc2024_track2-random_040_203,1.0
mc2024_track2-random_040_204,1.0
mc2024_track2-random_040_300,2.0
mc2024_track2-random_040_301,2.0
mc2024_track2-random_040_302,2.0
mc2024_track2-random_040_303,2.0
mc2024_track2-random_040_304,2.0
mc2024_track2-random_040_400,2.0
mc2024_track2-random_040_401,2.0
mc2024_track2-random_040_402,2.0
mc2024_track2-random_040_403,2.0
mc2024_track2-random_040_404,2.0
mc2024_track2-random_040_500,3.0
mc2024_track2-random_040_501,2.0
mc2024_track2-random_040_502,3.0
mc2024_track2-random_040_503,2.0
mc2024_track2-random_040_504,3.0
mc2024_track2-random_041_100,1.0
mc2024_track2-random_041_101,1.0
mc2024_track2-random_041_102,1.0
mc2024_track2-random_041_103,1.0
mc2024_track2-random_041_104,1.0
mc2024_track2-random_041_200,1.0
mc2024_track2-random_041_201,1.0
mc2024_track2-random_041_202,1.0
mc2024_track2-random_041_203,1.0
mc2024_track2-random_041_204,1.0
mc2024_track2-random_041_300,2.0
mc2024_track2-random_041_301,2.0
mc2024_track2-random_041_302,2.0
mc2024_track2-random_041_303,2.0
mc2024_track2-random_041_304,2.0
mc2024_track2-random_041_400,2.0
mc2024_track2-random_041_401,2.0
mc2024_track2-random_041_402,2.0
mc2024_track2-random_041_403,2.0
mc2024_track2-random_041_404,2.0
mc2024_track2-random_041_500,2.0
mc2024_track2-random_041_501,2.0
mc2024_track2-random_041_502,2.0
mc2024_track2-random_041_503,2.0
mc2024_track2-random_041_504,2.0
mc2024_track2-random_047_100,1.0
mc2024_track2-random_047_101,1.0
mc2024_track2-random_047_102,1.0
mc2024_track2-random_047_103,1.0
mc2024_track2-random_047_104,1.0
mc2024_track2-random_047_200,1.0
mc2024_track2-random_047_201,1.0
mc2024_track2-random_047_202,1.0
mc2024_track2-random_047_203,1.0
mc2024_track2-random_047_204,1.0
mc2024_track2-random_047_300,2.0
mc2024_track2-random_047_301,2.0
mc2024_track2-random_047_302,2.0
mc2024_track2-random_047_303,2.0
mc2024_track2-random_047_304,2.0
mc2024_track2-random_047_400,2.0
mc2024_track2-random_047_401,2.0
mc2024_track2-random_047_402,2.0
mc2024_track2-random_047_403,2.0
mc2024_track2-random_047_404,2.0
mc2024_track2-random_047_500,2.0
mc2024_track2-random_047_501,3.0
mc2024_track2-random_047_502,2.0
mc2024_track2-random_047_503,2.0
mc2024_track2-random_047_504,2.0
mc2024_track2-random_049_100,1.0
mc2024_track2-random_049_101,1.0
mc2024_track2-random_049_102,1.0
mc2024_track2-random_049_103,1.0
mc2024_track2-random_049_104,1.0
mc2024_track2-random_049_200,1.0
mc2024_track2-random_049_201,1.0
mc2024_track2-random_049_202,1.0
mc2024_track2-random_049_203,1.0
mc2024_track2-random_049_204,1.0
mc2024_track2-random_049_300,2.0
mc2024_track2-random_049_301,2.0
mc2024_track2-random_049_302,2.0
mc2024_track2-random_049_303,2.0
mc2024_track2-random_049_304,2.0
mc2024_track2-random_049_400,2.0
mc2024_track2-random_049_401,2.0
mc2024_track2-random_049_402,2.0
mc2024_track2-random_049_403,2.0
mc2024_track2-random_049_404,2.0
mc2024_track2-random_049_500,2.0
mc2024_track2-random_049_501,2.0
mc2024_track2-random_049_502,3.0
mc2024_track2-random_049_503,3.0
mc2024_track2-random_049_504,4.0
mc2024_track2-random_050_100,1.0
mc2024_track2-random_050_101,1.0
mc2024_track2-random_050_102,1.0
mc2024_track2-random_050_103,1.0
mc2024_track2-random_050_104,1.0
mc2024_track2-random_050_200,1.0
mc2024_track2-random_050_201,1.0
mc2024_track2-random_050_202,1.0
mc2024_track2-random_050_203,1.0
mc2024_track2-random_050_204,1.0
mc2024_track2-random_050_300,2.0
mc2024_track2-random_050_301,2.0
mc2024_track2-random_050_302,2.0
mc2024_track2-random_050_303,2.0
mc2024_track2-random_050_304,2.0
mc2024_track2-random_050_400,2.0
mc2024_track2-random_050_401,2.0
mc2024_track2-random_050_402,2.0
mc2024_track2-random_050_403,2.0
mc2024_track2-random_050_404,2.0
mc2024_track2-random_050_500,4.0
mc2024_track2-random_050_501,3.0
mc2024_track2-random_050_502,3.0
mc2024_track2-random_050_503,3.0
mc2024_track2-random_050_504,3.0
mc2024_track2-random_053_100,1.0
mc2024_track2-random_053_101,1.0
mc2024_track2-random_053_102,1.0
mc2024_track2-random_053_103,1.0
mc2024_track2-random_053_104,1.0
mc2024_track2-random_053_200,1.0
mc2024_track2-random_053_201,1.0
mc2024_track2-random_053_202,1.0
mc2024_track2-random_053_203,1.0
mc2024_track2-random_053_204,1.0
mc2024_track2-random_053_300,2.0
mc2024_track2-random_053_301,2.0
mc2024_track2-random_053_302,2.0
mc2024_track2-random_053_303,2.0
mc2024_track2-random_053_304,2.0
mc2024_track2-random_053_400,2.0
mc2024_track2-random_053_401,2.0
mc2024_track2-random_053_402,2.0
mc2024_track2-random_053_403,2.0
mc2024_track2-random_053_404,2.0
mc2024_track2-random_053_500,2.0
mc2024_track2-random_053_501,2.0
mc2024_track2-random_053_502,4.0
mc2024_track2-random_053_503,2.0
mc2024_track2-random_053_504,4.0
mc2024_track2-random_054_100,1.0
mc2024_track2-random_054_101,1.0
mc2024_track2-random_054_102,1.0
mc2024_track2-random_054_103,1.0
mc2024_track2-random_054_104,1.0
mc2024_track2-random_054_200,1.0
mc2024_track2-random_054_201,1.0
mc2024_track2-random_054_202,1.0
mc2024_track2-random_054_203,1.0
mc2024_track2-random_054_204,1.0
mc2024_track2-random_054_300,2.0
mc2024_track2-random_054_301,2.0
mc2024_track2-random_054_302,2.0
mc2024_track2-random_054_303,2.0
mc2024_track2-random_054_304,2.0
mc2024_track2-random_054_400,2.0
mc2024_track2-random_054_401,2.0
mc2024_track2-random_054_402,2.0
mc2024_track2-random_054_403,2.0
mc2024_track2-random_054_404,2.0
mc2024_track2-random_054_500,3.0
mc2024_track2-random_054_501,3.0
mc2024_track2-random_054_502,3.0
mc2024_track2-random_054_503,2.0
mc2024_track2-random_054_504,4.0
mc2024_track2-random_055_100,1.0
mc2024_track2-random_055_101,1.0
mc2024_track2-random_055_102,1.0
mc2024_track2-random_055_103,1.0
mc2024_track2-random_055_104,1.0
mc2024_track2-random_055_200,1.0
mc2024_track2-random_055_201,1.0
mc2024_track2-random_055_202,1.0
mc2024_track2-random_055_203,1.0
mc2024_track2-random_055_204,1.0
mc2024_track2-random_055_300,2.0
mc2024_track2-random_055_301,2.0
mc2024_track2-random_055_302,2.0
mc2024_track2-random_055_303,2.0
mc2024_track2-random_055_304,2.0
mc2024_track2-random_055_400,2.0
mc2024_track2-random_055_401,2.0
mc2024_track2-random_055_402,2.0
mc2024_track2-random_055_403,2.0
mc2024_track2-random_055_404,2.0
mc2024_track2-random_055_500,2.0
mc2024_track2-random_055_501,2.0
mc2024_track2-random_055_502,3.0
mc2024_track2-random_055_503,4.0
mc2024_track2-random_055_504,2.0
mc2024_track2-random_056_100,1.0
mc2024_track2-random_056_101,1.0
mc2024_track2-random_056_102,1.0
mc2024_track2-random_056_103,1.0
mc2024_track2-random_056_104,1.0
mc2024_track2-random_056_200,1.0
mc2024_track2-random_056_201,1.0
mc2024_track2-random_056_202,1.0
mc2024_track2-random_056_203,1.0
mc2024_track2-random_056_204,1.0
mc2024_track2-random_056_300,2.0
mc2024_track2-random_056_301,2.0
mc2024_track2-random_056_302,2.0
mc2024_track2-random_056_303,2.0
mc2024_track2-random_056_304,2.0
mc2024_track2-random_056_400,2.0
mc2024_track2-random_056_401,2.0
mc2024_track2-random_056_402,2.0
mc2024_track2-random_056_403,2.0
mc2024_track2-random_056_404,2.0
mc2024_track2-random_056_500,4.0
mc2024_track2-random_056_501,2.0
mc2024_track2-random_056_502,3.0
mc2024_track2-random_056_503,2.0
mc2024_track2-random_056_504,2.0
mc2024_track2-random_057_100,1.0
mc2024_track2-random_057_101,1.0
mc2024_track2-random_057_102,1.0
mc2024_track2-random_057_103,1.0
mc2024_track2-random_057_104,1.0
mc2024_track2-random_057_200,1.0
mc2024_track2-random_057_201,1.0
mc2024_track2-random_057_202,1.0
mc2024_track2-random_057_203,1.0
mc2024_track2-random_057_204,1.0
mc2024_track2-random_057_300,2.0
mc2024_track2-random_057_301,2.0
mc2024_track2-random_057_302,2.0
mc2024_track2-random_057_303,2.0
mc2024_track2-random_057_304,2.0
mc2024_track2-random_057_400,2.0
mc2024_track2-random_057_401,2.0
mc2024_track2-random_057_402,2.0
mc2024_track2-random_057_403,2.0
mc2024_track2-random_057_404,2.0
mc2024_track2-random_057_500,3.0
mc2024_track2-random_057_501,4.0
mc2024_track2-random_057_502,2.0
mc2024_track2-random_057_503,2.0
mc2024_track2-random_057_504,3.0
mc2024_track2-random_058_100,1.0
mc2024_track2-random_058_101,1.0
mc2024_track2-random_058_102,1.0
mc2024_track2-random_058_103,1.0
mc2024_track2-random_058_104,1.0
mc2024_track2-random_058_200,1.0
mc2024_track2-random_058_201,1.0
mc2024_track2-random_058_202,1.0
mc2024_track2-random_058_203,1.0
mc2024_track2-random_058_204,1.0
mc2024_track2-random_058_300,2.0
mc2024_track2-random_058_301,2.0
mc2024_track2-random_058_302,2.0
mc2024_track2-random_058_303,2.0
mc2024_track2-random_058_304,2.0
mc2024_track2-random_058_400,2.0
mc2024_track2-random_058_401,2.0
mc2024_track2-random_058_402,2.0
mc2024_track2-random_058_403,2.0
mc2024_track2-random_058_404,2.0
mc2024_track2-random_058_500,2.0
mc2024_track2-random_058_501,3.0
mc2024_track2-random_058_502,2.0
mc2024_track2-random_058_503,4.0
mc2024_track2-random_058_504,2.0
mc2024_track2-random_059_100,1.0
mc2024_track2-random_059_101,1.0
mc2024_track2-random_059_102,1.0
mc2024_track2-random_059_103,1.0
mc2024_track2-random_059_104,1.0
mc2024_track2-random_059_200,1.0
mc2024_track2-random_059_201,1.0
mc2024_track2-random_059_202,1.0
mc2024_track2-random_059_203,1.0
mc2024_track2-random_059_204,1.0
mc2024_track2-random_059_300,2.0
mc2024_track2-random_059_301,2.0
mc2024_track2-random_059_302,2.0
mc2024_track2-random_059_303,2.0
mc2024_track2-random_059_304,2.0
mc2024_track2-random_059_400,2.0
mc2024_track2-random_059_401,2.0
mc2024_track2-random_059_402,2.0
mc2024_track2-random_059_403,2.0
mc2024_track2-random_059_404,2.0
mc2024_track2-random_059_500,4.0
mc2024_track2-random_059_501,4.0
mc2024_track2-random_059_502,4.0
mc2024_track2-random_059_503,4.0
mc2024_track2-random_059_504,4.0
mc2024_track2-random_060_100,1.0
mc2024_track2-random_060_101,1.0
mc2024_track2-random_060_102,1.0
mc2024_track2-random_060_103,1.0
mc2024_track2-random_060_104,1.0
mc2024_track2-random_060_200,1.0
mc2024_track2-random_060_201,1.0
mc2024_track2-random_060_202,1.0
mc2024_track2-random_060_203,1.0
mc2024_track2-random_060_204,1.0
mc2024_track2-random_060_300,2.0
mc2024_track2-random_060_301,2.0
mc2024_track2-random_060_302,2.0
mc2024_track2-random_060_303,2.0
mc2024_track2-random_060_304,2.0
mc2024_track2-random_060_400,2.0
mc2024_track2-random_060_401,2.0
mc2024_track2-random_060_402,2.0
mc2024_track2-random_060_403,2.0
mc2024_track2-random_060_404,2.0
mc2024_track2-random_060_500,3.0
mc2024_track2-random_060_501,3.0
mc2024_track2-random_060_502,3.0
mc2024_track2-random_060_503,2.0
mc2024_track2-random_060_504,3.0
mc2024_track2-random_061_100,1.0
mc2024_track2-random_061_101,1.0
mc2024_track2-random_061_102,1.0
mc2024_track2-random_061_103,1.0
mc2024_track2-random_061_104,1.0
mc2024_track2-random_061_200,1.0
mc2024_track2-random_061_201,1.0
mc2024_track2-random_061_202,1.0
mc2024_track2-random_061_203,1.0
mc2024_track2-random_061_204,1.0
mc2024_track2-random_061_300,2.0
mc2024_track2-random_061_301,2.0
mc2024_track2-random_061_302,2.0
mc2024_track2-random_061_303,2.0
mc2024_track2-random_061_304,2.0
mc2024_track2-random_061_400,2.0
mc2024_track2-random_061_401,2.0
mc2024_track2-random_061_402,2.0
mc2024_track2-random_061_403,2.0
mc2024_track2-random_061_404,2.0
mc2024_track2-random_061_500,2.0
mc2024_track2-random_061_501,3.0
mc2024_track2-random_061_502,2.0
mc2024_track2-random_061_503,2.0
mc2024_track2-random_061_504,2.0
mc2024_track2-random_062_100,1.0
mc2024_track2-random_062_101,1.0
mc2024_track2-random_062_102,1.0
mc2024_track2-random_062_103,1.0
mc2024_track2-random_062_104,1.0
mc2024_track2-random_062_200,1.0
mc2024_track2-random_062_201,1.0
mc2024_track2-random_062_202,1.0
mc2024_track2-random_062_203,1.0
mc2024_track2-random_062_204,1.0
mc2024_track2-random_062_300,2.0
mc2024_track2-random_062_301,2.0
mc2024_track2-random_062_302,2.0
mc2024_track2-random_062_303,2.0
mc2024_track2-random_062_304,2.0
mc2024_track2-random_062_400,2.0
mc2024_track2-random_062_401,2.0
mc2024_track2-random_062_402,2.0
mc2024_track2-random_062_403,2.0
mc2024_track2-random_062_404,2.0
mc2024_track2-random_062_500,2.0
mc2024_track2-random_062_501,4.0
mc2024_track2-random_062_502,2.0
mc2024_track2-random_062_503,2.0
mc2024_track2-random_062_504,4.0
mc2024_track2-random_063_100,1.0
mc2024_track2-random_063_101,1.0
mc2024_track2-random_063_102,1.0
mc2024_track2-random_063_103,1.0
mc2024_track2-random_063_104,1.0
mc2024_track2-random_063_200,1.0
mc2024_track2-random_063_201,1.0
mc2024_track2-random_063_202,1.0
mc2024_track2-random_063_203,1.0
mc2024_track2-random_063_204,1.0
mc2024_track2-random_063_300,2.0
mc2024_track2-random_063_301,2.0
mc2024_track2-random_063_302,2.0
mc2024_track2-random_063_303,2.0
mc2024_track2-random_063_304,2.0
mc2024_track2-random_063_400,2.0
mc2024_track2-random_063_401,2.0
mc2024_track2-random_063_402,2.0
mc2024_track2-random_063_403,2.0
mc2024_track2-random_063_404,2.0
mc2024_track2-random_063_500,3.0
mc2024_track2-random_063_501,3.0
mc2024_track2-random_063_502,2.0
mc2024_track2-random_063_503,2.0
mc2024_track2-random_063_504,2.0
mc2024_track2-random_064_100,1.0
mc2024_track2-random_064_101,1.0
mc2024_track2-random_064_102,1.0
mc2024_track2-random_064_103,1.0
mc2024_track2-random_064_104,1.0
mc2024_track2-random_064_200,1.0
mc2024_track2-random_064_201,1.0
mc2024_track2-random_064_202,1.0
mc2024_track2-random_064_203,1.0
mc2024_track2-random_064_204,1.0
mc2024_track2-random_064_300,2.0
mc2024_track2-random_064_301,2.0
mc2024_track2-random_064_302,2.0
mc2024_track2-random_064_303,2.0
mc2024_track2-random_064_304,2.0
mc2024_track2-random_064_400,2.0
mc2024_track2-random_064_401,2.0
mc2024_track2-random_064_402,2.0
mc2024_track2-random_064_403,2.0
mc2024_track2-random_064_404,2.0
mc2024_track2-random_064_500,3.0
mc2024_track2-random_064_501,3.0
mc2024_track2-random_064_502,2.0
mc2024_track2-random_064_503,3.0
mc2024_track2-random_064_504,3.0
mc2024_track2-random_065_100,1.0
mc2024_track2-random_065_101,1.0
mc2024_track2-random_065_102,1.0
mc2024_track2-random_065_103,1.0
mc2024_track2-random_065_104,1.0
mc2024_track2-random_065_200,1.0
mc2024_track2-random_065_201,1.0
mc2024_track2-random_065_202,1.0
mc2024_track2-random_065_203,1.0
mc2024_track2-random_065_204,1.0
mc2024_track2-random_065_300,2.0
mc2024_track2-random_065_301,2.0
mc2024_track2-random_065_302,2.0
mc2024_track2-random_065_303,2.0
mc2024_track2-random_065_304,2.0
mc2024_track2-random_065_400,2.0
mc2024_track2-random_065_401,2.0
mc2024_track2-random_065_402,2.0
mc2024_track2-random_065_403,2.0
mc2024_track2-random_065_404,2.0
mc2024_track2-random_065_500,2.0
mc2024_track2-random_065_501,3.0
mc2024_track2-random_065_502,3.0
mc2024_track2-random_065_503,4.0
mc2024_track2-random_065_504,3.0
mc2024_track2-random_066_100,1.0
mc2024_track2-random_066_101,1.0
mc2024_track2-random_066_102,1.0
mc2024_track2-random_066_103,1.0
mc2024_track2-random_066_104,1.0
mc2024_track2-random_066_200,1.0
mc2024_track2-random_066_201,1.0
mc2024_track2-random_066_202,1.0
mc2024_track2-random_066_203,1.0
mc2024_track2-random_066_204,1.0
mc2024_track2-random_066_300,2.0
mc2024_track2-random_066_301,2.0
mc2024_track2-random_066_302,2.0
mc2024_track2-random_066_303,2.0
mc2024_track2-random_066_304,2.0
mc2024_track2-random_066_400,2.0
mc2024_track2-random_066_401,2.0
mc2024_track2-random_066_402,2.0
mc2024_track2-random_066_403,2.0
mc2024_track2-random_066_404,2.0
mc2024_track2-random_066_500,2.0
mc2024_track2-random_066_501,2.0
mc2024_track2-random_066_502,3.0
mc2024_track2-random_066_503,3.0
mc2024_track2-random_066_504,2.0
mc2024_track2-random_067_100,1.0
mc2024_track2-random_067_101,1.0
mc2024_track2-random_067_102,1.0
mc2024_track2-random_067_103,1.0
mc2024_track2-random_067_104,1.0
mc2024_track2-random_067_200,1.0
mc2024_track2-random_067_201,1.0
mc2024_track2-random_067_202,1.0
mc2024_track2-random_067_203,1.0
mc2024_track2-random_067_204,1.0
mc2024_track2-random_067_300,2.0
mc2024_track2-random_067_301,2.0
mc2024_track2-random_067_302,2.0
mc2024_track2-random_067_303,2.0
mc2024_track2-random_067_304,2.0
mc2024_track2-random_067_400,2.0
mc2024_track2-random_067_401,2.0
mc2024_track2-random_067_402,2.0
mc2024_track2-random_067_403,2.0
mc2024_track2-random_067_404,2.0
mc2024_track2-random_067_500,3.0
mc2024_track2-random_067_501,2.0
mc2024_track2-random_067_502,3.0
mc2024_track2-random_067_503,2.0
mc2024_track2-random_067_504,3.0
mc2024_track2-random_069_100,1.0
mc2024_track2-random_069_101,1.0
mc2024_track2-random_069_102,1.0
mc2024_track2-random_069_103,1.0
mc2024_track2-random_069_104,1.0
mc2024_track2-random_069_200,1.0
mc2024_track2-random_069_201,1.0
mc2024_track2-random_069_202,1.0
mc2024_track2-random_069_203,1.0
mc2024_track2-random_069_204,1.0
mc2024_track2-random_069_300,2.0
mc2024_track2-random_069_301,2.0
mc2024_track2-random_069_302,2.0
mc2024_track2-random_069_303,2.0
mc2024_track2-random_069_304,2.0
mc2024_track2-random_069_400,2.0
mc2024_track2-random_069_401,2.0
mc2024_track2-random_069_402,2.0
mc2024_track2-random_069_403,2.0
mc2024_track2-random_069_404,2.0
mc2024_track2-random_069_500,2.0
mc2024_track2-random_069_501,2.0
mc2024_track2-random_069_502,2.0
mc2024_track2-random_069_503,2.0
mc2024_track2-random_069_504,2.0
mc2024_track2-random_074_100,1.0
mc2024_track2-random_074_101,1.0
mc2024_track2-random_074_102,1.0
mc2024_track2-random_074_103,1.0
mc2024_track2-random_074_104,1.0
mc2024_track2-random_074_200,1.0
mc2024_track2-random_074_201,1.0
mc2024_track2-random_074_202,1.0
mc2024_track2-random_074_203,1.0
mc2024_track2-random_074_204,1.0
mc2024_track2-random_074_300,2.0
mc2024_track2-random_074_301,2.0
mc2024_track2-random_074_302,2.0
mc2024_track2-random_074_303,2.0
mc2024_track2-random_074_304,2.0
mc2024_track2-random_074_400,2.0
mc2024_track2-random_074_401,2.0
mc2024_track2-random_074_402,2.0
mc2024_track2-random_074_403,2.0
mc2024_track2-random_074_404,2.0
mc2024_track2-random_074_500,3.0
mc2024_track2-random_074_501,3.0
mc2024_track2-random_074_502,3.0
mc2024_track2-random_074_503,3.0
mc2024_track2-random_074_504,3.0
mc2024_track2-random_076_100,1.0
mc2024_track2-random_076_101,1.0
mc2024_track2-random_076_102,1.0
mc2024_track2-random_076_103,1.0
mc2024_track2-random_076_104,1.0
mc2024_track2-random_076_200,1.0
mc2024_track2-random_076_201,1.0
mc2024_track2-random_076_202,1.0
mc2024_track2-random_076_203,1.0
mc2024_track2-random_076_204,1.0
mc2024_track2-random_076_300,2.0
mc2024_track2-random_076_301,2.0
mc2024_track2-random_076_302,2.0
mc2024_track2-random_076_303,2.0
mc2024_track2-random_076_304,2.0
mc2024_track2-random_076_400,2.0
mc2024_track2-random_076_401,2.0
mc2024_track2-random_076_402,2.0
mc2024_track2-random_076_403,2.0
mc2024_track2-random_076_404,2.0
mc2024_track2-random_076_500,3.0
mc2024_track2-random_076_501,3.0
mc2024_track2-random_076_502,3.0
mc2024_track2-random_076_503,3.0
mc2024_track2-random_076_504,3.0
mc2024_track2-random_082_100,1.0
mc2024_track2-random_082_101,1.0
mc2024_track2-random_082_102,1.0
mc2024_track2-random_082_103,1.0
mc2024_track2-random_082_104,1.0
mc2024_track2-random_082_200,1.0
mc2024_track2-random_082_201,1.0
mc2024_track2-random_082_202,1.0
mc2024_track2-random_082_203,1.0
mc2024_track2-random_082_204,1.0
mc2024_track2-random_082_300,2.0
mc2024_track2-random_082_301,2.0
mc2024_track2-random_082_302,2.0
mc2024_track2-random_082_303,2.0
mc2024_track2-random_082_304,2.0
mc2024_track2-random_082_400,2.0
mc2024_track2-random_082_401,2.0
mc2024_track2-random_082_402,2.0
mc2024_track2-random_082_403,2.0
mc2024_track2-random_082_404,2.0
mc2024_track2-random_082_500,3.0
mc2024_track2-random_082_501,2.0
mc2024_track2-random_082_502,3.0
mc2024_track2-random_082_503,3.0
mc2024_track2-random_082_504,2.0
mc2024_track2-random_083_100,1.0
mc2024_track2-random_083_101,1.0
mc2024_track2-random_083_102,1.0
mc2024_track2-random_083_103,1.0
mc2024_track2-random_083_104,1.0
mc2024_track2-random_083_200,1.0
mc2024_track2-random_083_201,1.0
mc2024_track2-random_083_202,1.0
mc2024_track2-random_083_203,1.0
mc2024_track2-random_083_204,1.0
mc2024_track2-random_083_300,2.0
mc2024_track2-random_083_301,2.0
mc2024_track2-random_083_302,2.0
mc2024_track2-random_083_303,2.0
mc2024_track2-random_083_304,2.0
mc2024_track2-random_083_400,2.0
mc2024_track2-random_083_401,2.0
mc2024_track2-random_083_402,2.0
mc2024_track2-random_083_403,2.0
mc2024_track2-random_083_404,2.0
mc2024_track2-random_083_500,2.0
mc2024_track2-random_083_501,4.0
mc2024_track2-random_083_502,4.0
mc2024_track2-random_083_503,2.0
mc2024_track2-random_083_504,4.0
mc2024_track2-random_084_100,1.0
mc2024_track2-random_084_101,1.0
mc2024_track2-random_084_102,1.0
mc2024_track2-random_084_103,1.0
mc2024_track2-random_084_104,1.0
mc2024_track2-random_084_200,1.0
mc2024_track2-random_084_201,1.0
mc2024_track2-random_084_202,1.0
mc2024_track2-random_084_203,1.0
mc2024_track2-random_084_204,1.0
mc2024_track2-random_084_300,2.0
mc2024_track2-random_084_301,2.0
mc2024_track2-random_084_302,2.0
mc2024_track2-random_084_303,2.0
mc2024_track2-random_084_304,2.0
mc2024_track2-random_084_400,2.0
mc2024_track2-random_084_401,2.0
mc2024_track2-random_084_402,2.0
mc2024_track2-random_084_403,2.0
mc2024_track2-random_084_404,2.0
mc2024_track2-random_084_500,2.0
mc2024_track2-random_084_501,3.0
mc2024_track2-random_084_502,2.0
mc2024_track2-random_084_503,2.0
mc2024_track2-random_084_504,4.0
mc2024_track2-random_085_100,1.0
mc2024_track2-random_085_101,1.0
mc2024_track2-random_085_102,1.0
mc2024_track2-random_085_103,1.0
mc2024_track2-random_085_104,1.0
mc2024_track2-random_085_200,1.0
mc2024_track2-random_085_201,1.0
mc2024_track2-random_085_202,1.0
mc2024_track2-random_085_203,1.0
mc2024_track2-random_085_204,1.0
mc2024_track2-random_085_300,2.0
mc2024_track2-random_085_301,2.0
mc2024_track2-random_085_302,2.0
mc2024_track2-random_085_303,2.0
mc2024_track2-random_085_304,2.0
mc2024_track2-random_085_400,2.0
mc2024_track2-random_085_401,2.0
mc2024_track2-random_085_402,2.0
mc2024_track2-random_085_403,2.0
mc2024_track2-random_085_404,2.0
mc2024_track2-random_085_500,2.0
mc2024_track2-random_085_501,2.0
mc2024_track2-random_085_502,3.0
mc2024_track2-random_085_503,3.0
mc2024_track2-random_085_504,2.0
mc2024_track2-random_086_100,1.0
mc2024_track2-random_086_101,1.0
mc2024_track2-random_086_102,1.0
mc2024_track2-random_086_103,1.0
mc2024_track2-random_086_104,1.0
mc2024_track2-random_086_200,1.0
mc2024_track2-random_086_201,1.0
mc2024_track2-random_086_202,1.0
mc2024_track2-random_086_203,1.0
mc2024_track2-random_086_204,1.0
mc2024_track2-random_086_300,2.0
mc2024_track2-random_086_301,2.0
mc2024_track2-random_086_302,2.0
mc2024_track2-random_086_303,2.0
mc2024_track2-random_086_304,2.0
mc2024_track2-random_086_400,2.0
mc2024_track2-random_086_401,2.0
mc2024_track2-random_086_402,2.0
mc2024_track2-random_086_403,2.0
mc2024_track2-random_086_404,2.0
mc2024_track2-random_086_500,2.0
mc2024_track2-random_086_501,4.0
mc2024_track2-random_086_502,2.0
mc2024_track2-random_086_503,4.0
mc2024_track2-random_086_504,4.0
mc2024_track2-random_087_100,1.0
mc2024_track2-random_087_101,1.0
mc2024_track2-random_087_102,1.0
mc2024_track2-random_087_103,1.0
mc2024_track2-random_087_104,1.0
mc2024_track2-random_087_200,1.0
mc2024_track2-random_087_201,1.0
mc2024_track2-random_087_202,1.0
mc2024_track2-random_087_203,1.0
mc2024_track2-random_087_204,1.0
mc2024_track2-random_087_300,2.0
mc2024_track2-random_087_301,2.0
mc2024_track2-random_087_302,2.0
mc2024_track2-random_087_303,2.0
mc2024_track2-random_087_304,2.0
mc2024_track2-random_087_400,2.0
mc2024_track2-random_087_401,2.0
mc2024_track2-random_087_402,2.0
mc2024_track2-random_087_403,2.0
mc2024_track2-random_087_404,2.0
mc2024_track2-random_087_500,3.0
mc2024_track2-random_087_501,3.0
mc2024_track2-random_087_502,3.0
mc2024_track2-random_087_503,3.0
mc2024_track2-random_087_504,4.0
mc2024_track2-random_090_100,1.0
mc2024_track2-random_090_101,1.0
mc2024_track2-random_090_102,1.0
mc2024_track2-random_090_103,1.0
mc2024_track2-random_090_104,1.0
mc2024_track2-random_090_200,1.0
mc2024_track2-random_090_201,1.0
mc2024_track2-random_090_202,1.0
mc2024_track2-random_090_203,1.0
mc2024_track2-random_090_204,1.0
mc2024_track2-random_090_300,2.0
mc2024_track2-random_090_301,2.0
mc2024_track2-random_090_302,2.0
mc2024_track2-random_090_303,2.0
mc2024_track2-random_090_304,2.0
mc2024_track2-random_090_400,2.0
mc2024_track2-random_090_401,2.0
mc2024_track2-random_090_402,2.0
mc2024_track2-random_090_403,2.0
mc2024_track2-random_090_404,2.0
mc2024_track2-random_090_500,3.0
mc2024_track2-random_090_501,3.0
mc2024_track2-random_090_502,3.0
mc2024_track2-random_090_503,3.0
mc2024_track2-random_090_504,3.0
mc2024_track2-random_091_100,1.0
mc2024_track2-random_091_101,1.0
mc2024_track2-random_091_102,1.0
mc2024_track2-random_091_103,1.0
mc2024_track2-random_091_104,1.0
mc2024_track2-random_091_200,1.0
mc2024_track2-random_091_201,1.0
mc2024_track2-random_091_202,1.0
mc2024_track2-random_091_203,1.0
mc2024_track2-random_091_204,1.0
mc2024_track2-random_091_300,2.0
mc2024_track2-random_091_301,2.0
mc2024_track2-random_091_302,2.0
mc2024_track2-random_091_303,2.0
mc2024_track2-random_091_304,2.0
mc2024_track2-random_091_400,2.0
mc2024_track2-random_091_401,2.0
mc2024_track2-random_091_402,2.0
mc2024_track2-random_091_403,2.0
mc2024_track2-random_091_404,2.0
mc2024_track2-random_091_500,3.0
mc2024_track2-random_091_501,3.0
mc2024_track2-random_091_502,3.0
mc2024_track2-random_091_503,3.0
mc2024_track2-random_091_504,3.0
mc2024_track2-random_092_100,1.0
mc2024_track2-random_092_101,1.0
mc2024_track2-random_092_102,1.0
mc2024_track2-random_092_103,1.0
mc2024_track2-random_092_104,1.0
mc2024_track2-random_092_200,1.0
mc2024_track2-random_092_201,1.0
mc2024_track2-random_092_202,1.0
mc2024_track2-random_092_203,1.0
mc2024_track2-random_092_204,1.0
mc2024_track2-random_092_300,2.0
mc2024_track2-random_092_301,2.0
mc2024_track2-random_092_302,2.0
mc2024_track2-random_092_303,2.0
mc2024_track2-random_092_304,2.0
mc2024_track2-random_092_400,2.0
mc2024_track2-random_092_401,2.0
mc2024_track2-random_092_402,2.0
mc2024_track2-random_092_403,2.0
mc2024_track2-random_092_404,2.0
mc2024_track2-random_092_500,3.0
mc2024_track2-random_092_501,3.0
mc2024_track2-random_092_502,3.0
mc2024_track2-random_092_503,3.0
mc2024_track2-random_092_504,4.0
mc2024_track2-random_093_100,1.0
mc2024_track2-random_093_101,1.0
mc2024_track2-random_093_102,1.0
mc2024_track2-random_093_103,1.0
mc2024_track2-random_093_104,1.0
mc2024_track2-random_093_200,1.0
mc2024_track2-random_093_201,1.0
mc2024_track2-random_093_202,1.0
mc2024_track2-random_093_203,1.0
mc2024_track2-random_093_204,1.0
mc2024_track2-random_093_300,2.0
mc2024_track2-random_093_301,2.0
mc2024_track2-random_093_302,2.0
mc2024_track2-random_093_303,2.0
mc2024_track2-random_093_304,2.0
mc2024_track2-random_093_400,2.0
mc2024_track2-random_093_401,2.0
mc2024_track2-random_093_402,2.0
mc2024_track2-random_093_403,2.0
mc2024_track2-random_093_404,2.0
mc2024_track2-random_093_500,3.0
mc2024_track2-random_093_501,3.0
mc2024_track2-random_093_502,3.0
mc2024_track2-random_093_503,3.0
mc2024_track2-random_093_504,2.0
mc2024_track2-random_094_100,1.0
mc2024_track2-random_094_101,1.0
mc2024_track2-random_094_102,1.0
mc2024_track2-random_094_103,1.0
mc2024_track2-random_094_104,1.0
mc2024_track2-random_094_200,1.0
mc2024_track2-random_094_201,1.0
mc2024_track2-random_094_202,1.0
mc2024_track2-random_094_203,1.0
mc2024_track2-random_094_204,1.0
mc2024_track2-random_094_300,2.0
mc2024_track2-random_094_301,2.0
mc2024_track2-random_094_302,2.0
mc2024_track2-random_094_303,2.0
mc2024_track2-random_094_304,2.0
mc2024_track2-random_094_400,2.0
mc2024_track2-random_094_401,2.0
mc2024_track2-random_094_402,2.0
mc2024_track2-random_094_403,2.0
mc2024_track2-random_094_404,2.0
mc2024_track2-random_094_500,2.0
mc2024_track2-random_094_501,2.0
mc2024_track2-random_094_502,2.0
mc2024_track2-random_094_503,2.0
mc2024_track2-random_094_504,2.0
mc2024_track2-random_095_100,1.0
mc2024_track2-random_095_101,1.0
mc2024_track2-random_095_102,1.0
mc2024_track2-random_095_103,1.0
mc2024_track2-random_095_104,1.0
mc2024_track2-random_095_200,1.0
mc2024_track2-random_095_201,1.0
mc2024_track2-random_095_202,1.0
mc2024_track2-random_095_203,1.0
mc2024_track2-random_095_204,1.0
mc2024_track2-random_095_300,2.0
mc2024_track2-random_095_301,2.0
mc2024_track2-random_095_302,2.0
mc2024_track2-random_095_303,2.0
mc2024_track2-random_095_304,2.0
mc2024_track2-random_095_400,2.0
mc2024_track2-random_095_401,2.0
mc2024_track2-random_095_402,2.0
mc2024_track2-random_095_403,2.0
mc2024_track2-random_095_404,2.0
mc2024_track2-random_095_500,2.0
mc2024_track2-random_095_501,2.0
mc2024_track2-random_095_502,2.0
mc2024_track2-random_095_503,2.0
mc2024_track2-random_095_504,2.0
mc2024_track2-random_096_100,1.0
mc2024_track2-random_096_101,1.0
mc2024_track2-random_096_102,1.0
mc2024_track2-random_096_103,1.0
mc2024_track2-random_096_104,1.0
mc2024_track2-random_096_200,1.0
mc2024_track2-random_096_201,1.0
mc2024_track2-random_096_202,1.0
mc2024_track2-random_096_203,1.0
mc2024_track2-random_096_204,1.0
mc2024_track2-random_096_300,2.0
mc2024_track2-random_096_301,2.0
mc2024_track2-random_096_302,2.0
mc2024_track2-random_096_303,2.0
mc2024_track2-random_096_304,2.0
mc2024_track2-random_096_400,2.0
mc2024_track2-random_096_401,2.0
mc2024_track2-random_096_402,2.0
mc2024_track2-random_096_403,2.0
mc2024_track2-random_096_404,2.0
mc2024_track2-random_096_500,2.0
mc2024_track2-random_096_501,2.0
mc2024_track2-random_096_502,2.0
mc2024_track2-random_096_503,2.0
mc2024_track2-random_096_504,2.0
mc2024_track2-random_099_100,1.0
mc2024_track2-random_099_101,1.0
mc2024_track2-random_099_102,1.0
mc2024_track2-random_099_103,1.0
mc2024_track2-random_099_104,1.0
mc2024_track2-random_099_200,1.0
mc2024_track2-random_099_201,1.0
mc2024_track2-random_099_202,1.0
mc2024_track2-random_099_203,1.0
mc2024_track2-random_099_204,1.0
mc2024_track2-random_099_300,2.0
mc2024_track2-random_099_301,2.0
mc2024_track2-random_099_302,2.0
mc2024_track2-random_099_303,2.0
mc2024_track2-random_099_304,2.0
mc2024_track2-random_099_400,2.0
mc2024_track2-random_099_401,2.0
mc2024_track2-random_099_402,2.0
mc2024_track2-random_099_403,2.0
mc2024_track2-random_099_404,2.0
mc2024_track2-random_099_500,2.0
mc2024_track2-random_099_501,4.0
mc2024_track2-random_099_502,3.0
mc2024_track2-random_099_503,3.0
mc2024_track2-random_099_504,3.0
mc2024_track2-random_101_100,1.0
mc2024_track2-random_101_101,1.0
mc2024_track2-random_101_102,1.0
mc2024_track2-random_101_103,1.0
mc2024_track2-random_101_104,1.0
mc2024_track2-random_101_200,1.0
mc2024_track2-random_101_201,1.0
mc2024_track2-random_101_202,1.0
mc2024_track2-random_101_203,1.0
mc2024_track2-random_101_204,1.0
mc2024_track2-random_101_300,2.0
mc2024_track2-random_101_301,2.0
mc2024_track2-random_101_302,2.0
mc2024_track2-random_101_303,2.0
mc2024_track2-random_101_304,2.0
mc2024_track2-random_101_400,2.0
mc2024_track2-random_101_401,2.0
mc2024_track2-random_101_402,2.0
mc2024_track2-random_101_403,2.0
mc2024_track2-random_101_404,2.0
mc2024_track2-random_101_500,3.0
mc2024_track2-random_101_501,3.0
mc2024_track2-random_101_502,3.0
mc2024_track2-random_101_503,3.0
mc2024_track2-random_101_504,3.0
mc2024_track2-random_110_100,1.0
mc2024_track2-random_110_101,1.0
mc2024_track2-random_110_102,1.0
mc2024_track2-random_110_103,1.0
mc2024_track2-random_110_104,1.0
mc2024_track2-random_110_200,1.0
mc2024_track2-random_110_201,1.0
mc2024_track2-random_110_202,1.0
mc2024_track2-random_110_203,1.0
mc2024_track2-random_110_204,1.0
mc2024_track2-random_110_300,2.0
mc2024_track2-random_110_301,2.0
mc2024_track2-random_110_302,2.0
mc2024_track2-random_110_303,2.0
mc2024_track2-random_110_304,2.0
mc2024_track2-random_110_400,2.0
mc2024_track2-random_110_401,2.0
mc2024_track2-random_110_402,2.0
mc2024_track2-random_110_403,2.0
mc2024_track2-random_110_404,2.0
mc2024_track2-random_110_500,2.0
mc2024_track2-random_110_501,2.0
mc2024_track2-random_110_502,2.0
mc2024_track2-random_110_503,2.0
mc2024_track2-random_110_504,2.0
mc2024_track2-random_111_100,1.0
mc2024_track2-random_111_101,1.0
mc2024_track2-random_111_102,1.0
mc2024_track2-random_111_103,1.0
mc2024_track2-random_111_104,1.0
mc2024_track2-random_111_200,1.0
mc2024_track2-random_111_201,1.0
mc2024_track2-random_111_202,1.0
mc2024_track2-random_111_203,1.0
mc2024_track2-random_111_204,1.0
mc2024_track2-random_111_300,2.0
mc2024_track2-random_111_301,2.0
mc2024_track2-random_111_302,2.0
mc2024_track2-random_111_303,2.0
mc2024_track2-random_111_304,2.0
mc2024_track2-random_111_400,2.0
mc2024_track2-random_111_401,2.0
mc2024_track2-random_111_402,2.0
mc2024_track2-random_111_403,2.0
mc2024_track2-random_111_404,2.0
mc2024_track2-random_111_500,2.0
mc2024_track2-random_111_501,2.0
mc2024_track2-random_111_502,3.0
mc2024_track2-random_111_503,3.0
mc2024_track2-random_111_504,2.0
mc2024_track2-random_113_100,1.0
mc2024_track2-random_113_101,1.0
mc2024_track2-random_113_102,1.0
mc2024_track2-random_113_103,1.0
mc2024_track2-random_113_104,1.0
mc2024_track2-random_113_200,1.0
mc2024_track2-random_113_201,1.0
mc2024_track2-random_113_202,1.0
mc2024_track2-random_113_203,1.0
mc2024_track2-random_113_204,1.0
mc2024_track2-random_113_300,2.0
mc2024_track2-random_113_301,2.0
mc2024_track2-random_113_302,2.0
mc2024_track2-random_113_303,2.0
mc2024_track2-random_113_304,2.0
mc2024_track2-random_113_400,2.0
mc2024_track2-random_113_401,2.0
mc2024_track2-random_113_402,2.0
mc2024_track2-random_113_403,2.0
mc2024_track2-random_113_404,2.0
mc2024_track2-random_113_500,2.0
mc2024_track2-random_113_501,3.0
mc2024_track2-random_113_502,2.0
mc2024_track2-random_113_503,2.0
mc2024_track2-random_113_504,2.0
mc2024_track2-random_114_100,1.0
mc2024_track2-random_114_101,1.0
mc2024_track2-random_114_102,1.0
mc2024_track2-random_114_103,1.0
mc2024_track2-random_114_104,1.0
mc2024_track2-random_114_200,1.0
mc2024_track2-random_114_201,1.0
mc2024_track2-random_114_202,1.0
mc2024_track2-random_114_203,1.0
mc2024_track2-random_114_204,1.0
mc2024_track2-random_114_300,2.0
mc2024_track2-random_114_301,2.0
mc2024_track2-random_114_302,2.0
mc2024_track2-random_114_303,2.0
mc2024_track2-random_114_304,2.0
mc2024_track2-random_114_400,2.0
mc2024_track2-random_114_401,2.0
mc2024_track2-random_114_402,2.0
mc2024_track2-random_114_403,2.0
mc2024_track2-random_114_404,2.0
mc2024_track2-random_114_500,2.0
mc2024_track2-random_114_501,2.0
mc2024_track2-random_114_502,3.0
mc2024_track2-random_114_503,3.0
mc2024_track2-random_114_504,3.0
mc2024_track2-random_115_100,1.0
mc2024_track2-random_115_101,1.0
mc2024_track2-random_115_102,1.0
mc2024_track2-random_115_103,1.0
mc2024_track2-random_115_104,1.0
mc2024_track2-random_115_200,1.0
mc2024_track2-random_115_201,1.0
mc2024_track2-random_115_202,1.0
mc2024_track2-random_115_203,1.0
mc2024_track2-random_115_204,1.0
mc2024_track2-random_115_300,2.0
mc2024_track2-random_115_301,2.0
mc2024_track2-random_115_302,2.0
mc2024_track2-random_115_303,2.0
mc2024_track2-random_115_304,2.0
mc2024_track2-random_115_400,2.0
mc2024_track2-random_115_401,2.0
mc2024_track2-random_115_402,2.0
mc2024_track2-random_115_403,2.0
mc2024_track2-random_115_404,2.0
mc2024_track2-random_115_500,2.0
mc2024_track2-random_115_501,2.0
mc2024_track2-random_115_502,2.0
mc2024_track2-random_115_503,2.0
mc2024_track2-random_115_504,3.0
mc2024_track2-random_116_100,1.0
mc2024_track2-random_116_101,1.0
mc2024_track2-random_116_102,1.0
mc2024_track2-random_116_103,1.0
mc2024_track2-random_116_104,1.0
mc2024_track2-random_116_200,1.0
mc2024_track2-random_116_201,1.0
mc2024_track2-random_116_202,1.0
mc2024_track2-random_116_203,1.0
mc2024_track2-random_116_204,1.0
mc2024_track2-random_116_300,2.0
mc2024_track2-random_116_301,2.0
mc2024_track2-random_116_302,2.0
mc2024_track2-random_116_303,2.0
mc2024_track2-random_116_304,2.0
mc2024_track2-random_116_400,2.0
mc2024_track2-random_116_401,2.0
mc2024_track2-random_116_402,2.0
mc2024_track2-random_116_403,2.0
mc2024_track2-random_116_404,2.0
mc2024_track2-random_116_500,2.0
mc2024_track2-random_116_501,2.0
mc2024_track2-random_116_502,3.0
mc2024_track2-random_116_503,3.0
mc2024_track2-random_116_504,2.0
mc2024_track2-random_118_100,1.0
mc2024_track2-random_118_101,1.0
mc2024_track2-random_118_102,1.0
mc2024_track2-random_118_103,1.0
mc2024_track2-random_118_104,1.0
mc2024_track2-random_118_200,1.0
mc2024_track2-random_118_201,1.0
mc2024_track2-random_118_202,1.0
mc2024_track2-random_118_203,1.0
mc2024_track2-random_118_204,1.0
mc2024_track2-random_118_300,2.0
mc2024_track2-random_118_301,2.0
mc2024_track2-random_118_302,2.0
mc2024_track2-random_118_303,2.0
mc2024_track2-random_118_304,2.0
mc2024_track2-random_118_400,2.0
mc2024_track2-random_118_401,2.0
mc2024_track2-random_118_402,2.0
mc2024_track2-random_118_403,2.0
mc2024_track2-random_118_404,2.0
mc2024_track2-random_118_500,2.0
mc2024_track2-random_118_501,2.0
mc2024_track2-random_118_502,2.0
mc2024_track2-random_118_503,3.0
mc2024_track2-random_118_504,2.0
mc2024_track2-random_122_100,1.0
mc2024_track2-random_122_101,1.0
mc2024_track2-random_122_102,1.0
mc2024_track2-random_122_103,1.0
mc2024_track2-random_122_104,1.0
mc2024_track2-random_122_200,1.0
mc2024_track2-random_122_201,1.0
mc2024_track2-random_122_202,1.0
mc2024_track2-random_122_203,1.0
mc2024_track2-random_122_204,1.0
mc2024_track2-random_122_300,2.0
mc2024_track2-random_122_301,2.0
mc2024_track2-random_122_302,2.0
mc2024_track2-random_122_303,2.0
mc2024_track2-random_122_304,2.0
mc2024_track2-random_122_400,2.0
mc2024_track2-random_122_401,2.0
mc2024_track2-random_122_402,2.0
mc2024_track2-random_122_403,2.0
mc2024_track2-random_122_404,2.0
mc2024_track2-random_122_500,4.0
mc2024_track2-random_122_501,4.0
mc2024_track2-random_122_502,4.0
mc2024_track2-random_122_503,4.0
mc2024_track2-random_122_504,4.0
mc2024_track2-random_123_100,1.0
mc2024_track2-random_123_101,1.0
mc2024_track2-random_123_102,1.0
mc2024_track2-random_123_103,1.0
mc2024_track2-random_123_104,1.0
mc2024_track2-random_123_200,1.0
mc2024_track2-random_123_201,1.0
mc2024_track2-random_123_202,1.0
mc2024_track2-random_123_203,1.0
mc2024_track2-random_123_204,1.0
mc2024_track2-random_123_300,2.0
mc2024_track2-random_123_301,2.0
mc2024_track2-random_123_302,2.0
mc2024_track2-random_123_303,2.0
mc2024_track2-random_123_304,2.0
mc2024_track2-random_123_400,2.0
mc2024_track2-random_123_401,2.0
mc2024_track2-random_123_402,2.0
mc2024_track2-random_123_403,2.0
mc2024_track2-random_123_404,2.0
mc2024_track2-random_123_500,4.0
mc2024_track2-random_123_501,2.0
mc2024_track2-random_123_502,4.0
mc2024_track2-random_123_503,2.0
mc2024_track2-random_123_504,4.0
mc2024_track2-random_124_100,1.0
mc2024_track2-random_124_101,1.0
mc2024_track2-random_124_102,1.0
mc2024_track2-random_124_103,1.0
mc2024_track2-random_124_104,1.0
mc2024_track2-random_124_200,1.0
mc2024_track2-random_124_201,1.0
mc2024_track2-random_124_202,1.0
mc2024_track2-random_124_203,1.0
mc2024_track2-random_124_204,1.0
mc2024_track2-random_124_300,2.0
mc2024_track2-random_124_301,2.0
mc2024_track2-random_124_302,2.0
mc2024_track2-random_124_303,2.0
mc2024_track2-random_124_304,2.0
mc2024_track2-random_124_400,2.0
mc2024_track2-random_124_401,2.0
mc2024_track2-random_124_402,2.0
mc2024_track2-random_124_403,2.0
mc2024_track2-random_124_404,2.0
mc2024_track2-random_124_500,4.0
mc2024_track2-random_124_501,4.0
mc2024_track2-random_124_502,4.0
mc2024_track2-random_124_503,3.0
mc2024_track2-random_124_504,3.0
mc2024_track2-random_125_100,1.0
mc2024_track2-random_125_101,1.0
mc2024_track2-random_125_102,1.0
mc2024_track2-random_125_103,1.0
mc2024_track2-random_125_104,1.0
mc2024_track2-random_125_200,1.0
mc2024_track2-random_125_201,1.0
mc2024_track2-random_125_202,1.0
mc2024_track2-random_125_203,1.0
mc2024_track2-random_125_204,1.0
mc2024_track2-random_125_300,2.0
mc2024_track2-random_125_301,2.0
mc2024_track2-random_125_302,2.0
mc2024_track2-random_125_303,2.0
mc2024_track2-random_125_304,2.0
mc2024_track2-random_125_400,2.0
mc2024_track2-random_125_401,2.0
mc2024_track2-random_125_402,2.0
mc2024_track2-random_125_403,2.0
mc2024_track2-random_125_404,2.0
mc2024_track2-random_125_500,4.0
mc2024_track2-random_125_501,4.0
mc2024_track2-random_125_502,4.0
mc2024_track2-random_125_503,4.0
mc2024_track2-random_125_504,3.0
mc2024_track2-random_128_100,1.0
mc2024_track2-random_128_101,1.0
mc2024_track2-random_128_102,1.0
mc2024_track2-random_128_103,1.0
mc2024_track2-random_128_104,1.0
mc2024_track2-random_128_200,1.0
mc2024_track2-random_128_201,1.0
mc2024_track2-random_128_202,1.0
mc2024_track2-random_128_203,1.0
mc2024_track2-random_128_204,1.0
mc2024_track2-random_128_300,2.0
mc2024_track2-random_128_301,2.0
mc2024_track2-random_128_302,2.0
mc2024_track2-random_128_303,2.0
mc2024_track2-random_128_304,2.0
mc2024_track2-random_128_400,2.0
mc2024_track2-random_128_401,2.0
mc2024_track2-random_128_402,2.0
mc2024_track2-random_128_403,2.0
mc2024_track2-random_128_404,2.0
mc2024_track2-random_128_500,4.0
mc2024_track2-random_128_501,4.0
mc2024_track2-random_128_502,4.0
mc2024_track2-random_128_503,4.0
mc2024_track2-random_128_504,4.0
mc2024_track2-random_129_100,1.0
mc2024_track2-random_129_101,1.0
mc2024_track2-random_129_102,1.0
mc2024_track2-random_129_103,1.0
mc2024_track2-random_129_104,1.0
mc2024_track2-random_129_200,1.0
mc2024_track2-random_129_201,1.0
mc2024_track2-random_129_202,1.0
mc2024_track2-random_129_203,1.0
mc2024_track2-random_129_204,1.0
mc2024_track2-random_129_300,2.0
mc2024_track2-random_129_301,2.0
mc2024_track2-random_129_302,2.0
mc2024_track2-random_129_303,2.0
mc2024_track2-random_129_304,2.0
mc2024_track2-random_129_400,2.0
mc2024_track2-random_129_401,2.0
mc2024_track2-random_129_402,2.0
mc2024_track2-random_129_403,2.0
mc2024_track2-random_129_404,2.0
mc2024_track2-random_129_500,4.0
mc2024_track2-random_129_501,4.0
mc2024_track2-random_129_502,4.0
mc2024_track2-random_129_503,4.0
mc2024_track2-random_129_504,4.0
mc2024_track2-random_144_100,1.0
mc2024_track2-random_144_101,1.0
mc2024_track2-random_144_102,1.0
mc2024_track2-random_144_103,1.0
mc2024_track2-random_144_104,1.0
mc2024_track2-random_144_200,1.0
mc2024_track2-random_144_201,1.0
mc2024_track2-random_144_202,1.0
mc2024_track2-random_144_203,1.0
mc2024_track2-random_144_204,1.0
mc2024_track2-random_144_300,2.0
mc2024_track2-random_144_301,2.0
mc2024_track2-random_144_302,2.0
mc2024_track2-random_144_303,2.0
mc2024_track2-random_144_304,2.0
mc2024_track2-random_144_400,2.0
mc2024_track2-random_144_401,2.0
mc2024_track2-random_144_402,2.0
mc2024_track2-random_144_403,2.0
mc2024_track2-random_144_404,2.0
mc2024_track2-random_144_500,3.0
mc2024_track2-random_144_501,3.0
mc2024_track2-random_144_502,2.0
mc2024_track2-random_144_503,2.0
mc2024_track2-random_144_504,2.0
mc2024_track2-random_145_100,1.0
mc2024_track2-random_145_101,1.0
mc2024_track2-random_145_102,1.0
mc2024_track2-random_145_103,1.0
mc2024_track2-random_145_104,1.0
mc2024_track2-random_145_200,1.0
mc2024_track2-random_145_201,1.0
mc2024_track2-random_145_202,1.0
mc2024_track2-random_145_203,1.0
mc2024_track2-random_145_204,1.0
mc2024_track2-random_145_300,2.0
mc2024_track2-random_145_301,2.0
mc2024_track2-random_145_302,2.0
mc2024_track2-random_145_303,2.0
mc2024_track2-random_145_304,2.0
mc2024_track2-random_145_400,2.0
mc2024_track2-random_145_401,2.0
mc2024_track2-random_145_402,2.0
mc2024_track2-random_145_403,2.0
mc2024_track2-random_145_404,2.0
mc2024_track2-random_145_500,2.0
mc2024_track2-random_145_501,2.0
mc2024_track2-random_145_502,2.0
mc2024_track2-random_145_503,2.0
mc2024_track2-random_145_504,3.0
mc2024_track2-random_146_100,1.0
mc2024_track2-random_146_101,1.0
mc2024_track2-random_146_102,1.0
mc2024_track2-random_146_103,1.0
mc2024_track2-random_146_104,1.0
mc2024_track2-random_146_200,1.0
mc2024_track2-random_146_201,1.0
mc2024_track2-random_146_202,1.0
mc2024_track2-random_146_203,1.0
mc2024_track2-random_146_204,1.0
mc2024_track2-random_146_300,2.0
mc2024_track2-random_146_301,2.0
mc2024_track2-random_146_302,2.0
mc2024_track2-random_146_303,2.0
mc2024_track2-random_146_304,2.0
mc2024_track2-random_146_400,2.0
mc2024_track2-random_146_401,2.0
mc2024_track2-random_146_402,2.0
mc2024_track2-random_146_403,2.0
mc2024_track2-random_146_404,2.0
mc2024_track2-random_146_500,2.0
mc2024_track2-random_146_501,3.0
mc2024_track2-random_146_502,2.0
mc2024_track2-random_146_503,2.0
mc2024_track2-random_146_504,2.0
mc2024_track2-random_147_100,1.0
mc2024_track2-random_147_101,1.0
mc2024_track2-random_147_102,1.0
mc2024_track2-random_147_103,1.0
mc2024_track2-random_147_104,1.0
mc2024_track2-random_147_200,1.0
mc2024_track2-random_147_201,1.0
mc2024_track2-random_147_202,1.0
mc2024_track2-random_147_203,1.0
mc2024_track2-random_147_204,1.0
mc2024_track2-random_147_300,2.0
mc2024_track2-random_147_301,2.0
mc2024_track2-random_147_302,2.0
mc2024_track2-random_147_303,2.0
mc2024_track2-random_147_304,2.0
mc2024_track2-random_147_400,2.0
mc2024_track2-random_147_401,2.0
mc2024_track2-random_147_402,2.0
mc2024_track2-random_147_403,2.0
mc2024_track2-random_147_404,2.0
mc2024_track2-random_147_500,2.0
mc2024_track2-random_147_501,2.0
mc2024_track2-random_147_502,2.0
mc2024_track2-random_147_503,2.0
mc2024_track2-random_147_504,2.0
mc2024_track2-random_148_100,1.0
mc2024_track2-random_148_101,1.0
mc2024_track2-random_148_102,1.0
mc2024_track2-random_148_103,1.0
mc2024_track2-random_148_104,1.0
mc2024_track2-random_148_200,1.0
mc2024_track2-random_148_201,1.0
mc2024_track2-random_148_202,1.0
mc2024_track2-random_148_203,1.0
mc2024_track2-random_148_204,1.0
mc2024_track2-random_148_300,2.0
mc2024_track2-random_148_301,2.0
mc2024_track2-random_148_302,2.0
mc2024_track2-random_148_303,2.0
mc2024_track2-random_148_304,2.0
mc2024_track2-random_148_400,2.0
mc2024_track2-random_148_401,2.0
mc2024_track2-random_148_402,2.0
mc2024_track2-random_148_403,2.0
mc2024_track2-random_148_404,2.0
mc2024_track2-random_148_500,2.0
mc2024_track2-random_148_501,2.0
mc2024_track2-random_148_502,2.0
mc2024_track2-random_148_503,2.0
mc2024_track2-random_148_504,3.0
mc2024_track2-random_156_100,1.0
mc2024_track2-random_156_101,1.0
mc2024_track2-random_156_102,1.0
mc2024_track2-random_156_103,1.0
mc2024_track2-random_156_104,1.0
mc2024_track2-random_156_200,1.0
mc2024_track2-random_156_201,1.0
mc2024_track2-random_156_202,1.0
mc2024_track2-random_156_203,1.0
mc2024_track2-random_156_204,1.0
mc2024_track2-random_156_300,2.0
mc2024_track2-random_156_301,2.0
mc2024_track2-random_156_302,2.0
mc2024_track2-random_156_303,2.0
mc2024_track2-random_156_304,2.0
mc2024_track2-random_156_400,2.0
mc2024_track2-random_156_401,2.0
mc2024_track2-random_156_402,2.0
mc2024_track2-random_156_403,2.0
mc2024_track2-random_156_404,2.0
mc2024_track2-random_156_500,3.0
mc2024_track2-random_156_501,4.0
mc2024_track2-random_156_502,3.0
mc2024_track2-random_156_503,3.0
mc2024_track2-random_156_504,2.0
mc2024_track2-random_164_100,1.0
mc2024_track2-random_164_101,1.0
mc2024_track2-random_164_102,1.0
mc2024_track2-random_164_103,1.0
mc2024_track2-random_164_104,1.0
mc2024_track2-random_164_200,1.0
mc2024_track2-random_164_201,1.0
mc2024_track2-random_164_202,1.0
mc2024_track2-random_164_203,1.0
mc2024_track2-random_164_204,1.0
mc2024_track2-random_164_300,2.0
mc2024_track2-random_164_301,2.0
mc2024_track2-random_164_302,2.0
mc2024_track2-random_164_303,2.0
mc2024_track2-random_164_304,2.0
mc2024_track2-random_164_400,2.0
mc2024_track2-random_164_401,2.0
mc2024_track2-random_164_402,2.0
mc2024_track2-random_164_403,2.0
mc2024_track2-random_164_404,2.0
mc2024_track2-random_164_500,2.0
mc2024_track2-random_164_501,3.0
mc2024_track2-random_164_502,3.0
mc2024_track2-random_164_503,3.0
mc2024_track2-random_164_504,2.0
mc2024_track2-random_165_100,1.0
mc2024_track2-random_165_101,1.0
mc2024_track2-random_165_102,1.0
mc2024_track2-random_165_103,1.0
mc2024_track2-random_165_104,1.0
mc2024_track2-random_165_200,1.0
mc2024_track2-random_165_201,1.0
mc2024_track2-random_165_202,1.0
mc2024_track2-random_165_203,1.0
mc2024_track2-random_165_204,1.0
mc2024_track2-random_165_300,2.0
mc2024_track2-random_165_301,2.0
mc2024_track2-random_165_302,2.0
mc2024_track2-random_165_303,2.0
mc2024_track2-random_165_304,2.0
mc2024_track2-random_165_400,2.0
mc2024_track2-random_165_401,2.0
mc2024_track2-random_165_402,2.0
mc2024_track2-random_165_403,2.0
mc2024_track2-random_165_404,2.0
mc2024_track2-random_165_500,3.0
mc2024_track2-random_165_501,4.0
mc2024_track2-random_165_502,3.0
mc2024_track2-random_165_503,3.0
mc2024_track2-random_165_504,3.0
mc2024_track2-random_166_100,1.0
mc2024_track2-random_166_101,1.0
mc2024_track2-random_166_102,1.0
mc2024_track2-random_166_103,1.0
mc2024_track2-random_166_104,1.0
mc2024_track2-random_166_200,1.0
mc2024_track2-random_166_201,1.0
mc2024_track2-random_166_202,1.0
mc2024_track2-random_166_203,1.0
mc2024_track2-random_166_204,1.0
mc2024_track2-random_166_300,2.0
mc2024_track2-random_166_301,2.0
mc2024_track2-random_166_302,2.0
mc2024_track2-random_166_303,3.0
mc2024_track2-random_166_304,2.0
mc2024_track2-random_166_400,2.0
mc2024_track2-random_166_401,2.0
mc2024_track2-random_166_402,2.0
mc2024_track2-random_166_403,2.0
mc2024_track2-random_166_404,2.0
mc2024_track2-random_166_500,4.0
mc2024_track2-random_166_501,4.0
mc2024_track2-random_166_502,4.0
mc2024_track2-random_166_503,4.0
mc2024_track2-random_166_504,4.0
mc2024_track2-random_168_100,1.0
mc2024_track2-random_168_101,1.0
mc2024_track2-random_168_102,1.0
mc2024_track2-random_168_103,1.0
mc2024_track2-random_168_104,1.0
mc2024_track2-random_168_200,1.0
mc2024_track2-random_168_201,1.0
mc2024_track2-random_168_202,1.0
mc2024_track2-random_168_203,1.0
mc2024_track2-random_168_204,1.0
mc2024_track2-random_168_300,2.0
mc2024_track2-random_168_301,2.0
mc2024_track2-random_168_302,2.0
mc2024_track2-random_168_303,2.0
mc2024_track2-random_168_304,2.0
mc2024_track2-random_168_400,2.0
mc2024_track2-random_168_401,2.0
mc2024_track2-random_168_402,2.0
mc2024_track2-random_168_403,2.0
mc2024_track2-random_168_404,2.0
mc2024_track2-random_168_500,3.0
mc2024_track2-random_168_501,3.0
mc2024_track2-random_168_502,3.0
mc2024_track2-random_168_503,4.0
mc2024_track2-random_168_504,3.0
mc2024_track2-random_172_100,1.0
mc2024_track2-random_172_101,1.0
mc2024_track2-random_172_102,1.0
mc2024_track2-random_172_103,1.0
mc2024_track2-random_172_104,1.0
mc2024_track2-random_172_200,1.0
mc2024_track2-random_172_201,1.0
mc2024_track2-random_172_202,1.0
mc2024_track2-random_172_203,1.0
mc2024_track2-random_172_204,1.0
mc2024_track2-random_172_300,2.0
mc2024_track2-random_172_301,2.0
mc2024_track2-random_172_302,2.0
mc2024_track2-random_172_303,2.0
mc2024_track2-random_172_304,2.0
mc2024_track2-random_172_400,2.0
mc2024_track2-random_172_401,2.0
mc2024_track2-random_172_402,2.0
mc2024_track2-random_172_403,2.0
mc2024_track2-random_172_404,2.0
mc2024_track2-random_172_500,3.0
mc2024_track2-random_172_501,2.0
mc2024_track2-random_172_502,2.0
mc2024_track2-random_172_503,2.0
mc2024_track2-random_172_504,2.0
mc2024_track2-random_174_100,1.0
mc2024_track2-random_174_101,1.0
mc2024_track2-random_174_102,1.0
mc2024_track2-random_174_103,1.0
mc2024_track2-random_174_104,1.0
mc2024_track2-random_174_200,1.0
mc2024_track2-random_174_201,1.0
mc2024_track2-random_174_202,1.0
mc2024_track2-random_174_203,1.0
mc2024_track2-random_174_204,1.0
mc2024_track2-random_174_300,2.0
mc2024_track2-random_174_301,2.0
mc2024_track2-random_174_302,2.0
mc2024_track2-random_174_303,2.0
mc2024_track2-random_174_304,2.0
mc2024_track2-random_174_400,2.0
mc2024_track2-random_174_401,2.0
mc2024_track2-random_174_402,2.0
mc2024_track2-random_174_403,2.0
mc2024_track2-random_174_404,2.0
mc2024_track2-random_174_500,2.0
mc2024_track2-random_174_501,3.0
mc2024_track2-random_174_502,2.0
mc2024_track2-random_174_503,3.0
mc2024_track2-random_174_504,3.0
mc2024_track2-random_178_100,1.0
mc2024_track2-random_178_101,1.0
mc2024_track2-random_178_102,1.0
mc2024_track2-random_178_103,1.0
mc2024_track2-random_178_104,1.0
mc2024_track2-random_178_200,1.0
mc2024_track2-random_178_201,1.0
mc2024_track2-random_178_202,1.0
mc2024_track2-random_178_203,1.0
mc2024_track2-random_178_204,1.0
mc2024_track2-random_178_300,2.0
mc2024_track2-random_178_301,2.0
mc2024_track2-random_178_302,2.0
mc2024_track2-random_178_303,2.0
mc2024_track2-random_178_304,2.0
mc2024_track2-random_178_400,2.0
mc2024_track2-random_178_401,2.0
mc2024_track2-random_178_402,2.0
mc2024_track2-random_178_403,2.0
mc2024_track2-random_178_404,2.0
mc2024_track2-random_178_500,3.0
mc2024_track2-random_178_501,2.0
mc2024_track2-random_178_502,2.0
mc2024_track2-random_178_503,3.0
mc2024_track2-random_178_504,3.0
mc2024_track2-random_179_100,1.0
mc2024_track2-random_179_101,1.0
mc2024_track2-random_179_102,1.0
mc2024_track2-random_179_103,1.0
mc2024_track2-random_179_104,1.0
mc2024_track2-random_179_200,1.0
mc2024_track2-random_179_201,1.0
mc2024_track2-random_179_202,1.0
mc2024_track2-random_179_203,1.0
mc2024_track2-random_179_204,1.0
mc2024_track2-random_179_300,2.0
mc2024_track2-random_179_301,2.0
mc2024_track2-random_179_302,2.0
mc2024_track2-random_179_303,2.0
mc2024_track2-random_179_304,2.0
mc2024_track2-random_179_400,2.0
mc2024_track2-random_179_401,2.0
mc2024_track2-random_179_402,2.0
mc2024_track2-random_179_403,2.0
mc2024_track2-random_179_404,2.0
mc2024_track2-random_179_500,2.0
mc2024_track2-random_179_501,3.0
mc2024_track2-random_179_502,2.0
mc2024_track2-random_179_503,2.0
mc2024_track2-random_179_504,2.0
mc2024_track2-random_180_100,1.0
mc2024_track2-random_180_101,1.0
mc2024_track2-random_180_102,1.0
mc2024_track2-random_180_103,1.0
mc2024_track2-random_180_104,1.0
mc2024_track2-random_180_200,1.0
mc2024_track2-random_180_201,1.0
mc2024_track2-random_180_202,1.0
mc2024_track2-random_180_203,1.0
mc2024_track2-random_180_204,1.0
mc2024_track2-random_180_300,2.0
mc2024_track2-random_180_301,2.0
mc2024_track2-random_180_302,2.0
mc2024_track2-random_180_303,2.0
mc2024_track2-random_180_304,2.0
mc2024_track2-random_180_400,2.0
mc2024_track2-random_180_401,2.0
mc2024_track2-random_180_402,2.0
mc2024_track2-random_180_403,2.0
mc2024_track2-random_180_404,2.0
mc2024_track2-random_180_500,2.0
mc2024_track2-random_180_501,2.0
mc2024_track2-random_180_502,2.0
mc2024_track2-random_180_503,2.0
mc2024_track2-random_180_504,2.0
mc2024_track2-random_181_100,1.0
mc2024_track2-random_181_101,1.0
mc2024_track2-random_181_102,1.0
mc2024_track2-random_181_103,1.0
mc2024_track2-random_181_104,1.0
mc2024_track2-random_181_200,1.0
mc2024_track2-random_181_201,1.0
mc2024_track2-random_181_202,1.0
mc2024_track2-random_181_203,1.0
mc2024_track2-random_181_204,1.0
mc2024_track2-random_181_300,2.0
mc2024_track2-random_181_301,2.0
mc2024_track2-random_181_302,2.0
mc2024_track2-random_181_303,2.0
mc2024_track2-random_181_304,2.0
mc2024_track2-random_181_400,2.0
mc2024_track2-random_181_401,2.0
mc2024_track2-random_181_402,2.0
mc2024_track2-random_181_403,2.0
mc2024_track2-random_181_404,2.0
mc2024_track2-random_181_500,3.0
mc2024_track2-random_181_501,2.0
mc2024_track2-random_181_502,2.0
mc2024_track2-random_181_503,3.0
mc2024_track2-random_181_504,2.0
mc2024_track2-random_182_100,1.0
mc2024_track2-random_182_101,1.0
mc2024_track2-random_182_102,1.0
mc2024_track2-random_182_103,1.0
mc2024_track2-random_182_104,1.0
mc2024_track2-random_182_200,1.0
mc2024_track2-random_182_201,1.0
mc2024_track2-random_182_202,1.0
mc2024_track2-random_182_203,1.0
mc2024_track2-random_182_204,1.0
mc2024_track2-random_182_300,2.0
mc2024_track2-random_182_301,2.0
mc2024_track2-random_182_302,2.0
mc2024_track2-random_182_303,2.0
mc2024_track2-random_182_304,2.0
mc2024_track2-random_182_400,2.0
mc2024_track2-random_182_401,2.0
mc2024_track2-random_182_402,2.0
mc2024_track2-random_182_403,2.0
mc2024_track2-random_182_404,2.0
mc2024_track2-random_182_500,2.0
mc2024_track2-random_182_501,3.0
mc2024_track2-random_182_502,2.0
mc2024_track2-random_182_503,2.0
mc2024_track2-random_182_504,2.0
mc2024_track2-random_183_100,1.0
mc2024_track2-random_183_101,1.0
mc2024_track2-random_183_102,1.0
mc2024_track2-random_183_103,1.0
mc2024_track2-random_183_104,1.0
mc2024_track2-random_183_200,1.0
mc2024_track2-random_183_201,1.0
mc2024_track2-random_183_202,1.0
mc2024_track2-random_183_203,1.0
mc2024_track2-random_183_204,1.0
mc2024_track2-random_183_300,2.0
mc2024_track2-random_183_301,2.0
mc2024_track2-random_183_302,2.0
mc2024_track2-random_183_303,2.0
mc2024_track2-random_183_304,2.0
mc2024_track2-random_183_400,2.0
mc2024_track2-random_183_401,2.0
mc2024_track2-random_183_402,2.0
mc2024_track2-random_183_403,2.0
mc2024_track2-random_183_404,2.0
mc2024_track2-random_183_500,2.0
mc2024_track2-random_183_501,2.0
mc2024_track2-random_183_502,2.0
mc2024_track2-random_183_503,2.0
mc2024_track2-random_183_504,3.0
mc2024_track2-random_184_100,1.0
mc2024_track2-random_184_101,1.0
mc2024_track2-random_184_102,1.0
mc2024_track2-random_184_103,1.0
mc2024_track2-random_184_104,1.0
mc2024_track2-random_184_200,1.0
mc2024_track2-random_184_201,1.0
mc2024_track2-random_184_202,1.0
mc2024_track2-random_184_203,1.0
mc2024_track2-random_184_204,1.0
mc2024_track2-random_184_300,2.0
mc2024_track2-random_184_301,2.0
mc2024_track2-random_184_302,2.0
mc2024_track2-random_184_303,2.0
mc2024_track2-random_184_304,2.0
mc2024_track2-random_184_400,2.0
mc2024_track2-random_184_401,2.0
mc2024_track2-random_184_402,2.0
mc2024_track2-random_184_403,2.0
mc2024_track2-random_184_404,2.0
mc2024_track2-random_184_500,2.0
mc2024_track2-random_184_501,2.0
mc2024_track2-random_184_502,2.0
mc2024_track2-random_184_503,3.0
mc2024_track2-random_184_504,2.0
mc2024_track2-random_185_100,1.0
mc2024_track2-random_185_101,1.0
mc2024_track2-random_185_102,1.0
mc2024_track2-random_185_103,1.0
mc2024_track2-random_185_104,1.0
mc2024_track2-random_185_200,1.0
mc2024_track2-random_185_201,1.0
mc2024_track2-random_185_202,1.0
mc2024_track2-random_185_203,1.0
mc2024_track2-random_185_204,1.0
mc2024_track2-random_185_300,2.0
mc2024_track2-random_185_301,2.0
mc2024_track2-random_185_302,2.0
mc2024_track2-random_185_303,2.0
mc2024_track2-random_185_304,2.0
mc2024_track2-random_185_400,2.0
mc2024_track2-random_185_401,2.0
mc2024_track2-random_185_402,2.0
mc2024_track2-random_185_403,2.0
mc2024_track2-random_185_404,2.0
mc2024_track2-random_185_500,2.0
mc2024_track2-random_185_501,2.0
mc2024_track2-random_185_502,2.0
mc2024_track2-random_185_503,2.0
mc2024_track2-random_185_504,3.0
mc2024_track2-random_186_100,1.0
mc2024_track2-random_186_101,1.0
mc2024_track2-random_186_102,1.0
mc2024_track2-random_186_103,1.0
mc2024_track2-random_186_104,1.0
mc2024_track2-random_186_200,1.0
mc2024_track2-random_186_201,1.0
mc2024_track2-random_186_202,1.0
mc2024_track2-random_186_203,1.0
mc2024_track2-random_186_204,1.0
mc2024_track2-random_186_300,2.0
mc2024_track2-random_186_301,2.0
mc2024_track2-random_186_302,2.0
mc2024_track2-random_186_303,2.0
mc2024_track2-random_186_304,2.0
mc2024_track2-random_186_400,2.0
mc2024_track2-random_186_401,2.0
mc2024_track2-random_186_402,2.0
mc2024_track2-random_186_403,2.0
mc2024_track2-random_186_404,2.0
mc2024_track2-random_186_500,4.0
mc2024_track2-random_186_501,4.0
mc2024_track2-random_186_502,4.0
mc2024_track2-random_186_503,4.0
mc2024_track2-random_186_504,4.0
mc2024_track2-random_187_100,1.0
mc2024_track2-random_187_101,1.0
mc2024_track2-random_187_102,1.0
mc2024_track2-random_187_103,1.0
mc2024_track2-random_187_104,1.0
mc2024_track2-random_187_200,1.0
mc2024_track2-random_187_201,1.0
mc2024_track2-random_187_202,1.0
mc2024_track2-random_187_203,1.0
mc2024_track2-random_187_204,1.0
mc2024_track2-random_187_300,2.0
mc2024_track2-random_187_301,2.0
mc2024_track2-random_187_302,2.0
mc2024_track2-random_187_303,2.0
mc2024_track2-random_187_304,2.0
mc2024_track2-random_187_400,2.0
mc2024_track2-random_187_401,2.0
mc2024_track2-random_187_402,2.0
mc2024_track2-random_187_403,2.0
mc2024_track2-random_187_404,2.0
mc2024_track2-random_187_500,4.0
mc2024_track2-random_187_501,4.0
mc2024_track2-random_187_502,4.0
mc2024_track2-random_187_503,4.0
mc2024_track2-random_187_504,4.0
mc2024_track2-random_188_100,1.0
mc2024_track2-random_188_101,1.0
mc2024_track2-random_188_102,1.0
mc2024_track2-random_188_103,1.0
mc2024_track2-random_188_104,1.0
mc2024_track2-random_188_200,1.0
mc2024_track2-random_188_201,1.0
mc2024_track2-random_188_202,1.0
mc2024_track2-random_188_203,1.0
mc2024_track2-random_188_204,1.0
mc2024_track2-random_188_300,2.0
mc2024_track2-random_188_301,2.0
mc2024_track2-random_188_302,2.0
mc2024_track2-random_188_303,2.0
mc2024_track2-random_188_304,2.0
mc2024_track2-random_188_400,2.0
mc2024_track2-random_188_401,2.0
mc2024_track2-random_188_402,2.0
mc2024_track2-random_188_403,2.0
mc2024_track2-random_188_404,2.0
mc2024_track2-random_188_500,4.0
mc2024_track2-random_188_501,4.0
mc2024_track2-random_188_502,4.0
mc2024_track2-random_188_503,4.0
mc2024_track2-random_188_504,4.0
mc2024_track2-random_189_100,1.0
mc2024_track2-random_189_101,1.0
mc2024_track2-random_189_102,1.0
mc2024_track2-random_189_103,1.0
mc2024_track2-random_189_104,1.0
mc2024_track2-random_189_200,1.0
mc2024_track2-random_189_201,1.0
mc2024_track2-random_189_202,1.0
mc2024_track2-random_189_203,1.0
mc2024_track2-random_189_204,1.0
mc2024_track2-random_189_300,2.0
mc2024_track2-random_189_301,2.0
mc2024_track2-random_189_302,2.0
mc2024_track2-random_189_303,2.0
mc2024_track2-random_189_304,2.0
mc2024_track2-random_189_400,2.0
mc2024_track2-random_189_401,2.0
mc2024_track2-random_189_402,2.0
mc2024_track2-random_189_403,2.0
mc2024_track2-random_189_404,2.0
mc2024_track2-random_189_500,4.0
mc2024_track2-random_189_501,4.0
mc2024_track2-random_189_502,4.0
mc2024_track2-random_189_503,4.0
mc2024_track2-random_189_504,4.0
mc2024_track2-random_190_100,1.0
mc2024_track2-random_190_101,1.0
mc2024_track2-random_190_102,1.0
mc2024_track2-random_190_103,1.0
mc2024_track2-random_190_104,1.0
mc2024_track2-random_190_200,1.0
mc2024_track2-random_190_201,1.0
mc2024_track2-random_190_202,1.0
mc2024_track2-random_190_203,1.0
mc2024_track2-random_190_204,1.0
mc2024_track2-random_190_300,2.0
mc2024_track2-random_190_301,2.0
mc2024_track2-random_190_302,2.0
mc2024_track2-random_190_303,2.0
mc2024_track2-random_190_304,2.0
mc2024_track2-random_190_400,2.0
mc2024_track2-random_190_401,2.0
mc2024_track2-random_190_402,2.0
mc2024_track2-random_190_403,2.0
mc2024_track2-random_190_404,2.0
mc2024_track2-random_190_500,2.0
mc2024_track2-random_190_501,3.0
mc2024_track2-random_190_502,2.0
mc2024_track2-random_190_503,2.0
mc2024_track2-random_190_504,2.0
mc2024_track2-random_191_100,1.0
mc2024_track2-random_191_101,1.0
mc2024_track2-random_191_102,1.0
mc2024_track2-random_191_103,1.0
mc2024_track2-random_191_104,1.0
mc2024_track2-random_191_200,1.0
mc2024_track2-random_191_201,1.0
mc2024_track2-random_191_202,1.0
mc2024_track2-random_191_203,1.0
mc2024_track2-random_191_204,1.0
mc2024_track2-random_191_300,2.0
mc2024_track2-random_191_301,2.0
mc2024_track2-random_191_302,2.0
mc2024_track2-random_191_303,2.0
mc2024_track2-random_191_304,2.0
mc2024_track2-random_191_400,2.0
mc2024_track2-random_191_401,2.0
mc2024_track2-random_191_402,2.0
mc2024_track2-random_191_403,2.0
mc2024_track2-random_191_404,2.0
mc2024_track2-random_191_500,4.0
mc2024_track2-random_191_501,4.0
mc2024_track2-random_191_502,4.0
mc2024_track2-random_191_503,4.0
mc2024_track2-random_191_504,4.0
mc2024_track2-random_192_100,1.0
mc2024_track2-random_192_101,1.0
mc2024_track2-random_192_102,1.0
mc2024_track2-random_192_103,1.0
mc2024_track2-random_192_104,1.0
mc2024_track2-random_192_200,1.0
mc2024_track2-random_192_201,1.0
mc2024_track2-random_192_202,1.0
mc2024_track2-random_192_203,1.0
mc2024_track2-random_192_204,1.0
mc2024_track2-random_192_300,2.0
mc2024_track2-random_192_301,2.0
mc2024_track2-random_192_302,2.0
mc2024_track2-random_192_303,2.0
mc2024_track2-random_192_304,2.0
mc2024_track2-random_192_400,2.0
mc2024_track2-random_192_401,2.0
mc2024_track2-random_192_402,2.0
mc2024_track2-random_192_403,2.0
mc2024_track2-random_192_404,2.0
mc2024_track2-random_192_500,2.0
mc2024_track2-random_192_501,4.0
mc2024_track2-random_192_502,4.0
mc2024_track2-random_192_503,4.0
mc2024_track2-random_192_504,4.0
mc2024_track2-random_193_100,1.0
mc2024_track2-random_193_101,1.0
mc2024_track2-random_193_102,1.0
mc2024_track2-random_193_103,1.0
mc2024_track2-random_193_104,1.0
mc2024_track2-random_193_200,1.0
mc2024_track2-random_193_201,1.0
mc2024_track2-random_193_202,1.0
mc2024_track2-random_193_203,1.0
mc2024_track2-random_193_204,1.0
mc2024_track2-random_193_300,2.0
mc2024_track2-random_193_301,2.0
mc2024_track2-random_193_302,2.0
mc2024_track2-random_193_303,2.0
mc2024_track2-random_193_304,2.0
mc2024_track2-random_193_400,2.0
mc2024_track2-random_193_401,2.0
mc2024_track2-random_193_402,2.0
mc2024_track2-random_193_403,2.0
mc2024_track2-random_193_404,2.0
mc2024_track2-random_193_500,4.0
mc2024_track2-random_193_501,4.0
mc2024_track2-random_193_502,4.0
mc2024_track2-random_193_503,4.0
mc2024_track2-random_193_504,4.0
mc2024_track2-random_194_100,1.0
mc2024_track2-random_194_101,1.0
mc2024_track2-random_194_102,1.0
mc2024_track2-random_194_103,1.0
mc2024_track2-random_194_104,1.0
mc2024_track2-random_194_200,1.0
mc2024_track2-random_194_201,1.0
mc2024_track2-random_194_202,1.0
mc2024_track2-random_194_203,1.0
mc2024_track2-random_194_204,1.0
mc2024_track2-random_194_300,2.0
mc2024_track2-random_194_301,2.0
mc2024_track2-random_194_302,2.0
mc2024_track2-random_194_303,2.0
mc2024_track2-random_194_304,2.0
mc2024_track2-random_194_400,2.0
mc2024_track2-random_194_401,2.0
mc2024_track2-random_194_402,2.0
mc2024_track2-random_194_403,2.0
mc2024_track2-random_194_404,2.0
mc2024_track2-random_194_500,4.0
mc2024_track2-random_194_501,4.0
mc2024_track2-random_194_502,4.0
mc2024_track2-random_194_503,4.0
mc2024_track2-random_194_504,4.0
mc2024_track2-random_195_100,1.0
mc2024_track2-random_195_101,1.0
mc2024_track2-random_195_102,1.0
mc2024_track2-random_195_103,1.0
mc2024_track2-random_195_104,1.0
mc2024_track2-random_195_200,1.0
mc2024_track2-random_195_201,1.0
mc2024_track2-random_195_202,1.0
mc2024_track2-random_195_203,1.0
mc2024_track2-random_195_204,1.0
mc2024_track2-random_195_300,2.0
mc2024_track2-random_195_301,2.0
mc2024_track2-random_195_302,2.0
mc2024_track2-random_195_303,2.0
mc2024_track2-random_195_304,2.0
mc2024_track2-random_195_400,2.0
mc2024_track2-random_195_401,2.0
mc2024_track2-random_195_402,2.0
mc2024_track2-random_195_403,2.0
mc2024_track2-random_195_404,2.0
mc2024_track2-random_195_500,2.0
mc2024_track2-random_195_501,4.0
mc2024_track2-random_195_502,2.0
mc2024_track2-random_195_503,3.0
mc2024_track2-random_195_504,2.0
