mc2024_track2-random_002_100,28.305
mc2024_track2-random_002_101,27.525
mc2024_track2-random_002_102,28.077
mc2024_track2-random_002_103,28.113
mc2024_track2-random_002_104,28.149
mc2024_track2-random_002_200,28.327
mc2024_track2-random_002_201,28.212
mc2024_track2-random_002_202,27.804
mc2024_track2-random_002_203,27.682
mc2024_track2-random_002_204,27.795
mc2024_track2-random_002_300,27.365
mc2024_track2-random_002_301,27.704
mc2024_track2-random_002_302,27.577
mc2024_track2-random_002_303,27.744
mc2024_track2-random_002_304,27.797
mc2024_track2-random_002_400,27.934
mc2024_track2-random_002_401,28.041
mc2024_track2-random_002_402,27.932
mc2024_track2-random_002_403,27.816
mc2024_track2-random_002_404,27.882
mc2024_track2-random_002_500,27.995
mc2024_track2-random_002_501,27.993
mc2024_track2-random_002_502,28.187
mc2024_track2-random_002_503,27.696
mc2024_track2-random_002_504,28.334
mc2024_track2-random_003_100,3.976
mc2024_track2-random_003_101,3.917
mc2024_track2-random_003_102,3.91
mc2024_track2-random_003_103,3.906
mc2024_track2-random_003_104,3.936
mc2024_track2-random_003_200,3.94
mc2024_track2-random_003_201,3.932
mc2024_track2-random_003_202,3.934
mc2024_track2-random_003_203,3.938
mc2024_track2-random_003_204,3.917
mc2024_track2-random_003_300,3.929
mc2024_track2-random_003_301,3.924
mc2024_track2-random_003_302,3.927
mc2024_track2-random_003_303,3.923
mc2024_track2-random_003_304,3.927
mc2024_track2-random_003_400,4.007
mc2024_track2-random_003_401,3.949
mc2024_track2-random_003_402,3.94
mc2024_track2-random_003_403,3.945
mc2024_track2-random_003_404,3.986
mc2024_track2-random_003_500,3.995
mc2024_track2-random_003_501,3.936
mc2024_track2-random_003_502,3.934
mc2024_track2-random_003_503,3.935
mc2024_track2-random_003_504,3.924
mc2024_track2-random_007_100,118.439
mc2024_track2-random_007_101,118.027
mc2024_track2-random_007_102,119.376
mc2024_track2-random_007_103,119.83
mc2024_track2-random_007_104,118.317
mc2024_track2-random_007_200,123.776
mc2024_track2-random_007_201,122.999
mc2024_track2-random_007_202,123.333
mc2024_track2-random_007_203,123.381
mc2024_track2-random_007_204,124.405
mc2024_track2-random_007_300,119.695
mc2024_track2-random_007_301,118.758
mc2024_track2-random_007_302,118.582
mc2024_track2-random_007_303,119.575
mc2024_track2-random_007_304,118.467
mc2024_track2-random_007_400,120.241
mc2024_track2-random_007_401,123.564
mc2024_track2-random_007_402,125.441
mc2024_track2-random_007_403,126.113
mc2024_track2-random_007_404,127.138
mc2024_track2-random_007_500,117.731
mc2024_track2-random_007_501,126.927
mc2024_track2-random_007_502,116.236
mc2024_track2-random_007_503,126.163
mc2024_track2-random_007_504,124.432
mc2024_track2-random_009_100,5.416
mc2024_track2-random_009_101,5.375
mc2024_track2-random_009_102,5.432
mc2024_track2-random_009_103,5.48
mc2024_track2-random_009_104,5.404
mc2024_track2-random_009_200,5.529
mc2024_track2-random_009_201,5.482
mc2024_track2-random_009_202,5.429
mc2024_track2-random_009_203,5.416
mc2024_track2-random_009_204,5.497
mc2024_track2-random_009_300,5.552
mc2024_track2-random_009_301,5.546
mc2024_track2-random_009_302,5.446
mc2024_track2-random_009_303,5.452
mc2024_track2-random_009_304,5.478
mc2024_track2-random_009_400,5.479
mc2024_track2-random_009_401,5.711
mc2024_track2-random_009_402,5.505
mc2024_track2-random_009_403,5.705
mc2024_track2-random_009_404,5.475
mc2024_track2-random_009_500,5.495
mc2024_track2-random_009_501,5.739
mc2024_track2-random_009_502,5.507
mc2024_track2-random_009_503,5.484
mc2024_track2-random_009_504,5.513
mc2024_track2-random_011_100,1.87
mc2024_track2-random_011_101,1.879
mc2024_track2-random_011_102,1.877
mc2024_track2-random_011_103,1.871
mc2024_track2-random_011_104,1.864
mc2024_track2-random_011_200,1.917
mc2024_track2-random_011_201,1.878
mc2024_track2-random_011_202,1.91
mc2024_track2-random_011_203,1.88
mc2024_track2-random_011_204,1.88
mc2024_track2-random_011_300,1.877
mc2024_track2-random_011_301,1.98
mc2024_track2-random_011_302,1.882
mc2024_track2-random_011_303,1.876
mc2024_track2-random_011_304,1.889
mc2024_track2-random_011_400,1.908
mc2024_track2-random_011_401,1.915
mc2024_track2-random_011_402,1.963
mc2024_track2-random_011_403,1.929
mc2024_track2-random_011_404,1.934
mc2024_track2-random_011_500,1.888
mc2024_track2-random_011_501,1.879
mc2024_track2-random_011_502,1.881
mc2024_track2-random_011_503,1.875
mc2024_track2-random_011_504,1.98
mc2024_track2-random_012_100,15.563
mc2024_track2-random_012_101,15.289
mc2024_track2-random_012_102,15.198
mc2024_track2-random_012_103,15.227
mc2024_track2-random_012_104,15.511
mc2024_track2-random_012_200,15.414
mc2024_track2-random_012_201,15.399
mc2024_track2-random_012_202,15.577
mc2024_track2-random_012_203,15.249
mc2024_track2-random_012_204,15.42
mc2024_track2-random_012_300,15.366
mc2024_track2-random_012_301,15.193
mc2024_track2-random_012_302,15.444
mc2024_track2-random_012_303,15.273
mc2024_track2-random_012_304,15.378
mc2024_track2-random_012_400,15.568
mc2024_track2-random_012_401,15.788
mc2024_track2-random_012_402,15.516
mc2024_track2-random_012_403,15.681
mc2024_track2-random_012_404,15.341
mc2024_track2-random_012_500,15.291
mc2024_track2-random_012_501,15.405
mc2024_track2-random_012_502,15.324
mc2024_track2-random_012_503,15.357
mc2024_track2-random_012_504,15.391
mc2024_track2-random_013_100,1.629
mc2024_track2-random_013_101,1.619
mc2024_track2-random_013_102,1.623
mc2024_track2-random_013_103,1.626
mc2024_track2-random_013_104,1.619
mc2024_track2-random_013_200,1.622
mc2024_track2-random_013_201,1.622
mc2024_track2-random_013_202,1.613
mc2024_track2-random_013_203,1.617
mc2024_track2-random_013_204,1.626
mc2024_track2-random_013_300,1.618
mc2024_track2-random_013_301,1.622
mc2024_track2-random_013_302,1.626
mc2024_track2-random_013_303,1.627
mc2024_track2-random_013_304,1.624
mc2024_track2-random_013_400,1.626
mc2024_track2-random_013_401,1.619
mc2024_track2-random_013_402,1.63
mc2024_track2-random_013_403,1.634
mc2024_track2-random_013_404,1.631
mc2024_track2-random_013_500,1.624
mc2024_track2-random_013_501,1.648
mc2024_track2-random_013_502,1.651
mc2024_track2-random_013_503,1.637
mc2024_track2-random_013_504,1.623
mc2024_track2-random_014_100,0.198
mc2024_track2-random_014_101,0.198
mc2024_track2-random_014_102,0.201
mc2024_track2-random_014_103,0.2
mc2024_track2-random_014_104,0.198
mc2024_track2-random_014_200,0.2
mc2024_track2-random_014_201,0.199
mc2024_track2-random_014_202,0.201
mc2024_track2-random_014_203,0.201
mc2024_track2-random_014_204,0.209
mc2024_track2-random_014_300,0.207
mc2024_track2-random_014_301,0.201
mc2024_track2-random_014_302,0.205
mc2024_track2-random_014_303,0.205
mc2024_track2-random_014_304,0.205
mc2024_track2-random_014_400,0.207
mc2024_track2-random_014_401,0.205
mc2024_track2-random_014_402,0.201
mc2024_track2-random_014_403,0.209
mc2024_track2-random_014_404,0.203
mc2024_track2-random_014_500,0.204
mc2024_track2-random_014_501,0.202
mc2024_track2-random_014_502,0.202
mc2024_track2-random_014_503,0.202
mc2024_track2-random_014_504,0.201
mc2024_track2-random_016_100,3.268
mc2024_track2-random_016_101,3.274
mc2024_track2-random_016_102,3.271
mc2024_track2-random_016_103,3.242
mc2024_track2-random_016_104,3.272
mc2024_track2-random_016_200,3.28
mc2024_track2-random_016_201,3.282
mc2024_track2-random_016_202,3.292
mc2024_track2-random_016_203,3.275
mc2024_track2-random_016_204,3.277
mc2024_track2-random_016_300,3.283
mc2024_track2-random_016_301,3.273
mc2024_track2-random_016_302,3.322
mc2024_track2-random_016_303,3.287
mc2024_track2-random_016_304,3.263
mc2024_track2-random_016_400,3.287
mc2024_track2-random_016_401,3.317
mc2024_track2-random_016_402,3.288
mc2024_track2-random_016_403,3.293
mc2024_track2-random_016_404,3.393
mc2024_track2-random_016_500,3.291
mc2024_track2-random_016_501,3.304
mc2024_track2-random_016_502,3.303
mc2024_track2-random_016_503,3.426
mc2024_track2-random_016_504,3.283
mc2024_track2-random_022_100,0.001
mc2024_track2-random_022_101,0.001
mc2024_track2-random_022_102,0.001
mc2024_track2-random_022_103,0.001
mc2024_track2-random_022_104,0.001
mc2024_track2-random_022_200,0.001
mc2024_track2-random_022_201,0.001
mc2024_track2-random_022_202,0.001
mc2024_track2-random_022_203,0.001
mc2024_track2-random_022_204,0.001
mc2024_track2-random_022_300,0.001
mc2024_track2-random_022_301,0.001
mc2024_track2-random_022_302,0.001
mc2024_track2-random_022_303,0.001
mc2024_track2-random_022_304,0.001
mc2024_track2-random_022_400,0.001
mc2024_track2-random_022_401,0.001
mc2024_track2-random_022_402,0.001
mc2024_track2-random_022_403,0.001
mc2024_track2-random_022_404,0.001
mc2024_track2-random_022_500,0.001
mc2024_track2-random_022_501,0.001
mc2024_track2-random_022_502,0.001
mc2024_track2-random_022_503,0.001
mc2024_track2-random_022_504,0.001
mc2024_track2-random_024_100,10.371
mc2024_track2-random_024_101,10.443
mc2024_track2-random_024_102,10.397
mc2024_track2-random_024_103,10.447
mc2024_track2-random_024_104,10.359
mc2024_track2-random_024_200,10.41
mc2024_track2-random_024_201,10.417
mc2024_track2-random_024_202,10.459
mc2024_track2-random_024_203,10.401
mc2024_track2-random_024_204,10.373
mc2024_track2-random_024_300,10.703
mc2024_track2-random_024_301,10.536
mc2024_track2-random_024_302,10.534
mc2024_track2-random_024_303,10.734
mc2024_track2-random_024_304,10.504
mc2024_track2-random_024_400,10.487
mc2024_track2-random_024_401,10.537
mc2024_track2-random_024_402,10.476
mc2024_track2-random_024_403,10.488
mc2024_track2-random_024_404,10.495
mc2024_track2-random_024_500,10.511
mc2024_track2-random_024_501,10.58
mc2024_track2-random_024_502,10.543
mc2024_track2-random_024_503,10.478
mc2024_track2-random_024_504,10.654
mc2024_track2-random_025_100,7.943
mc2024_track2-random_025_101,8.017
mc2024_track2-random_025_102,7.975
mc2024_track2-random_025_103,7.95
mc2024_track2-random_025_104,7.969
mc2024_track2-random_025_200,7.979
mc2024_track2-random_025_201,8.006
mc2024_track2-random_025_202,7.999
mc2024_track2-random_025_203,7.97
mc2024_track2-random_025_204,7.895
mc2024_track2-random_025_300,7.973
mc2024_track2-random_025_301,8.143
mc2024_track2-random_025_302,8.028
mc2024_track2-random_025_303,8.039
mc2024_track2-random_025_304,8.08
mc2024_track2-random_025_400,8.155
mc2024_track2-random_025_401,8.134
mc2024_track2-random_025_402,8.067
mc2024_track2-random_025_403,8.161
mc2024_track2-random_025_404,8.041
mc2024_track2-random_025_500,8.115
mc2024_track2-random_025_501,8.078
mc2024_track2-random_025_502,8.089
mc2024_track2-random_025_503,8.064
mc2024_track2-random_025_504,8.041
mc2024_track2-random_027_100,1.088
mc2024_track2-random_027_101,1.099
mc2024_track2-random_027_102,1.09
mc2024_track2-random_027_103,1.088
mc2024_track2-random_027_104,1.091
mc2024_track2-random_027_200,1.103
mc2024_track2-random_027_201,1.101
mc2024_track2-random_027_202,1.102
mc2024_track2-random_027_203,1.1
mc2024_track2-random_027_204,1.101
mc2024_track2-random_027_300,1.114
mc2024_track2-random_027_301,1.11
mc2024_track2-random_027_302,1.106
mc2024_track2-random_027_303,1.114
mc2024_track2-random_027_304,1.109
mc2024_track2-random_027_400,1.122
mc2024_track2-random_027_401,1.109
mc2024_track2-random_027_402,1.114
mc2024_track2-random_027_403,1.117
mc2024_track2-random_027_404,1.113
mc2024_track2-random_027_500,1.108
mc2024_track2-random_027_501,1.109
mc2024_track2-random_027_502,1.122
mc2024_track2-random_027_503,1.127
mc2024_track2-random_027_504,1.123
mc2024_track2-random_029_100,0.532
mc2024_track2-random_029_101,0.539
mc2024_track2-random_029_102,0.536
mc2024_track2-random_029_103,0.524
mc2024_track2-random_029_104,0.524
mc2024_track2-random_029_200,0.53
mc2024_track2-random_029_201,0.527
mc2024_track2-random_029_202,0.543
mc2024_track2-random_029_203,0.525
mc2024_track2-random_029_204,0.527
mc2024_track2-random_029_300,0.541
mc2024_track2-random_029_301,0.54
mc2024_track2-random_029_302,0.533
mc2024_track2-random_029_303,0.538
mc2024_track2-random_029_304,0.539
mc2024_track2-random_029_400,0.532
mc2024_track2-random_029_401,0.534
mc2024_track2-random_029_402,0.529
mc2024_track2-random_029_403,0.533
mc2024_track2-random_029_404,0.536
mc2024_track2-random_029_500,0.532
mc2024_track2-random_029_501,0.535
mc2024_track2-random_029_502,0.554
mc2024_track2-random_029_503,0.529
mc2024_track2-random_029_504,0.531
mc2024_track2-random_030_100,27.876
mc2024_track2-random_030_101,28.199
mc2024_track2-random_030_102,28.339
mc2024_track2-random_030_103,28.307
mc2024_track2-random_030_104,28.566
mc2024_track2-random_030_200,28.238
mc2024_track2-random_030_201,28.461
mc2024_track2-random_030_202,28.354
mc2024_track2-random_030_203,28.236
mc2024_track2-random_030_204,27.855
mc2024_track2-random_030_300,28.102
mc2024_track2-random_030_301,28.222
mc2024_track2-random_030_302,28.343
mc2024_track2-random_030_303,28.092
mc2024_track2-random_030_304,28.277
mc2024_track2-random_030_400,28.626
mc2024_track2-random_030_401,28.712
mc2024_track2-random_030_402,28.703
mc2024_track2-random_030_403,28.484
mc2024_track2-random_030_404,28.396
mc2024_track2-random_030_500,28.826
mc2024_track2-random_030_501,28.534
mc2024_track2-random_030_502,28.91
mc2024_track2-random_030_503,28.66
mc2024_track2-random_030_504,28.67
mc2024_track2-random_032_100,0.0
mc2024_track2-random_032_101,0.0
mc2024_track2-random_032_102,0.0
mc2024_track2-random_032_103,0.0
mc2024_track2-random_032_104,0.0
mc2024_track2-random_032_200,0.0
mc2024_track2-random_032_201,0.0
mc2024_track2-random_032_202,0.0
mc2024_track2-random_032_203,0.0
mc2024_track2-random_032_204,0.0
mc2024_track2-random_032_300,0.0
mc2024_track2-random_032_301,0.0
mc2024_track2-random_032_302,0.0
mc2024_track2-random_032_303,0.0
mc2024_track2-random_032_304,0.0
mc2024_track2-random_032_400,0.0
mc2024_track2-random_032_401,0.0
mc2024_track2-random_032_402,0.0
mc2024_track2-random_032_403,0.0
mc2024_track2-random_032_404,0.0
mc2024_track2-random_032_500,0.0
mc2024_track2-random_032_501,0.0
mc2024_track2-random_032_502,0.0
mc2024_track2-random_032_503,0.0
mc2024_track2-random_032_504,0.0
mc2024_track2-random_035_100,0.0
mc2024_track2-random_035_101,0.0
mc2024_track2-random_035_102,0.0
mc2024_track2-random_035_103,0.0
mc2024_track2-random_035_104,0.0
mc2024_track2-random_035_200,0.0
mc2024_track2-random_035_201,0.0
mc2024_track2-random_035_202,0.0
mc2024_track2-random_035_203,0.0
mc2024_track2-random_035_204,0.0
mc2024_track2-random_035_300,0.0
mc2024_track2-random_035_301,0.0
mc2024_track2-random_035_302,0.0
mc2024_track2-random_035_303,0.0
mc2024_track2-random_035_304,0.0
mc2024_track2-random_035_400,0.0
mc2024_track2-random_035_401,0.0
mc2024_track2-random_035_402,0.0
mc2024_track2-random_035_403,0.0
mc2024_track2-random_035_404,0.0
mc2024_track2-random_035_500,0.0
mc2024_track2-random_035_501,0.0
mc2024_track2-random_035_502,0.0
mc2024_track2-random_035_503,0.0
mc2024_track2-random_035_504,0.0
mc2024_track2-random_036_100,69.539
mc2024_track2-random_036_101,70.24
mc2024_track2-random_036_102,70.268
mc2024_track2-random_036_103,70.211
mc2024_track2-random_036_104,71.275
mc2024_track2-random_036_200,70.901
mc2024_track2-random_036_201,69.446
mc2024_track2-random_036_202,70.714
mc2024_track2-random_036_203,71.549
mc2024_track2-random_036_204,70.13
mc2024_track2-random_036_300,70.127
mc2024_track2-random_036_301,70.154
mc2024_track2-random_036_302,72.034
mc2024_track2-random_036_303,71.953
mc2024_track2-random_036_304,72.04
mc2024_track2-random_036_400,71.305
mc2024_track2-random_036_401,71.065
mc2024_track2-random_036_402,71.284
mc2024_track2-random_036_403,72.494
mc2024_track2-random_036_404,71.246
mc2024_track2-random_036_500,73.51
mc2024_track2-random_036_501,70.957
mc2024_track2-random_036_502,70.867
mc2024_track2-random_036_503,69.753
mc2024_track2-random_036_504,69.744
mc2024_track2-random_040_100,0.0
mc2024_track2-random_040_101,0.0
mc2024_track2-random_040_102,0.0
mc2024_track2-random_040_103,0.0
mc2024_track2-random_040_104,0.0
mc2024_track2-random_040_200,0.0
mc2024_track2-random_040_201,0.0
mc2024_track2-random_040_202,0.0
mc2024_track2-random_040_203,0.0
mc2024_track2-random_040_204,0.0
mc2024_track2-random_040_300,0.0
mc2024_track2-random_040_301,0.0
mc2024_track2-random_040_302,0.0
mc2024_track2-random_040_303,0.0
mc2024_track2-random_040_304,0.0
mc2024_track2-random_040_400,0.0
mc2024_track2-random_040_401,0.0
mc2024_track2-random_040_402,0.0
mc2024_track2-random_040_403,0.0
mc2024_track2-random_040_404,0.0
mc2024_track2-random_040_500,0.0
mc2024_track2-random_040_501,0.0
mc2024_track2-random_040_502,0.0
mc2024_track2-random_040_503,0.0
mc2024_track2-random_040_504,0.0
mc2024_track2-random_041_100,30.108
mc2024_track2-random_041_101,29.986
mc2024_track2-random_041_102,30.104
mc2024_track2-random_041_103,29.921
mc2024_track2-random_041_104,29.942
mc2024_track2-random_041_200,29.921
mc2024_track2-random_041_201,30.291
mc2024_track2-random_041_202,30.581
mc2024_track2-random_041_203,30.265
mc2024_track2-random_041_204,30.097
mc2024_track2-random_041_300,30.218
mc2024_track2-random_041_301,30.365
mc2024_track2-random_041_302,30.27
mc2024_track2-random_041_303,30.12
mc2024_track2-random_041_304,30.022
mc2024_track2-random_041_400,30.854
mc2024_track2-random_041_401,30.36
mc2024_track2-random_041_402,30.364
mc2024_track2-random_041_403,30.358
mc2024_track2-random_041_404,30.452
mc2024_track2-random_041_500,30.323
mc2024_track2-random_041_501,30.402
mc2024_track2-random_041_502,30.304
mc2024_track2-random_041_503,30.456
mc2024_track2-random_041_504,30.47
mc2024_track2-random_047_100,0.002
mc2024_track2-random_047_101,0.002
mc2024_track2-random_047_102,0.002
mc2024_track2-random_047_103,0.002
mc2024_track2-random_047_104,0.002
mc2024_track2-random_047_200,0.002
mc2024_track2-random_047_201,0.002
mc2024_track2-random_047_202,0.002
mc2024_track2-random_047_203,0.002
mc2024_track2-random_047_204,0.002
mc2024_track2-random_047_300,0.002
mc2024_track2-random_047_301,0.002
mc2024_track2-random_047_302,0.002
mc2024_track2-random_047_303,0.002
mc2024_track2-random_047_304,0.002
mc2024_track2-random_047_400,0.002
mc2024_track2-random_047_401,0.002
mc2024_track2-random_047_402,0.002
mc2024_track2-random_047_403,0.002
mc2024_track2-random_047_404,0.002
mc2024_track2-random_047_500,0.002
mc2024_track2-random_047_501,0.002
mc2024_track2-random_047_502,0.002
mc2024_track2-random_047_503,0.002
mc2024_track2-random_047_504,0.002
mc2024_track2-random_049_100,0.045
mc2024_track2-random_049_101,0.045
mc2024_track2-random_049_102,0.045
mc2024_track2-random_049_103,0.044
mc2024_track2-random_049_104,0.044
mc2024_track2-random_049_200,0.045
mc2024_track2-random_049_201,0.045
mc2024_track2-random_049_202,0.045
mc2024_track2-random_049_203,0.044
mc2024_track2-random_049_204,0.044
mc2024_track2-random_049_300,0.045
mc2024_track2-random_049_301,0.044
mc2024_track2-random_049_302,0.045
mc2024_track2-random_049_303,0.044
mc2024_track2-random_049_304,0.044
mc2024_track2-random_049_400,0.048
mc2024_track2-random_049_401,0.046
mc2024_track2-random_049_402,0.045
mc2024_track2-random_049_403,0.044
mc2024_track2-random_049_404,0.046
mc2024_track2-random_049_500,0.045
mc2024_track2-random_049_501,0.044
mc2024_track2-random_049_502,0.045
mc2024_track2-random_049_503,0.044
mc2024_track2-random_049_504,0.044
mc2024_track2-random_050_100,0.028
mc2024_track2-random_050_101,0.029
mc2024_track2-random_050_102,0.028
mc2024_track2-random_050_103,0.029
mc2024_track2-random_050_104,0.028
mc2024_track2-random_050_200,0.034
mc2024_track2-random_050_201,0.033
mc2024_track2-random_050_202,0.033
mc2024_track2-random_050_203,0.033
mc2024_track2-random_050_204,0.033
mc2024_track2-random_050_300,0.035
mc2024_track2-random_050_301,0.033
mc2024_track2-random_050_302,0.033
mc2024_track2-random_050_303,0.033
mc2024_track2-random_050_304,0.033
mc2024_track2-random_050_400,0.033
mc2024_track2-random_050_401,0.033
mc2024_track2-random_050_402,0.033
mc2024_track2-random_050_403,0.033
mc2024_track2-random_050_404,0.033
mc2024_track2-random_050_500,0.033
mc2024_track2-random_050_501,0.033
mc2024_track2-random_050_502,0.033
mc2024_track2-random_050_503,0.033
mc2024_track2-random_050_504,0.033
mc2024_track2-random_053_100,0.003
mc2024_track2-random_053_101,0.003
mc2024_track2-random_053_102,0.003
mc2024_track2-random_053_103,0.003
mc2024_track2-random_053_104,0.003
mc2024_track2-random_053_200,0.003
mc2024_track2-random_053_201,0.003
mc2024_track2-random_053_202,0.003
mc2024_track2-random_053_203,0.003
mc2024_track2-random_053_204,0.003
mc2024_track2-random_053_300,0.003
mc2024_track2-random_053_301,0.003
mc2024_track2-random_053_302,0.003
mc2024_track2-random_053_303,0.003
mc2024_track2-random_053_304,0.003
mc2024_track2-random_053_400,0.003
mc2024_track2-random_053_401,0.003
mc2024_track2-random_053_402,0.003
mc2024_track2-random_053_403,0.003
mc2024_track2-random_053_404,0.003
mc2024_track2-random_053_500,0.003
mc2024_track2-random_053_501,0.003
mc2024_track2-random_053_502,0.003
mc2024_track2-random_053_503,0.003
mc2024_track2-random_053_504,0.003
mc2024_track2-random_054_100,0.0
mc2024_track2-random_054_101,0.0
mc2024_track2-random_054_102,0.0
mc2024_track2-random_054_103,0.0
mc2024_track2-random_054_104,0.0
mc2024_track2-random_054_200,0.0
mc2024_track2-random_054_201,0.0
mc2024_track2-random_054_202,0.0
mc2024_track2-random_054_203,0.0
mc2024_track2-random_054_204,0.0
mc2024_track2-random_054_300,0.0
mc2024_track2-random_054_301,0.0
mc2024_track2-random_054_302,0.0
mc2024_track2-random_054_303,0.0
mc2024_track2-random_054_304,0.0
mc2024_track2-random_054_400,0.0
mc2024_track2-random_054_401,0.0
mc2024_track2-random_054_402,0.0
mc2024_track2-random_054_403,0.0
mc2024_track2-random_054_404,0.0
mc2024_track2-random_054_500,0.0
mc2024_track2-random_054_501,0.0
mc2024_track2-random_054_502,0.0
mc2024_track2-random_054_503,0.0
mc2024_track2-random_054_504,0.0
mc2024_track2-random_055_100,0.0
mc2024_track2-random_055_101,0.0
mc2024_track2-random_055_102,0.0
mc2024_track2-random_055_103,0.0
mc2024_track2-random_055_104,0.0
mc2024_track2-random_055_200,0.0
mc2024_track2-random_055_201,0.0
mc2024_track2-random_055_202,0.0
mc2024_track2-random_055_203,0.0
mc2024_track2-random_055_204,0.0
mc2024_track2-random_055_300,0.0
mc2024_track2-random_055_301,0.0
mc2024_track2-random_055_302,0.0
mc2024_track2-random_055_303,0.0
mc2024_track2-random_055_304,0.0
mc2024_track2-random_055_400,0.0
mc2024_track2-random_055_401,0.0
mc2024_track2-random_055_402,0.0
mc2024_track2-random_055_403,0.0
mc2024_track2-random_055_404,0.0
mc2024_track2-random_055_500,0.0
mc2024_track2-random_055_501,0.0
mc2024_track2-random_055_502,0.0
mc2024_track2-random_055_503,0.0
mc2024_track2-random_055_504,0.0
mc2024_track2-random_056_100,0.001
mc2024_track2-random_056_101,0.001
mc2024_track2-random_056_102,0.001
mc2024_track2-random_056_103,0.001
mc2024_track2-random_056_104,0.001
mc2024_track2-random_056_200,0.001
mc2024_track2-random_056_201,0.001
mc2024_track2-random_056_202,0.001
mc2024_track2-random_056_203,0.001
mc2024_track2-random_056_204,0.001
mc2024_track2-random_056_300,0.001
mc2024_track2-random_056_301,0.001
mc2024_track2-random_056_302,0.001
mc2024_track2-random_056_303,0.001
mc2024_track2-random_056_304,0.001
mc2024_track2-random_056_400,0.001
mc2024_track2-random_056_401,0.001
mc2024_track2-random_056_402,0.001
mc2024_track2-random_056_403,0.001
mc2024_track2-random_056_404,0.001
mc2024_track2-random_056_500,0.001
mc2024_track2-random_056_501,0.001
mc2024_track2-random_056_502,0.001
mc2024_track2-random_056_503,0.001
mc2024_track2-random_056_504,0.001
mc2024_track2-random_057_100,0.0
mc2024_track2-random_057_101,0.0
mc2024_track2-random_057_102,0.0
mc2024_track2-random_057_103,0.0
mc2024_track2-random_057_104,0.0
mc2024_track2-random_057_200,0.0
mc2024_track2-random_057_201,0.0
mc2024_track2-random_057_202,0.0
mc2024_track2-random_057_203,0.0
mc2024_track2-random_057_204,0.0
mc2024_track2-random_057_300,0.0
mc2024_track2-random_057_301,0.0
mc2024_track2-random_057_302,0.0
mc2024_track2-random_057_303,0.0
mc2024_track2-random_057_304,0.0
mc2024_track2-random_057_400,0.0
mc2024_track2-random_057_401,0.0
mc2024_track2-random_057_402,0.0
mc2024_track2-random_057_403,0.0
mc2024_track2-random_057_404,0.0
mc2024_track2-random_057_500,0.0
mc2024_track2-random_057_501,0.0
mc2024_track2-random_057_502,0.0
mc2024_track2-random_057_503,0.0
mc2024_track2-random_057_504,0.0
mc2024_track2-random_058_100,0.003
mc2024_track2-random_058_101,0.003
mc2024_track2-random_058_102,0.003
mc2024_track2-random_058_103,0.003
mc2024_track2-random_058_104,0.003
mc2024_track2-random_058_200,0.003
mc2024_track2-random_058_201,0.003
mc2024_track2-random_058_202,0.003
mc2024_track2-random_058_203,0.003
mc2024_track2-random_058_204,0.003
mc2024_track2-random_058_300,0.003
mc2024_track2-random_058_301,0.003
mc2024_track2-random_058_302,0.003
mc2024_track2-random_058_303,0.003
mc2024_track2-random_058_304,0.003
mc2024_track2-random_058_400,0.003
mc2024_track2-random_058_401,0.003
mc2024_track2-random_058_402,0.003
mc2024_track2-random_058_403,0.003
mc2024_track2-random_058_404,0.003
mc2024_track2-random_058_500,0.003
mc2024_track2-random_058_501,0.003
mc2024_track2-random_058_502,0.003
mc2024_track2-random_058_503,0.003
mc2024_track2-random_058_504,0.003
mc2024_track2-random_059_100,1.917
mc2024_track2-random_059_101,1.947
mc2024_track2-random_059_102,1.919
mc2024_track2-random_059_103,1.911
mc2024_track2-random_059_104,1.912
mc2024_track2-random_059_200,1.95
mc2024_track2-random_059_201,1.897
mc2024_track2-random_059_202,1.992
mc2024_track2-random_059_203,1.905
mc2024_track2-random_059_204,1.894
mc2024_track2-random_059_300,1.92
mc2024_track2-random_059_301,1.893
mc2024_track2-random_059_302,1.896
mc2024_track2-random_059_303,1.902
mc2024_track2-random_059_304,1.895
mc2024_track2-random_059_400,1.898
mc2024_track2-random_059_401,1.903
mc2024_track2-random_059_402,1.906
mc2024_track2-random_059_403,1.903
mc2024_track2-random_059_404,1.899
mc2024_track2-random_059_500,1.889
mc2024_track2-random_059_501,1.89
mc2024_track2-random_059_502,1.907
mc2024_track2-random_059_503,1.963
mc2024_track2-random_059_504,1.988
mc2024_track2-random_060_100,0.211
mc2024_track2-random_060_101,0.209
mc2024_track2-random_060_102,0.21
mc2024_track2-random_060_103,0.21
mc2024_track2-random_060_104,0.21
mc2024_track2-random_060_200,0.211
mc2024_track2-random_060_201,0.21
mc2024_track2-random_060_202,0.212
mc2024_track2-random_060_203,0.211
mc2024_track2-random_060_204,0.21
mc2024_track2-random_060_300,0.21
mc2024_track2-random_060_301,0.212
mc2024_track2-random_060_302,0.212
mc2024_track2-random_060_303,0.214
mc2024_track2-random_060_304,0.214
mc2024_track2-random_060_400,0.213
mc2024_track2-random_060_401,0.214
mc2024_track2-random_060_402,0.214
mc2024_track2-random_060_403,0.213
mc2024_track2-random_060_404,0.213
mc2024_track2-random_060_500,0.213
mc2024_track2-random_060_501,0.212
mc2024_track2-random_060_502,0.216
mc2024_track2-random_060_503,0.215
mc2024_track2-random_060_504,0.212
mc2024_track2-random_061_100,0.047
mc2024_track2-random_061_101,0.047
mc2024_track2-random_061_102,0.047
mc2024_track2-random_061_103,0.047
mc2024_track2-random_061_104,0.047
mc2024_track2-random_061_200,0.047
mc2024_track2-random_061_201,0.05
mc2024_track2-random_061_202,0.048
mc2024_track2-random_061_203,0.049
mc2024_track2-random_061_204,0.047
mc2024_track2-random_061_300,0.048
mc2024_track2-random_061_301,0.047
mc2024_track2-random_061_302,0.048
mc2024_track2-random_061_303,0.048
mc2024_track2-random_061_304,0.047
mc2024_track2-random_061_400,0.048
mc2024_track2-random_061_401,0.047
mc2024_track2-random_061_402,0.047
mc2024_track2-random_061_403,0.047
mc2024_track2-random_061_404,0.049
mc2024_track2-random_061_500,0.048
mc2024_track2-random_061_501,0.047
mc2024_track2-random_061_502,0.047
mc2024_track2-random_061_503,0.048
mc2024_track2-random_061_504,0.047
mc2024_track2-random_062_100,0.0
mc2024_track2-random_062_101,0.0
mc2024_track2-random_062_102,0.0
mc2024_track2-random_062_103,0.0
mc2024_track2-random_062_104,0.0
mc2024_track2-random_062_200,0.0
mc2024_track2-random_062_201,0.0
mc2024_track2-random_062_202,0.0
mc2024_track2-random_062_203,0.0
mc2024_track2-random_062_204,0.0
mc2024_track2-random_062_300,0.0
mc2024_track2-random_062_301,0.0
mc2024_track2-random_062_302,0.0
mc2024_track2-random_062_303,0.0
mc2024_track2-random_062_304,0.0
mc2024_track2-random_062_400,0.0
mc2024_track2-random_062_401,0.0
mc2024_track2-random_062_402,0.0
mc2024_track2-random_062_403,0.0
mc2024_track2-random_062_404,0.0
mc2024_track2-random_062_500,0.0
mc2024_track2-random_062_501,0.0
mc2024_track2-random_062_502,0.0
mc2024_track2-random_062_503,0.0
mc2024_track2-random_062_504,0.0
mc2024_track2-random_063_100,0.0
mc2024_track2-random_063_101,0.0
mc2024_track2-random_063_102,0.0
mc2024_track2-random_063_103,0.0
mc2024_track2-random_063_104,0.0
mc2024_track2-random_063_200,0.0
mc2024_track2-random_063_201,0.0
mc2024_track2-random_063_202,0.0
mc2024_track2-random_063_203,0.0
mc2024_track2-random_063_204,0.0
mc2024_track2-random_063_300,0.0
mc2024_track2-random_063_301,0.0
mc2024_track2-random_063_302,0.0
mc2024_track2-random_063_303,0.0
mc2024_track2-random_063_304,0.0
mc2024_track2-random_063_400,0.0
mc2024_track2-random_063_401,0.0
mc2024_track2-random_063_402,0.0
mc2024_track2-random_063_403,0.0
mc2024_track2-random_063_404,0.0
mc2024_track2-random_063_500,0.0
mc2024_track2-random_063_501,0.0
mc2024_track2-random_063_502,0.0
mc2024_track2-random_063_503,0.0
mc2024_track2-random_063_504,0.0
mc2024_track2-random_064_100,0.044
mc2024_track2-random_064_101,0.044
mc2024_track2-random_064_102,0.045
mc2024_track2-random_064_103,0.045
mc2024_track2-random_064_104,0.044
mc2024_track2-random_064_200,0.044
mc2024_track2-random_064_201,0.044
mc2024_track2-random_064_202,0.044
mc2024_track2-random_064_203,0.045
mc2024_track2-random_064_204,0.044
mc2024_track2-random_064_300,0.044
mc2024_track2-random_064_301,0.044
mc2024_track2-random_064_302,0.044
mc2024_track2-random_064_303,0.044
mc2024_track2-random_064_304,0.044
mc2024_track2-random_064_400,0.045
mc2024_track2-random_064_401,0.044
mc2024_track2-random_064_402,0.044
mc2024_track2-random_064_403,0.044
mc2024_track2-random_064_404,0.045
mc2024_track2-random_064_500,0.044
mc2024_track2-random_064_501,0.044
mc2024_track2-random_064_502,0.044
mc2024_track2-random_064_503,0.044
mc2024_track2-random_064_504,0.044
mc2024_track2-random_065_100,0.026
mc2024_track2-random_065_101,0.026
mc2024_track2-random_065_102,0.026
mc2024_track2-random_065_103,0.026
mc2024_track2-random_065_104,0.026
mc2024_track2-random_065_200,0.026
mc2024_track2-random_065_201,0.026
mc2024_track2-random_065_202,0.026
mc2024_track2-random_065_203,0.026
mc2024_track2-random_065_204,0.026
mc2024_track2-random_065_300,0.026
mc2024_track2-random_065_301,0.026
mc2024_track2-random_065_302,0.026
mc2024_track2-random_065_303,0.026
mc2024_track2-random_065_304,0.026
mc2024_track2-random_065_400,0.026
mc2024_track2-random_065_401,0.026
mc2024_track2-random_065_402,0.026
mc2024_track2-random_065_403,0.026
mc2024_track2-random_065_404,0.026
mc2024_track2-random_065_500,0.026
mc2024_track2-random_065_501,0.027
mc2024_track2-random_065_502,0.026
mc2024_track2-random_065_503,0.026
mc2024_track2-random_065_504,0.026
mc2024_track2-random_066_100,0.01
mc2024_track2-random_066_101,0.01
mc2024_track2-random_066_102,0.01
mc2024_track2-random_066_103,0.01
mc2024_track2-random_066_104,0.01
mc2024_track2-random_066_200,0.01
mc2024_track2-random_066_201,0.01
mc2024_track2-random_066_202,0.01
mc2024_track2-random_066_203,0.01
mc2024_track2-random_066_204,0.01
mc2024_track2-random_066_300,0.01
mc2024_track2-random_066_301,0.01
mc2024_track2-random_066_302,0.01
mc2024_track2-random_066_303,0.01
mc2024_track2-random_066_304,0.01
mc2024_track2-random_066_400,0.01
mc2024_track2-random_066_401,0.01
mc2024_track2-random_066_402,0.01
mc2024_track2-random_066_403,0.01
mc2024_track2-random_066_404,0.01
mc2024_track2-random_066_500,0.01
mc2024_track2-random_066_501,0.01
mc2024_track2-random_066_502,0.01
mc2024_track2-random_066_503,0.01
mc2024_track2-random_066_504,0.01
mc2024_track2-random_067_100,0.01
mc2024_track2-random_067_101,0.01
mc2024_track2-random_067_102,0.01
mc2024_track2-random_067_103,0.01
mc2024_track2-random_067_104,0.01
mc2024_track2-random_067_200,0.011
mc2024_track2-random_067_201,0.011
mc2024_track2-random_067_202,0.011
mc2024_track2-random_067_203,0.01
mc2024_track2-random_067_204,0.01
mc2024_track2-random_067_300,0.01
mc2024_track2-random_067_301,0.01
mc2024_track2-random_067_302,0.01
mc2024_track2-random_067_303,0.011
mc2024_track2-random_067_304,0.01
mc2024_track2-random_067_400,0.011
mc2024_track2-random_067_401,0.01
mc2024_track2-random_067_402,0.011
mc2024_track2-random_067_403,0.011
mc2024_track2-random_067_404,0.011
mc2024_track2-random_067_500,0.01
mc2024_track2-random_067_501,0.01
mc2024_track2-random_067_502,0.011
mc2024_track2-random_067_503,0.01
mc2024_track2-random_067_504,0.01
mc2024_track2-random_069_100,45.679
mc2024_track2-random_069_101,45.946
mc2024_track2-random_069_102,47.169
mc2024_track2-random_069_103,47.785
mc2024_track2-random_069_104,47.723
mc2024_track2-random_069_200,47.752
mc2024_track2-random_069_201,48.347
mc2024_track2-random_069_202,48.854
mc2024_track2-random_069_203,47.485
mc2024_track2-random_069_204,47.874
mc2024_track2-random_069_300,46.532
mc2024_track2-random_069_301,46.464
mc2024_track2-random_069_302,46.099
mc2024_track2-random_069_303,48.392
mc2024_track2-random_069_304,46.596
mc2024_track2-random_069_400,48.012
mc2024_track2-random_069_401,48.306
mc2024_track2-random_069_402,46.971
mc2024_track2-random_069_403,49.072
mc2024_track2-random_069_404,46.974
mc2024_track2-random_069_500,49.62
mc2024_track2-random_069_501,47.239
mc2024_track2-random_069_502,49.371
mc2024_track2-random_069_503,47.225
mc2024_track2-random_069_504,48.302
mc2024_track2-random_074_100,41.352
mc2024_track2-random_074_101,41.385
mc2024_track2-random_074_102,41.197
mc2024_track2-random_074_103,41.715
mc2024_track2-random_074_104,41.358
mc2024_track2-random_074_200,41.52
mc2024_track2-random_074_201,41.4
mc2024_track2-random_074_202,41.376
mc2024_track2-random_074_203,41.369
mc2024_track2-random_074_204,41.462
mc2024_track2-random_074_300,42.379
mc2024_track2-random_074_301,42.646
mc2024_track2-random_074_302,42.459
mc2024_track2-random_074_303,42.624
mc2024_track2-random_074_304,42.636
mc2024_track2-random_074_400,42.96
mc2024_track2-random_074_401,44.12
mc2024_track2-random_074_402,42.484
mc2024_track2-random_074_403,44.99
mc2024_track2-random_074_404,42.526
mc2024_track2-random_074_500,42.117
mc2024_track2-random_074_501,42.871
mc2024_track2-random_074_502,42.342
mc2024_track2-random_074_503,42.009
mc2024_track2-random_074_504,41.508
mc2024_track2-random_076_100,0.001
mc2024_track2-random_076_101,0.001
mc2024_track2-random_076_102,0.001
mc2024_track2-random_076_103,0.001
mc2024_track2-random_076_104,0.001
mc2024_track2-random_076_200,0.001
mc2024_track2-random_076_201,0.001
mc2024_track2-random_076_202,0.001
mc2024_track2-random_076_203,0.001
mc2024_track2-random_076_204,0.001
mc2024_track2-random_076_300,0.001
mc2024_track2-random_076_301,0.001
mc2024_track2-random_076_302,0.001
mc2024_track2-random_076_303,0.001
mc2024_track2-random_076_304,0.001
mc2024_track2-random_076_400,0.001
mc2024_track2-random_076_401,0.001
mc2024_track2-random_076_402,0.001
mc2024_track2-random_076_403,0.001
mc2024_track2-random_076_404,0.001
mc2024_track2-random_076_500,0.001
mc2024_track2-random_076_501,0.001
mc2024_track2-random_076_502,0.001
mc2024_track2-random_076_503,0.001
mc2024_track2-random_076_504,0.001
mc2024_track2-random_082_100,0.0
mc2024_track2-random_082_101,0.0
mc2024_track2-random_082_102,0.0
mc2024_track2-random_082_103,0.0
mc2024_track2-random_082_104,0.0
mc2024_track2-random_082_200,0.0
mc2024_track2-random_082_201,0.0
mc2024_track2-random_082_202,0.0
mc2024_track2-random_082_203,0.0
mc2024_track2-random_082_204,0.0
mc2024_track2-random_082_300,0.0
mc2024_track2-random_082_301,0.0
mc2024_track2-random_082_302,0.0
mc2024_track2-random_082_303,0.0
mc2024_track2-random_082_304,0.0
mc2024_track2-random_082_400,0.0
mc2024_track2-random_082_401,0.0
mc2024_track2-random_082_402,0.0
mc2024_track2-random_082_403,0.0
mc2024_track2-random_082_404,0.0
mc2024_track2-random_082_500,0.0
mc2024_track2-random_082_501,0.0
mc2024_track2-random_082_502,0.0
mc2024_track2-random_082_503,0.0
mc2024_track2-random_082_504,0.0
mc2024_track2-random_083_100,0.0
mc2024_track2-random_083_101,0.0
mc2024_track2-random_083_102,0.0
mc2024_track2-random_083_103,0.0
mc2024_track2-random_083_104,0.0
mc2024_track2-random_083_200,0.0
mc2024_track2-random_083_201,0.0
mc2024_track2-random_083_202,0.0
mc2024_track2-random_083_203,0.0
mc2024_track2-random_083_204,0.0
mc2024_track2-random_083_300,0.0
mc2024_track2-random_083_301,0.0
mc2024_track2-random_083_302,0.0
mc2024_track2-random_083_303,0.0
mc2024_track2-random_083_304,0.0
mc2024_track2-random_083_400,0.0
mc2024_track2-random_083_401,0.0
mc2024_track2-random_083_402,0.0
mc2024_track2-random_083_403,0.0
mc2024_track2-random_083_404,0.0
mc2024_track2-random_083_500,0.0
mc2024_track2-random_083_501,0.0
mc2024_track2-random_083_502,0.0
mc2024_track2-random_083_503,0.0
mc2024_track2-random_083_504,0.0
mc2024_track2-random_084_100,0.0
mc2024_track2-random_084_101,0.0
mc2024_track2-random_084_102,0.0
mc2024_track2-random_084_103,0.0
mc2024_track2-random_084_104,0.0
mc2024_track2-random_084_200,0.0
mc2024_track2-random_084_201,0.0
mc2024_track2-random_084_202,0.0
mc2024_track2-random_084_203,0.0
mc2024_track2-random_084_204,0.0
mc2024_track2-random_084_300,0.0
mc2024_track2-random_084_301,0.0
mc2024_track2-random_084_302,0.0
mc2024_track2-random_084_303,0.0
mc2024_track2-random_084_304,0.0
mc2024_track2-random_084_400,0.0
mc2024_track2-random_084_401,0.0
mc2024_track2-random_084_402,0.0
mc2024_track2-random_084_403,0.0
mc2024_track2-random_084_404,0.0
mc2024_track2-random_084_500,0.0
mc2024_track2-random_084_501,0.0
mc2024_track2-random_084_502,0.0
mc2024_track2-random_084_503,0.0
mc2024_track2-random_084_504,0.0
mc2024_track2-random_085_100,0.0
mc2024_track2-random_085_101,0.0
mc2024_track2-random_085_102,0.0
mc2024_track2-random_085_103,0.0
mc2024_track2-random_085_104,0.0
mc2024_track2-random_085_200,0.0
mc2024_track2-random_085_201,0.0
mc2024_track2-random_085_202,0.0
mc2024_track2-random_085_203,0.0
mc2024_track2-random_085_204,0.0
mc2024_track2-random_085_300,0.0
mc2024_track2-random_085_301,0.0
mc2024_track2-random_085_302,0.0
mc2024_track2-random_085_303,0.0
mc2024_track2-random_085_304,0.0
mc2024_track2-random_085_400,0.0
mc2024_track2-random_085_401,0.0
mc2024_track2-random_085_402,0.0
mc2024_track2-random_085_403,0.0
mc2024_track2-random_085_404,0.0
mc2024_track2-random_085_500,0.0
mc2024_track2-random_085_501,0.0
mc2024_track2-random_085_502,0.0
mc2024_track2-random_085_503,0.0
mc2024_track2-random_085_504,0.0
mc2024_track2-random_086_100,0.0
mc2024_track2-random_086_101,0.0
mc2024_track2-random_086_102,0.0
mc2024_track2-random_086_103,0.0
mc2024_track2-random_086_104,0.0
mc2024_track2-random_086_200,0.0
mc2024_track2-random_086_201,0.0
mc2024_track2-random_086_202,0.0
mc2024_track2-random_086_203,0.0
mc2024_track2-random_086_204,0.0
mc2024_track2-random_086_300,0.0
mc2024_track2-random_086_301,0.0
mc2024_track2-random_086_302,0.0
mc2024_track2-random_086_303,0.0
mc2024_track2-random_086_304,0.0
mc2024_track2-random_086_400,0.0
mc2024_track2-random_086_401,0.0
mc2024_track2-random_086_402,0.0
mc2024_track2-random_086_403,0.0
mc2024_track2-random_086_404,0.0
mc2024_track2-random_086_500,0.0
mc2024_track2-random_086_501,0.0
mc2024_track2-random_086_502,0.0
mc2024_track2-random_086_503,0.0
mc2024_track2-random_086_504,0.0
mc2024_track2-random_087_100,0.03
mc2024_track2-random_087_101,0.03
mc2024_track2-random_087_102,0.029
mc2024_track2-random_087_103,0.031
mc2024_track2-random_087_104,0.029
mc2024_track2-random_087_200,0.03
mc2024_track2-random_087_201,0.031
mc2024_track2-random_087_202,0.03
mc2024_track2-random_087_203,0.03
mc2024_track2-random_087_204,0.031
mc2024_track2-random_087_300,0.03
mc2024_track2-random_087_301,0.03
mc2024_track2-random_087_302,0.031
mc2024_track2-random_087_303,0.03
mc2024_track2-random_087_304,0.03
mc2024_track2-random_087_400,0.031
mc2024_track2-random_087_401,0.03
mc2024_track2-random_087_402,0.03
mc2024_track2-random_087_403,0.03
mc2024_track2-random_087_404,0.03
mc2024_track2-random_087_500,0.03
mc2024_track2-random_087_501,0.03
mc2024_track2-random_087_502,0.03
mc2024_track2-random_087_503,0.03
mc2024_track2-random_087_504,0.03
mc2024_track2-random_090_100,0.002
mc2024_track2-random_090_101,0.002
mc2024_track2-random_090_102,0.002
mc2024_track2-random_090_103,0.002
mc2024_track2-random_090_104,0.002
mc2024_track2-random_090_200,0.002
mc2024_track2-random_090_201,0.002
mc2024_track2-random_090_202,0.002
mc2024_track2-random_090_203,0.002
mc2024_track2-random_090_204,0.002
mc2024_track2-random_090_300,0.002
mc2024_track2-random_090_301,0.002
mc2024_track2-random_090_302,0.002
mc2024_track2-random_090_303,0.002
mc2024_track2-random_090_304,0.002
mc2024_track2-random_090_400,0.002
mc2024_track2-random_090_401,0.002
mc2024_track2-random_090_402,0.002
mc2024_track2-random_090_403,0.002
mc2024_track2-random_090_404,0.002
mc2024_track2-random_090_500,0.002
mc2024_track2-random_090_501,0.002
mc2024_track2-random_090_502,0.002
mc2024_track2-random_090_503,0.002
mc2024_track2-random_090_504,0.002
mc2024_track2-random_091_100,0.029
mc2024_track2-random_091_101,0.029
mc2024_track2-random_091_102,0.029
mc2024_track2-random_091_103,0.029
mc2024_track2-random_091_104,0.029
mc2024_track2-random_091_200,0.03
mc2024_track2-random_091_201,0.03
mc2024_track2-random_091_202,0.029
mc2024_track2-random_091_203,0.029
mc2024_track2-random_091_204,0.029
mc2024_track2-random_091_300,0.03
mc2024_track2-random_091_301,0.029
mc2024_track2-random_091_302,0.029
mc2024_track2-random_091_303,0.03
mc2024_track2-random_091_304,0.03
mc2024_track2-random_091_400,0.03
mc2024_track2-random_091_401,0.029
mc2024_track2-random_091_402,0.03
mc2024_track2-random_091_403,0.03
mc2024_track2-random_091_404,0.03
mc2024_track2-random_091_500,0.03
mc2024_track2-random_091_501,0.029
mc2024_track2-random_091_502,0.029
mc2024_track2-random_091_503,0.029
mc2024_track2-random_091_504,0.03
mc2024_track2-random_092_100,0.007
mc2024_track2-random_092_101,0.007
mc2024_track2-random_092_102,0.007
mc2024_track2-random_092_103,0.007
mc2024_track2-random_092_104,0.007
mc2024_track2-random_092_200,0.007
mc2024_track2-random_092_201,0.007
mc2024_track2-random_092_202,0.008
mc2024_track2-random_092_203,0.007
mc2024_track2-random_092_204,0.007
mc2024_track2-random_092_300,0.007
mc2024_track2-random_092_301,0.008
mc2024_track2-random_092_302,0.008
mc2024_track2-random_092_303,0.008
mc2024_track2-random_092_304,0.008
mc2024_track2-random_092_400,0.008
mc2024_track2-random_092_401,0.008
mc2024_track2-random_092_402,0.008
mc2024_track2-random_092_403,0.008
mc2024_track2-random_092_404,0.008
mc2024_track2-random_092_500,0.007
mc2024_track2-random_092_501,0.008
mc2024_track2-random_092_502,0.007
mc2024_track2-random_092_503,0.008
mc2024_track2-random_092_504,0.008
mc2024_track2-random_093_100,0.11
mc2024_track2-random_093_101,0.11
mc2024_track2-random_093_102,0.111
mc2024_track2-random_093_103,0.111
mc2024_track2-random_093_104,0.113
mc2024_track2-random_093_200,0.117
mc2024_track2-random_093_201,0.116
mc2024_track2-random_093_202,0.113
mc2024_track2-random_093_203,0.114
mc2024_track2-random_093_204,0.117
mc2024_track2-random_093_300,0.114
mc2024_track2-random_093_301,0.115
mc2024_track2-random_093_302,0.114
mc2024_track2-random_093_303,0.115
mc2024_track2-random_093_304,0.115
mc2024_track2-random_093_400,0.115
mc2024_track2-random_093_401,0.114
mc2024_track2-random_093_402,0.115
mc2024_track2-random_093_403,0.114
mc2024_track2-random_093_404,0.115
mc2024_track2-random_093_500,0.115
mc2024_track2-random_093_501,0.118
mc2024_track2-random_093_502,0.114
mc2024_track2-random_093_503,0.114
mc2024_track2-random_093_504,0.114
mc2024_track2-random_094_100,0.026
mc2024_track2-random_094_101,0.025
mc2024_track2-random_094_102,0.024
mc2024_track2-random_094_103,0.028
mc2024_track2-random_094_104,0.025
mc2024_track2-random_094_200,0.051
mc2024_track2-random_094_201,0.049
mc2024_track2-random_094_202,0.049
mc2024_track2-random_094_203,0.049
mc2024_track2-random_094_204,0.05
mc2024_track2-random_094_300,0.051
mc2024_track2-random_094_301,0.052
mc2024_track2-random_094_302,0.05
mc2024_track2-random_094_303,0.05
mc2024_track2-random_094_304,0.051
mc2024_track2-random_094_400,0.049
mc2024_track2-random_094_401,0.047
mc2024_track2-random_094_402,0.048
mc2024_track2-random_094_403,0.051
mc2024_track2-random_094_404,0.047
mc2024_track2-random_094_500,0.051
mc2024_track2-random_094_501,0.05
mc2024_track2-random_094_502,0.049
mc2024_track2-random_094_503,0.051
mc2024_track2-random_094_504,0.049
mc2024_track2-random_095_100,0.031
mc2024_track2-random_095_101,0.031
mc2024_track2-random_095_102,0.031
mc2024_track2-random_095_103,0.035
mc2024_track2-random_095_104,0.033
mc2024_track2-random_095_200,0.067
mc2024_track2-random_095_201,0.067
mc2024_track2-random_095_202,0.064
mc2024_track2-random_095_203,0.067
mc2024_track2-random_095_204,0.067
mc2024_track2-random_095_300,0.066
mc2024_track2-random_095_301,0.064
mc2024_track2-random_095_302,0.066
mc2024_track2-random_095_303,0.068
mc2024_track2-random_095_304,0.068
mc2024_track2-random_095_400,0.066
mc2024_track2-random_095_401,0.062
mc2024_track2-random_095_402,0.064
mc2024_track2-random_095_403,0.067
mc2024_track2-random_095_404,0.062
mc2024_track2-random_095_500,0.063
mc2024_track2-random_095_501,0.066
mc2024_track2-random_095_502,0.065
mc2024_track2-random_095_503,0.064
mc2024_track2-random_095_504,0.068
mc2024_track2-random_096_100,0.081
mc2024_track2-random_096_101,0.081
mc2024_track2-random_096_102,0.086
mc2024_track2-random_096_103,0.086
mc2024_track2-random_096_104,0.086
mc2024_track2-random_096_200,0.123
mc2024_track2-random_096_201,0.149
mc2024_track2-random_096_202,0.129
mc2024_track2-random_096_203,0.141
mc2024_track2-random_096_204,0.143
mc2024_track2-random_096_300,0.129
mc2024_track2-random_096_301,0.133
mc2024_track2-random_096_302,0.126
mc2024_track2-random_096_303,0.129
mc2024_track2-random_096_304,0.128
mc2024_track2-random_096_400,0.128
mc2024_track2-random_096_401,0.128
mc2024_track2-random_096_402,0.128
mc2024_track2-random_096_403,0.125
mc2024_track2-random_096_404,0.127
mc2024_track2-random_096_500,0.132
mc2024_track2-random_096_501,0.125
mc2024_track2-random_096_502,0.13
mc2024_track2-random_096_503,0.127
mc2024_track2-random_096_504,0.125
mc2024_track2-random_099_100,25.694
mc2024_track2-random_099_101,25.504
mc2024_track2-random_099_102,25.763
mc2024_track2-random_099_103,25.746
mc2024_track2-random_099_104,25.708
mc2024_track2-random_099_200,25.709
mc2024_track2-random_099_201,26.237
mc2024_track2-random_099_202,25.611
mc2024_track2-random_099_203,25.633
mc2024_track2-random_099_204,25.782
mc2024_track2-random_099_300,26.318
mc2024_track2-random_099_301,26.637
mc2024_track2-random_099_302,26.543
mc2024_track2-random_099_303,26.437
mc2024_track2-random_099_304,26.483
mc2024_track2-random_099_400,26.371
mc2024_track2-random_099_401,26.328
mc2024_track2-random_099_402,26.736
mc2024_track2-random_099_403,26.479
mc2024_track2-random_099_404,26.477
mc2024_track2-random_099_500,26.368
mc2024_track2-random_099_501,25.823
mc2024_track2-random_099_502,26.368
mc2024_track2-random_099_503,25.917
mc2024_track2-random_099_504,26.585
mc2024_track2-random_101_100,3.195
mc2024_track2-random_101_101,3.233
mc2024_track2-random_101_102,3.284
mc2024_track2-random_101_103,3.266
mc2024_track2-random_101_104,3.254
mc2024_track2-random_101_200,3.335
mc2024_track2-random_101_201,3.345
mc2024_track2-random_101_202,3.257
mc2024_track2-random_101_203,3.268
mc2024_track2-random_101_204,3.241
mc2024_track2-random_101_300,3.306
mc2024_track2-random_101_301,3.364
mc2024_track2-random_101_302,3.308
mc2024_track2-random_101_303,3.322
mc2024_track2-random_101_304,3.302
mc2024_track2-random_101_400,3.285
mc2024_track2-random_101_401,3.295
mc2024_track2-random_101_402,3.287
mc2024_track2-random_101_403,3.28
mc2024_track2-random_101_404,3.293
mc2024_track2-random_101_500,3.349
mc2024_track2-random_101_501,3.292
mc2024_track2-random_101_502,3.279
mc2024_track2-random_101_503,3.262
mc2024_track2-random_101_504,3.391
mc2024_track2-random_110_100,1.117
mc2024_track2-random_110_101,1.115
mc2024_track2-random_110_102,1.123
mc2024_track2-random_110_103,1.115
mc2024_track2-random_110_104,1.113
mc2024_track2-random_110_200,1.129
mc2024_track2-random_110_201,1.167
mc2024_track2-random_110_202,1.137
mc2024_track2-random_110_203,1.145
mc2024_track2-random_110_204,1.149
mc2024_track2-random_110_300,1.134
mc2024_track2-random_110_301,1.15
mc2024_track2-random_110_302,1.155
mc2024_track2-random_110_303,1.153
mc2024_track2-random_110_304,1.151
mc2024_track2-random_110_400,1.15
mc2024_track2-random_110_401,1.157
mc2024_track2-random_110_402,1.15
mc2024_track2-random_110_403,1.135
mc2024_track2-random_110_404,1.145
mc2024_track2-random_110_500,1.13
mc2024_track2-random_110_501,1.141
mc2024_track2-random_110_502,1.136
mc2024_track2-random_110_503,1.133
mc2024_track2-random_110_504,1.13
mc2024_track2-random_111_100,6.0
mc2024_track2-random_111_101,6.084
mc2024_track2-random_111_102,6.017
mc2024_track2-random_111_103,6.023
mc2024_track2-random_111_104,6.071
mc2024_track2-random_111_200,6.082
mc2024_track2-random_111_201,6.087
mc2024_track2-random_111_202,6.137
mc2024_track2-random_111_203,6.067
mc2024_track2-random_111_204,5.977
mc2024_track2-random_111_300,6.061
mc2024_track2-random_111_301,6.104
mc2024_track2-random_111_302,6.15
mc2024_track2-random_111_303,6.069
mc2024_track2-random_111_304,5.965
mc2024_track2-random_111_400,5.971
mc2024_track2-random_111_401,6.0
mc2024_track2-random_111_402,6.14
mc2024_track2-random_111_403,6.023
mc2024_track2-random_111_404,6.107
mc2024_track2-random_111_500,6.123
mc2024_track2-random_111_501,6.136
mc2024_track2-random_111_502,6.072
mc2024_track2-random_111_503,6.003
mc2024_track2-random_111_504,5.977
mc2024_track2-random_113_100,10.363
mc2024_track2-random_113_101,10.404
mc2024_track2-random_113_102,10.448
mc2024_track2-random_113_103,10.556
mc2024_track2-random_113_104,10.474
mc2024_track2-random_113_200,10.338
mc2024_track2-random_113_201,10.478
mc2024_track2-random_113_202,10.409
mc2024_track2-random_113_203,10.369
mc2024_track2-random_113_204,10.544
mc2024_track2-random_113_300,10.448
mc2024_track2-random_113_301,10.365
mc2024_track2-random_113_302,10.407
mc2024_track2-random_113_303,10.434
mc2024_track2-random_113_304,10.364
mc2024_track2-random_113_400,10.303
mc2024_track2-random_113_401,10.397
mc2024_track2-random_113_402,10.417
mc2024_track2-random_113_403,10.409
mc2024_track2-random_113_404,10.443
mc2024_track2-random_113_500,10.502
mc2024_track2-random_113_501,10.275
mc2024_track2-random_113_502,10.266
mc2024_track2-random_113_503,10.496
mc2024_track2-random_113_504,10.463
mc2024_track2-random_114_100,10.574
mc2024_track2-random_114_101,10.479
mc2024_track2-random_114_102,10.655
mc2024_track2-random_114_103,10.63
mc2024_track2-random_114_104,10.654
mc2024_track2-random_114_200,10.704
mc2024_track2-random_114_201,10.672
mc2024_track2-random_114_202,10.715
mc2024_track2-random_114_203,10.665
mc2024_track2-random_114_204,10.679
mc2024_track2-random_114_300,10.542
mc2024_track2-random_114_301,10.621
mc2024_track2-random_114_302,10.654
mc2024_track2-random_114_303,10.723
mc2024_track2-random_114_304,10.589
mc2024_track2-random_114_400,10.809
mc2024_track2-random_114_401,10.665
mc2024_track2-random_114_402,10.658
mc2024_track2-random_114_403,10.573
mc2024_track2-random_114_404,10.498
mc2024_track2-random_114_500,10.574
mc2024_track2-random_114_501,10.636
mc2024_track2-random_114_502,10.551
mc2024_track2-random_114_503,10.49
mc2024_track2-random_114_504,10.522
mc2024_track2-random_115_100,0.844
mc2024_track2-random_115_101,0.862
mc2024_track2-random_115_102,0.866
mc2024_track2-random_115_103,0.848
mc2024_track2-random_115_104,0.838
mc2024_track2-random_115_200,0.848
mc2024_track2-random_115_201,0.849
mc2024_track2-random_115_202,0.853
mc2024_track2-random_115_203,0.847
mc2024_track2-random_115_204,0.848
mc2024_track2-random_115_300,0.864
mc2024_track2-random_115_301,0.855
mc2024_track2-random_115_302,0.849
mc2024_track2-random_115_303,0.866
mc2024_track2-random_115_304,0.861
mc2024_track2-random_115_400,0.85
mc2024_track2-random_115_401,0.867
mc2024_track2-random_115_402,0.864
mc2024_track2-random_115_403,0.858
mc2024_track2-random_115_404,0.86
mc2024_track2-random_115_500,0.863
mc2024_track2-random_115_501,0.865
mc2024_track2-random_115_502,0.862
mc2024_track2-random_115_503,0.862
mc2024_track2-random_115_504,0.869
mc2024_track2-random_116_100,0.149
mc2024_track2-random_116_101,0.148
mc2024_track2-random_116_102,0.148
mc2024_track2-random_116_103,0.153
mc2024_track2-random_116_104,0.149
mc2024_track2-random_116_200,0.174
mc2024_track2-random_116_201,0.172
mc2024_track2-random_116_202,0.169
mc2024_track2-random_116_203,0.17
mc2024_track2-random_116_204,0.169
mc2024_track2-random_116_300,0.171
mc2024_track2-random_116_301,0.172
mc2024_track2-random_116_302,0.171
mc2024_track2-random_116_303,0.169
mc2024_track2-random_116_304,0.171
mc2024_track2-random_116_400,0.168
mc2024_track2-random_116_401,0.167
mc2024_track2-random_116_402,0.169
mc2024_track2-random_116_403,0.169
mc2024_track2-random_116_404,0.175
mc2024_track2-random_116_500,0.173
mc2024_track2-random_116_501,0.169
mc2024_track2-random_116_502,0.173
mc2024_track2-random_116_503,0.168
mc2024_track2-random_116_504,0.17
mc2024_track2-random_118_100,63.559
mc2024_track2-random_118_101,63.599
mc2024_track2-random_118_102,63.678
mc2024_track2-random_118_103,63.939
mc2024_track2-random_118_104,63.505
mc2024_track2-random_118_200,63.632
mc2024_track2-random_118_201,64.286
mc2024_track2-random_118_202,64.061
mc2024_track2-random_118_203,63.924
mc2024_track2-random_118_204,64.136
mc2024_track2-random_118_300,63.936
mc2024_track2-random_118_301,63.46
mc2024_track2-random_118_302,63.756
mc2024_track2-random_118_303,63.937
mc2024_track2-random_118_304,63.708
mc2024_track2-random_118_400,63.733
mc2024_track2-random_118_401,64.273
mc2024_track2-random_118_402,63.81
mc2024_track2-random_118_403,63.183
mc2024_track2-random_118_404,63.907
mc2024_track2-random_118_500,63.781
mc2024_track2-random_118_501,63.892
mc2024_track2-random_118_502,63.714
mc2024_track2-random_118_503,63.582
mc2024_track2-random_118_504,63.895
mc2024_track2-random_122_100,5.652
mc2024_track2-random_122_101,5.616
mc2024_track2-random_122_102,5.665
mc2024_track2-random_122_103,5.672
mc2024_track2-random_122_104,5.66
mc2024_track2-random_122_200,5.962
mc2024_track2-random_122_201,5.871
mc2024_track2-random_122_202,5.941
mc2024_track2-random_122_203,5.886
mc2024_track2-random_122_204,5.848
mc2024_track2-random_122_300,5.9
mc2024_track2-random_122_301,5.893
mc2024_track2-random_122_302,5.861
mc2024_track2-random_122_303,5.854
mc2024_track2-random_122_304,6.001
mc2024_track2-random_122_400,5.855
mc2024_track2-random_122_401,5.922
mc2024_track2-random_122_402,5.9
mc2024_track2-random_122_403,5.87
mc2024_track2-random_122_404,5.831
mc2024_track2-random_122_500,5.872
mc2024_track2-random_122_501,6.001
mc2024_track2-random_122_502,5.828
mc2024_track2-random_122_503,5.827
mc2024_track2-random_122_504,5.848
mc2024_track2-random_123_100,0.062
mc2024_track2-random_123_101,0.062
mc2024_track2-random_123_102,0.06
mc2024_track2-random_123_103,0.06
mc2024_track2-random_123_104,0.06
mc2024_track2-random_123_200,0.062
mc2024_track2-random_123_201,0.061
mc2024_track2-random_123_202,0.065
mc2024_track2-random_123_203,0.062
mc2024_track2-random_123_204,0.062
mc2024_track2-random_123_300,0.063
mc2024_track2-random_123_301,0.062
mc2024_track2-random_123_302,0.063
mc2024_track2-random_123_303,0.062
mc2024_track2-random_123_304,0.062
mc2024_track2-random_123_400,0.064
mc2024_track2-random_123_401,0.063
mc2024_track2-random_123_402,0.062
mc2024_track2-random_123_403,0.065
mc2024_track2-random_123_404,0.062
mc2024_track2-random_123_500,0.062
mc2024_track2-random_123_501,0.066
mc2024_track2-random_123_502,0.062
mc2024_track2-random_123_503,0.063
mc2024_track2-random_123_504,0.064
mc2024_track2-random_124_100,0.025
mc2024_track2-random_124_101,0.025
mc2024_track2-random_124_102,0.025
mc2024_track2-random_124_103,0.025
mc2024_track2-random_124_104,0.025
mc2024_track2-random_124_200,0.026
mc2024_track2-random_124_201,0.026
mc2024_track2-random_124_202,0.026
mc2024_track2-random_124_203,0.026
mc2024_track2-random_124_204,0.026
mc2024_track2-random_124_300,0.026
mc2024_track2-random_124_301,0.026
mc2024_track2-random_124_302,0.026
mc2024_track2-random_124_303,0.027
mc2024_track2-random_124_304,0.026
mc2024_track2-random_124_400,0.026
mc2024_track2-random_124_401,0.026
mc2024_track2-random_124_402,0.026
mc2024_track2-random_124_403,0.026
mc2024_track2-random_124_404,0.026
mc2024_track2-random_124_500,0.026
mc2024_track2-random_124_501,0.027
mc2024_track2-random_124_502,0.026
mc2024_track2-random_124_503,0.026
mc2024_track2-random_124_504,0.026
mc2024_track2-random_125_100,0.404
mc2024_track2-random_125_101,0.398
mc2024_track2-random_125_102,0.401
mc2024_track2-random_125_103,0.396
mc2024_track2-random_125_104,0.39
mc2024_track2-random_125_200,0.398
mc2024_track2-random_125_201,0.397
mc2024_track2-random_125_202,0.397
mc2024_track2-random_125_203,0.397
mc2024_track2-random_125_204,0.4
mc2024_track2-random_125_300,0.395
mc2024_track2-random_125_301,0.397
mc2024_track2-random_125_302,0.396
mc2024_track2-random_125_303,0.397
mc2024_track2-random_125_304,0.398
mc2024_track2-random_125_400,0.398
mc2024_track2-random_125_401,0.396
mc2024_track2-random_125_402,0.395
mc2024_track2-random_125_403,0.395
mc2024_track2-random_125_404,0.397
mc2024_track2-random_125_500,0.397
mc2024_track2-random_125_501,0.397
mc2024_track2-random_125_502,0.396
mc2024_track2-random_125_503,0.398
mc2024_track2-random_125_504,0.399
mc2024_track2-random_128_100,0.126
mc2024_track2-random_128_101,0.126
mc2024_track2-random_128_102,0.132
mc2024_track2-random_128_103,0.126
mc2024_track2-random_128_104,0.127
mc2024_track2-random_128_200,0.131
mc2024_track2-random_128_201,0.132
mc2024_track2-random_128_202,0.129
mc2024_track2-random_128_203,0.129
mc2024_track2-random_128_204,0.129
mc2024_track2-random_128_300,0.131
mc2024_track2-random_128_301,0.131
mc2024_track2-random_128_302,0.131
mc2024_track2-random_128_303,0.13
mc2024_track2-random_128_304,0.13
mc2024_track2-random_128_400,0.131
mc2024_track2-random_128_401,0.13
mc2024_track2-random_128_402,0.131
mc2024_track2-random_128_403,0.132
mc2024_track2-random_128_404,0.129
mc2024_track2-random_128_500,0.13
mc2024_track2-random_128_501,0.134
mc2024_track2-random_128_502,0.129
mc2024_track2-random_128_503,0.129
mc2024_track2-random_128_504,0.13
mc2024_track2-random_129_100,0.398
mc2024_track2-random_129_101,0.397
mc2024_track2-random_129_102,0.399
mc2024_track2-random_129_103,0.397
mc2024_track2-random_129_104,0.397
mc2024_track2-random_129_200,0.403
mc2024_track2-random_129_201,0.407
mc2024_track2-random_129_202,0.409
mc2024_track2-random_129_203,0.409
mc2024_track2-random_129_204,0.406
mc2024_track2-random_129_300,0.417
mc2024_track2-random_129_301,0.407
mc2024_track2-random_129_302,0.407
mc2024_track2-random_129_303,0.407
mc2024_track2-random_129_304,0.415
mc2024_track2-random_129_400,0.407
mc2024_track2-random_129_401,0.404
mc2024_track2-random_129_402,0.407
mc2024_track2-random_129_403,0.409
mc2024_track2-random_129_404,0.407
mc2024_track2-random_129_500,0.408
mc2024_track2-random_129_501,0.405
mc2024_track2-random_129_502,0.407
mc2024_track2-random_129_503,0.422
mc2024_track2-random_129_504,0.416
mc2024_track2-random_144_100,9.798
mc2024_track2-random_144_101,9.728
mc2024_track2-random_144_102,9.718
mc2024_track2-random_144_103,9.825
mc2024_track2-random_144_104,9.793
mc2024_track2-random_144_200,9.75
mc2024_track2-random_144_201,9.758
mc2024_track2-random_144_202,9.843
mc2024_track2-random_144_203,9.734
mc2024_track2-random_144_204,9.867
mc2024_track2-random_144_300,9.765
mc2024_track2-random_144_301,9.713
mc2024_track2-random_144_302,9.798
mc2024_track2-random_144_303,9.834
mc2024_track2-random_144_304,9.82
mc2024_track2-random_144_400,9.72
mc2024_track2-random_144_401,9.769
mc2024_track2-random_144_402,9.777
mc2024_track2-random_144_403,9.77
mc2024_track2-random_144_404,9.738
mc2024_track2-random_144_500,9.765
mc2024_track2-random_144_501,9.747
mc2024_track2-random_144_502,9.736
mc2024_track2-random_144_503,9.745
mc2024_track2-random_144_504,9.738
mc2024_track2-random_145_100,0.508
mc2024_track2-random_145_101,0.512
mc2024_track2-random_145_102,0.511
mc2024_track2-random_145_103,0.51
mc2024_track2-random_145_104,0.515
mc2024_track2-random_145_200,0.511
mc2024_track2-random_145_201,0.51
mc2024_track2-random_145_202,0.509
mc2024_track2-random_145_203,0.51
mc2024_track2-random_145_204,0.509
mc2024_track2-random_145_300,0.507
mc2024_track2-random_145_301,0.507
mc2024_track2-random_145_302,0.509
mc2024_track2-random_145_303,0.507
mc2024_track2-random_145_304,0.512
mc2024_track2-random_145_400,0.51
mc2024_track2-random_145_401,0.513
mc2024_track2-random_145_402,0.513
mc2024_track2-random_145_403,0.511
mc2024_track2-random_145_404,0.509
mc2024_track2-random_145_500,0.509
mc2024_track2-random_145_501,0.508
mc2024_track2-random_145_502,0.51
mc2024_track2-random_145_503,0.508
mc2024_track2-random_145_504,0.508
mc2024_track2-random_146_100,0.417
mc2024_track2-random_146_101,0.424
mc2024_track2-random_146_102,0.418
mc2024_track2-random_146_103,0.425
mc2024_track2-random_146_104,0.423
mc2024_track2-random_146_200,0.42
mc2024_track2-random_146_201,0.42
mc2024_track2-random_146_202,0.418
mc2024_track2-random_146_203,0.42
mc2024_track2-random_146_204,0.42
mc2024_track2-random_146_300,0.421
mc2024_track2-random_146_301,0.425
mc2024_track2-random_146_302,0.423
mc2024_track2-random_146_303,0.422
mc2024_track2-random_146_304,0.426
mc2024_track2-random_146_400,0.425
mc2024_track2-random_146_401,0.419
mc2024_track2-random_146_402,0.421
mc2024_track2-random_146_403,0.419
mc2024_track2-random_146_404,0.42
mc2024_track2-random_146_500,0.42
mc2024_track2-random_146_501,0.419
mc2024_track2-random_146_502,0.428
mc2024_track2-random_146_503,0.421
mc2024_track2-random_146_504,0.418
mc2024_track2-random_147_100,5.045
mc2024_track2-random_147_101,5.055
mc2024_track2-random_147_102,4.999
mc2024_track2-random_147_103,4.987
mc2024_track2-random_147_104,4.971
mc2024_track2-random_147_200,4.994
mc2024_track2-random_147_201,4.98
mc2024_track2-random_147_202,4.992
mc2024_track2-random_147_203,4.974
mc2024_track2-random_147_204,4.981
mc2024_track2-random_147_300,5.036
mc2024_track2-random_147_301,4.983
mc2024_track2-random_147_302,5.023
mc2024_track2-random_147_303,4.983
mc2024_track2-random_147_304,4.999
mc2024_track2-random_147_400,5.065
mc2024_track2-random_147_401,5.061
mc2024_track2-random_147_402,5.06
mc2024_track2-random_147_403,4.995
mc2024_track2-random_147_404,5.011
mc2024_track2-random_147_500,5.001
mc2024_track2-random_147_501,5.045
mc2024_track2-random_147_502,4.982
mc2024_track2-random_147_503,4.997
mc2024_track2-random_147_504,4.963
mc2024_track2-random_148_100,2.601
mc2024_track2-random_148_101,2.612
mc2024_track2-random_148_102,2.585
mc2024_track2-random_148_103,2.584
mc2024_track2-random_148_104,2.611
mc2024_track2-random_148_200,2.596
mc2024_track2-random_148_201,2.581
mc2024_track2-random_148_202,2.59
mc2024_track2-random_148_203,2.574
mc2024_track2-random_148_204,2.571
mc2024_track2-random_148_300,2.585
mc2024_track2-random_148_301,2.589
mc2024_track2-random_148_302,2.564
mc2024_track2-random_148_303,2.571
mc2024_track2-random_148_304,2.582
mc2024_track2-random_148_400,2.572
mc2024_track2-random_148_401,2.573
mc2024_track2-random_148_402,2.568
mc2024_track2-random_148_403,2.582
mc2024_track2-random_148_404,2.585
mc2024_track2-random_148_500,2.584
mc2024_track2-random_148_501,2.586
mc2024_track2-random_148_502,2.632
mc2024_track2-random_148_503,2.574
mc2024_track2-random_148_504,2.576
mc2024_track2-random_156_100,1.514
mc2024_track2-random_156_101,1.515
mc2024_track2-random_156_102,1.511
mc2024_track2-random_156_103,1.509
mc2024_track2-random_156_104,1.506
mc2024_track2-random_156_200,1.515
mc2024_track2-random_156_201,1.508
mc2024_track2-random_156_202,1.512
mc2024_track2-random_156_203,1.511
mc2024_track2-random_156_204,1.509
mc2024_track2-random_156_300,1.521
mc2024_track2-random_156_301,1.525
mc2024_track2-random_156_302,1.522
mc2024_track2-random_156_303,1.513
mc2024_track2-random_156_304,1.516
mc2024_track2-random_156_400,1.524
mc2024_track2-random_156_401,1.525
mc2024_track2-random_156_402,1.511
mc2024_track2-random_156_403,1.527
mc2024_track2-random_156_404,1.525
mc2024_track2-random_156_500,1.521
mc2024_track2-random_156_501,1.52
mc2024_track2-random_156_502,1.53
mc2024_track2-random_156_503,1.536
mc2024_track2-random_156_504,1.538
mc2024_track2-random_164_100,0.285
mc2024_track2-random_164_101,0.276
mc2024_track2-random_164_102,0.275
mc2024_track2-random_164_103,0.277
mc2024_track2-random_164_104,0.279
mc2024_track2-random_164_200,0.278
mc2024_track2-random_164_201,0.279
mc2024_track2-random_164_202,0.279
mc2024_track2-random_164_203,0.283
mc2024_track2-random_164_204,0.278
mc2024_track2-random_164_300,0.278
mc2024_track2-random_164_301,0.28
mc2024_track2-random_164_302,0.281
mc2024_track2-random_164_303,0.28
mc2024_track2-random_164_304,0.279
mc2024_track2-random_164_400,0.277
mc2024_track2-random_164_401,0.279
mc2024_track2-random_164_402,0.279
mc2024_track2-random_164_403,0.28
mc2024_track2-random_164_404,0.279
mc2024_track2-random_164_500,0.281
mc2024_track2-random_164_501,0.279
mc2024_track2-random_164_502,0.28
mc2024_track2-random_164_503,0.283
mc2024_track2-random_164_504,0.28
mc2024_track2-random_165_100,0.284
mc2024_track2-random_165_101,0.282
mc2024_track2-random_165_102,0.282
mc2024_track2-random_165_103,0.282
mc2024_track2-random_165_104,0.292
mc2024_track2-random_165_200,0.286
mc2024_track2-random_165_201,0.283
mc2024_track2-random_165_202,0.282
mc2024_track2-random_165_203,0.282
mc2024_track2-random_165_204,0.282
mc2024_track2-random_165_300,0.29
mc2024_track2-random_165_301,0.284
mc2024_track2-random_165_302,0.285
mc2024_track2-random_165_303,0.284
mc2024_track2-random_165_304,0.281
mc2024_track2-random_165_400,0.286
mc2024_track2-random_165_401,0.285
mc2024_track2-random_165_402,0.285
mc2024_track2-random_165_403,0.285
mc2024_track2-random_165_404,0.287
mc2024_track2-random_165_500,0.283
mc2024_track2-random_165_501,0.285
mc2024_track2-random_165_502,0.284
mc2024_track2-random_165_503,0.285
mc2024_track2-random_165_504,0.286
mc2024_track2-random_166_100,0.722
mc2024_track2-random_166_101,0.727
mc2024_track2-random_166_102,0.724
mc2024_track2-random_166_103,0.722
mc2024_track2-random_166_104,0.723
mc2024_track2-random_166_200,0.729
mc2024_track2-random_166_201,0.733
mc2024_track2-random_166_202,0.728
mc2024_track2-random_166_203,0.731
mc2024_track2-random_166_204,0.733
mc2024_track2-random_166_300,0.729
mc2024_track2-random_166_301,0.733
mc2024_track2-random_166_302,0.728
mc2024_track2-random_166_303,0.736
mc2024_track2-random_166_304,0.764
mc2024_track2-random_166_400,0.744
mc2024_track2-random_166_401,0.732
mc2024_track2-random_166_402,0.734
mc2024_track2-random_166_403,0.734
mc2024_track2-random_166_404,0.738
mc2024_track2-random_166_500,0.73
mc2024_track2-random_166_501,0.738
mc2024_track2-random_166_502,0.732
mc2024_track2-random_166_503,0.733
mc2024_track2-random_166_504,0.746
mc2024_track2-random_168_100,0.736
mc2024_track2-random_168_101,0.737
mc2024_track2-random_168_102,0.739
mc2024_track2-random_168_103,0.746
mc2024_track2-random_168_104,0.749
mc2024_track2-random_168_200,0.732
mc2024_track2-random_168_201,0.733
mc2024_track2-random_168_202,0.733
mc2024_track2-random_168_203,0.732
mc2024_track2-random_168_204,0.733
mc2024_track2-random_168_300,0.738
mc2024_track2-random_168_301,0.736
mc2024_track2-random_168_302,0.736
mc2024_track2-random_168_303,0.736
mc2024_track2-random_168_304,0.736
mc2024_track2-random_168_400,0.739
mc2024_track2-random_168_401,0.743
mc2024_track2-random_168_402,0.739
mc2024_track2-random_168_403,0.742
mc2024_track2-random_168_404,0.75
mc2024_track2-random_168_500,0.738
mc2024_track2-random_168_501,0.739
mc2024_track2-random_168_502,0.737
mc2024_track2-random_168_503,0.744
mc2024_track2-random_168_504,0.749
mc2024_track2-random_172_100,26.034
mc2024_track2-random_172_101,25.91
mc2024_track2-random_172_102,25.935
mc2024_track2-random_172_103,25.946
mc2024_track2-random_172_104,26.116
mc2024_track2-random_172_200,26.118
mc2024_track2-random_172_201,26.064
mc2024_track2-random_172_202,26.014
mc2024_track2-random_172_203,26.188
mc2024_track2-random_172_204,26.022
mc2024_track2-random_172_300,26.794
mc2024_track2-random_172_301,26.638
mc2024_track2-random_172_302,27.122
mc2024_track2-random_172_303,26.823
mc2024_track2-random_172_304,26.679
mc2024_track2-random_172_400,26.64
mc2024_track2-random_172_401,26.67
mc2024_track2-random_172_402,26.618
mc2024_track2-random_172_403,26.715
mc2024_track2-random_172_404,26.605
mc2024_track2-random_172_500,26.485
mc2024_track2-random_172_501,26.624
mc2024_track2-random_172_502,26.593
mc2024_track2-random_172_503,26.672
mc2024_track2-random_172_504,26.693
mc2024_track2-random_174_100,32.596
mc2024_track2-random_174_101,32.358
mc2024_track2-random_174_102,32.308
mc2024_track2-random_174_103,32.214
mc2024_track2-random_174_104,32.156
mc2024_track2-random_174_200,32.106
mc2024_track2-random_174_201,32.098
mc2024_track2-random_174_202,32.116
mc2024_track2-random_174_203,31.78
mc2024_track2-random_174_204,32.061
mc2024_track2-random_174_300,32.602
mc2024_track2-random_174_301,33.184
mc2024_track2-random_174_302,32.931
mc2024_track2-random_174_303,32.765
mc2024_track2-random_174_304,32.987
mc2024_track2-random_174_400,34.356
mc2024_track2-random_174_401,34.349
mc2024_track2-random_174_402,34.156
mc2024_track2-random_174_403,33.961
mc2024_track2-random_174_404,34.24
mc2024_track2-random_174_500,34.559
mc2024_track2-random_174_501,33.558
mc2024_track2-random_174_502,34.562
mc2024_track2-random_174_503,33.608
mc2024_track2-random_174_504,33.564
mc2024_track2-random_179_100,0.011
mc2024_track2-random_179_101,0.01
mc2024_track2-random_179_102,0.01
mc2024_track2-random_179_103,0.01
mc2024_track2-random_179_104,0.01
mc2024_track2-random_179_200,0.01
mc2024_track2-random_179_201,0.01
mc2024_track2-random_179_202,0.011
mc2024_track2-random_179_203,0.01
mc2024_track2-random_179_204,0.01
mc2024_track2-random_179_300,0.01
mc2024_track2-random_179_301,0.01
mc2024_track2-random_179_302,0.01
mc2024_track2-random_179_303,0.01
mc2024_track2-random_179_304,0.01
mc2024_track2-random_179_400,0.01
mc2024_track2-random_179_401,0.01
mc2024_track2-random_179_402,0.01
mc2024_track2-random_179_403,0.011
mc2024_track2-random_179_404,0.01
mc2024_track2-random_179_500,0.01
mc2024_track2-random_179_501,0.01
mc2024_track2-random_179_502,0.01
mc2024_track2-random_179_503,0.01
mc2024_track2-random_179_504,0.01
mc2024_track2-random_180_100,0.489
mc2024_track2-random_180_101,0.486
mc2024_track2-random_180_102,0.484
mc2024_track2-random_180_103,0.485
mc2024_track2-random_180_104,0.489
mc2024_track2-random_180_200,0.494
mc2024_track2-random_180_201,0.486
mc2024_track2-random_180_202,0.497
mc2024_track2-random_180_203,0.492
mc2024_track2-random_180_204,0.487
mc2024_track2-random_180_300,0.499
mc2024_track2-random_180_301,0.503
mc2024_track2-random_180_302,0.504
mc2024_track2-random_180_303,0.494
mc2024_track2-random_180_304,0.514
mc2024_track2-random_180_400,0.504
mc2024_track2-random_180_401,0.5
mc2024_track2-random_180_402,0.502
mc2024_track2-random_180_403,0.5
mc2024_track2-random_180_404,0.5
mc2024_track2-random_180_500,0.504
mc2024_track2-random_180_501,0.499
mc2024_track2-random_180_502,0.509
mc2024_track2-random_180_503,0.505
mc2024_track2-random_180_504,0.501
mc2024_track2-random_181_100,1.211
mc2024_track2-random_181_101,1.208
mc2024_track2-random_181_102,1.237
mc2024_track2-random_181_103,1.231
mc2024_track2-random_181_104,1.243
mc2024_track2-random_181_200,1.228
mc2024_track2-random_181_201,1.228
mc2024_track2-random_181_202,1.27
mc2024_track2-random_181_203,1.219
mc2024_track2-random_181_204,1.25
mc2024_track2-random_181_300,1.243
mc2024_track2-random_181_301,1.257
mc2024_track2-random_181_302,1.254
mc2024_track2-random_181_303,1.241
mc2024_track2-random_181_304,1.242
mc2024_track2-random_181_400,1.246
mc2024_track2-random_181_401,1.325
mc2024_track2-random_181_402,1.252
mc2024_track2-random_181_403,1.265
mc2024_track2-random_181_404,1.254
mc2024_track2-random_181_500,1.247
mc2024_track2-random_181_501,1.232
mc2024_track2-random_181_502,1.266
mc2024_track2-random_181_503,1.243
mc2024_track2-random_181_504,1.239
mc2024_track2-random_182_100,22.115
mc2024_track2-random_182_101,21.969
mc2024_track2-random_182_102,22.438
mc2024_track2-random_182_103,22.773
mc2024_track2-random_182_104,22.292
mc2024_track2-random_182_200,22.125
mc2024_track2-random_182_201,22.81
mc2024_track2-random_182_202,23.0
mc2024_track2-random_182_203,22.19
mc2024_track2-random_182_204,22.162
mc2024_track2-random_182_300,22.704
mc2024_track2-random_182_301,22.583
mc2024_track2-random_182_302,22.561
mc2024_track2-random_182_303,23.232
mc2024_track2-random_182_304,22.843
mc2024_track2-random_182_400,22.769
mc2024_track2-random_182_401,22.81
mc2024_track2-random_182_402,22.699
mc2024_track2-random_182_403,22.758
mc2024_track2-random_182_404,22.657
mc2024_track2-random_182_500,22.803
mc2024_track2-random_182_501,22.75
mc2024_track2-random_182_502,22.701
mc2024_track2-random_182_503,22.725
mc2024_track2-random_182_504,23.621
mc2024_track2-random_183_100,2.067
mc2024_track2-random_183_101,2.029
mc2024_track2-random_183_102,2.032
mc2024_track2-random_183_103,2.0
mc2024_track2-random_183_104,2.06
mc2024_track2-random_183_200,2.044
mc2024_track2-random_183_201,1.987
mc2024_track2-random_183_202,1.962
mc2024_track2-random_183_203,1.982
mc2024_track2-random_183_204,1.971
mc2024_track2-random_183_300,2.007
mc2024_track2-random_183_301,2.074
mc2024_track2-random_183_302,2.022
mc2024_track2-random_183_303,2.095
mc2024_track2-random_183_304,2.011
mc2024_track2-random_183_400,2.008
mc2024_track2-random_183_401,2.008
mc2024_track2-random_183_402,2.004
mc2024_track2-random_183_403,2.039
mc2024_track2-random_183_404,2.04
mc2024_track2-random_183_500,1.994
mc2024_track2-random_183_501,1.995
mc2024_track2-random_183_502,2.015
mc2024_track2-random_183_503,2.011
mc2024_track2-random_183_504,2.001
mc2024_track2-random_184_100,0.567
mc2024_track2-random_184_101,0.568
mc2024_track2-random_184_102,0.572
mc2024_track2-random_184_103,0.566
mc2024_track2-random_184_104,0.568
mc2024_track2-random_184_200,0.578
mc2024_track2-random_184_201,0.571
mc2024_track2-random_184_202,0.567
mc2024_track2-random_184_203,0.57
mc2024_track2-random_184_204,0.567
mc2024_track2-random_184_300,0.58
mc2024_track2-random_184_301,0.59
mc2024_track2-random_184_302,0.58
mc2024_track2-random_184_303,0.582
mc2024_track2-random_184_304,0.588
mc2024_track2-random_184_400,0.582
mc2024_track2-random_184_401,0.582
mc2024_track2-random_184_402,0.579
mc2024_track2-random_184_403,0.6
mc2024_track2-random_184_404,0.581
mc2024_track2-random_184_500,0.58
mc2024_track2-random_184_501,0.592
mc2024_track2-random_184_502,0.584
mc2024_track2-random_184_503,0.578
mc2024_track2-random_184_504,0.586
mc2024_track2-random_185_100,8.125
mc2024_track2-random_185_101,8.074
mc2024_track2-random_185_102,8.094
mc2024_track2-random_185_103,8.132
mc2024_track2-random_185_104,8.019
mc2024_track2-random_185_200,8.012
mc2024_track2-random_185_201,7.991
mc2024_track2-random_185_202,8.028
mc2024_track2-random_185_203,8.002
mc2024_track2-random_185_204,7.999
mc2024_track2-random_185_300,8.237
mc2024_track2-random_185_301,8.271
mc2024_track2-random_185_302,8.234
mc2024_track2-random_185_303,8.252
mc2024_track2-random_185_304,8.609
mc2024_track2-random_185_400,8.32
mc2024_track2-random_185_401,8.227
mc2024_track2-random_185_402,8.348
mc2024_track2-random_185_403,8.238
mc2024_track2-random_185_404,8.247
mc2024_track2-random_185_500,8.326
mc2024_track2-random_185_501,8.367
mc2024_track2-random_185_502,8.335
mc2024_track2-random_185_503,8.437
mc2024_track2-random_185_504,8.291
mc2024_track2-random_186_100,0.145
mc2024_track2-random_186_101,0.146
mc2024_track2-random_186_102,0.146
mc2024_track2-random_186_103,0.145
mc2024_track2-random_186_104,0.15
mc2024_track2-random_186_200,0.158
mc2024_track2-random_186_201,0.153
mc2024_track2-random_186_202,0.17
mc2024_track2-random_186_203,0.153
mc2024_track2-random_186_204,0.154
mc2024_track2-random_186_300,0.159
mc2024_track2-random_186_301,0.157
mc2024_track2-random_186_302,0.161
mc2024_track2-random_186_303,0.161
mc2024_track2-random_186_304,0.162
mc2024_track2-random_186_400,0.157
mc2024_track2-random_186_401,0.16
mc2024_track2-random_186_402,0.159
mc2024_track2-random_186_403,0.157
mc2024_track2-random_186_404,0.158
mc2024_track2-random_186_500,0.154
mc2024_track2-random_186_501,0.156
mc2024_track2-random_186_502,0.16
mc2024_track2-random_186_503,0.156
mc2024_track2-random_186_504,0.155
mc2024_track2-random_187_100,1.157
mc2024_track2-random_187_101,1.149
mc2024_track2-random_187_102,1.157
mc2024_track2-random_187_103,1.154
mc2024_track2-random_187_104,1.15
mc2024_track2-random_187_200,1.2
mc2024_track2-random_187_201,1.192
mc2024_track2-random_187_202,1.188
mc2024_track2-random_187_203,1.193
mc2024_track2-random_187_204,1.193
mc2024_track2-random_187_300,1.19
mc2024_track2-random_187_301,1.252
mc2024_track2-random_187_302,1.19
mc2024_track2-random_187_303,1.271
mc2024_track2-random_187_304,1.266
mc2024_track2-random_187_400,1.281
mc2024_track2-random_187_401,1.29
mc2024_track2-random_187_402,1.197
mc2024_track2-random_187_403,1.181
mc2024_track2-random_187_404,1.18
mc2024_track2-random_187_500,1.179
mc2024_track2-random_187_501,1.179
mc2024_track2-random_187_502,1.18
mc2024_track2-random_187_503,1.183
mc2024_track2-random_187_504,1.178
mc2024_track2-random_188_100,1.042
mc2024_track2-random_188_101,1.043
mc2024_track2-random_188_102,1.04
mc2024_track2-random_188_103,1.04
mc2024_track2-random_188_104,1.051
mc2024_track2-random_188_200,1.059
mc2024_track2-random_188_201,1.065
mc2024_track2-random_188_202,1.07
mc2024_track2-random_188_203,1.071
mc2024_track2-random_188_204,1.073
mc2024_track2-random_188_300,1.094
mc2024_track2-random_188_301,1.102
mc2024_track2-random_188_302,1.077
mc2024_track2-random_188_303,1.078
mc2024_track2-random_188_304,1.083
mc2024_track2-random_188_400,1.135
mc2024_track2-random_188_401,1.067
mc2024_track2-random_188_402,1.071
mc2024_track2-random_188_403,1.075
mc2024_track2-random_188_404,1.069
mc2024_track2-random_188_500,1.071
mc2024_track2-random_188_501,1.081
mc2024_track2-random_188_502,1.075
mc2024_track2-random_188_503,1.08
mc2024_track2-random_188_504,1.074
mc2024_track2-random_189_100,0.008
mc2024_track2-random_189_101,0.008
mc2024_track2-random_189_102,0.008
mc2024_track2-random_189_103,0.008
mc2024_track2-random_189_104,0.008
mc2024_track2-random_189_200,0.009
mc2024_track2-random_189_201,0.01
mc2024_track2-random_189_202,0.01
mc2024_track2-random_189_203,0.009
mc2024_track2-random_189_204,0.009
mc2024_track2-random_189_300,0.009
mc2024_track2-random_189_301,0.009
mc2024_track2-random_189_302,0.01
mc2024_track2-random_189_303,0.009
mc2024_track2-random_189_304,0.009
mc2024_track2-random_189_400,0.01
mc2024_track2-random_189_401,0.01
mc2024_track2-random_189_402,0.01
mc2024_track2-random_189_403,0.009
mc2024_track2-random_189_404,0.009
mc2024_track2-random_189_500,0.01
mc2024_track2-random_189_501,0.009
mc2024_track2-random_189_502,0.01
mc2024_track2-random_189_503,0.009
mc2024_track2-random_189_504,0.01
mc2024_track2-random_190_100,0.135
mc2024_track2-random_190_101,0.134
mc2024_track2-random_190_102,0.132
mc2024_track2-random_190_103,0.135
mc2024_track2-random_190_104,0.135
mc2024_track2-random_190_200,0.136
mc2024_track2-random_190_201,0.137
mc2024_track2-random_190_202,0.134
mc2024_track2-random_190_203,0.136
mc2024_track2-random_190_204,0.132
mc2024_track2-random_190_300,0.132
mc2024_track2-random_190_301,0.132
mc2024_track2-random_190_302,0.132
mc2024_track2-random_190_303,0.131
mc2024_track2-random_190_304,0.137
mc2024_track2-random_190_400,0.136
mc2024_track2-random_190_401,0.135
mc2024_track2-random_190_402,0.137
mc2024_track2-random_190_403,0.134
mc2024_track2-random_190_404,0.136
mc2024_track2-random_190_500,0.137
mc2024_track2-random_190_501,0.136
mc2024_track2-random_190_502,0.135
mc2024_track2-random_190_503,0.139
mc2024_track2-random_190_504,0.137
mc2024_track2-random_191_100,2.378
mc2024_track2-random_191_101,2.308
mc2024_track2-random_191_102,2.293
mc2024_track2-random_191_103,2.294
mc2024_track2-random_191_104,2.313
mc2024_track2-random_191_200,2.367
mc2024_track2-random_191_201,2.371
mc2024_track2-random_191_202,2.366
mc2024_track2-random_191_203,2.405
mc2024_track2-random_191_204,2.379
mc2024_track2-random_191_300,2.419
mc2024_track2-random_191_301,2.354
mc2024_track2-random_191_302,2.472
mc2024_track2-random_191_303,2.409
mc2024_track2-random_191_304,2.382
mc2024_track2-random_191_400,2.385
mc2024_track2-random_191_401,2.36
mc2024_track2-random_191_402,2.378
mc2024_track2-random_191_403,2.375
mc2024_track2-random_191_404,2.394
mc2024_track2-random_191_500,2.339
mc2024_track2-random_191_501,2.337
mc2024_track2-random_191_502,2.347
mc2024_track2-random_191_503,2.362
mc2024_track2-random_191_504,2.379
mc2024_track2-random_192_100,1.239
mc2024_track2-random_192_101,1.259
mc2024_track2-random_192_102,1.25
mc2024_track2-random_192_103,1.26
mc2024_track2-random_192_104,1.26
mc2024_track2-random_192_200,1.275
mc2024_track2-random_192_201,1.282
mc2024_track2-random_192_202,1.294
mc2024_track2-random_192_203,1.283
mc2024_track2-random_192_204,1.302
mc2024_track2-random_192_300,1.288
mc2024_track2-random_192_301,1.294
mc2024_track2-random_192_302,1.284
mc2024_track2-random_192_303,1.294
mc2024_track2-random_192_304,1.331
mc2024_track2-random_192_400,1.292
mc2024_track2-random_192_401,1.286
mc2024_track2-random_192_402,1.286
mc2024_track2-random_192_403,1.284
mc2024_track2-random_192_404,1.296
mc2024_track2-random_192_500,1.293
mc2024_track2-random_192_501,1.289
mc2024_track2-random_192_502,1.294
mc2024_track2-random_192_503,1.291
mc2024_track2-random_192_504,1.296
mc2024_track2-random_193_100,0.07
mc2024_track2-random_193_101,0.073
mc2024_track2-random_193_102,0.072
mc2024_track2-random_193_103,0.075
mc2024_track2-random_193_104,0.071
mc2024_track2-random_193_200,0.073
mc2024_track2-random_193_201,0.074
mc2024_track2-random_193_202,0.073
mc2024_track2-random_193_203,0.073
mc2024_track2-random_193_204,0.078
mc2024_track2-random_193_300,0.08
mc2024_track2-random_193_301,0.079
mc2024_track2-random_193_302,0.078
mc2024_track2-random_193_303,0.074
mc2024_track2-random_193_304,0.075
mc2024_track2-random_193_400,0.074
mc2024_track2-random_193_401,0.075
mc2024_track2-random_193_402,0.075
mc2024_track2-random_193_403,0.075
mc2024_track2-random_193_404,0.078
mc2024_track2-random_193_500,0.074
mc2024_track2-random_193_501,0.077
mc2024_track2-random_193_502,0.074
mc2024_track2-random_193_503,0.073
mc2024_track2-random_193_504,0.074
mc2024_track2-random_194_100,1.112
mc2024_track2-random_194_101,1.086
mc2024_track2-random_194_102,1.059
mc2024_track2-random_194_103,1.054
mc2024_track2-random_194_104,1.056
mc2024_track2-random_194_200,1.089
mc2024_track2-random_194_201,1.076
mc2024_track2-random_194_202,1.087
mc2024_track2-random_194_203,1.078
mc2024_track2-random_194_204,1.08
mc2024_track2-random_194_300,1.085
mc2024_track2-random_194_301,1.084
mc2024_track2-random_194_302,1.086
mc2024_track2-random_194_303,1.086
mc2024_track2-random_194_304,1.082
mc2024_track2-random_194_400,1.087
mc2024_track2-random_194_401,1.085
mc2024_track2-random_194_402,1.081
mc2024_track2-random_194_403,1.093
mc2024_track2-random_194_404,1.087
mc2024_track2-random_194_500,1.094
mc2024_track2-random_194_501,1.083
mc2024_track2-random_194_502,1.082
mc2024_track2-random_194_503,1.08
mc2024_track2-random_194_504,1.092
mc2024_track2-random_195_100,0.0
mc2024_track2-random_195_101,0.0
mc2024_track2-random_195_102,0.0
mc2024_track2-random_195_103,0.0
mc2024_track2-random_195_104,0.0
mc2024_track2-random_195_200,0.001
mc2024_track2-random_195_201,0.001
mc2024_track2-random_195_202,0.001
mc2024_track2-random_195_203,0.001
mc2024_track2-random_195_204,0.001
mc2024_track2-random_195_300,0.001
mc2024_track2-random_195_301,0.001
mc2024_track2-random_195_302,0.001
mc2024_track2-random_195_303,0.001
mc2024_track2-random_195_304,0.001
mc2024_track2-random_195_400,0.001
mc2024_track2-random_195_401,0.001
mc2024_track2-random_195_402,0.001
mc2024_track2-random_195_403,0.001
mc2024_track2-random_195_404,0.001
mc2024_track2-random_195_500,0.001
mc2024_track2-random_195_501,0.001
mc2024_track2-random_195_502,0.001
mc2024_track2-random_195_503,0.001
mc2024_track2-random_195_504,0.001
